Hindi,English,Mundari,Mundari_English_Pronounciation
यह गाय है।,this is a cow.,नेआ गाय मेना:।,neaa gaaya menaa:।
यह बैल है।,This is a bull.,नेआ बैल मेना:।,neaa baila menaa:।
यह बछड़ा है।,This is a calf.,नेआ बछड़ा मेना:।,neaa bachhadaaa menaa:।
यह भैंस है।,This is a buffalo.,नेआ भैंस मेना:।,neaa bhainsa menaa:।
यह भैंस है।,This is a buffalo.,नेआ भैंस मेना:।,neaa bhainsa menaa:।
यह बछड़ा है।,This is a calf.,नेआ बछड़ा मेना:।,neaa bachhadaaa menaa:।
यह बकरी है।,This is a goat.,नेआ बकरी मेना:।,neaa bakarii menaa:।
यह सुअर है।,This is a pig.,नेआ सुअर मेना:।,neaa suara menaa:।
यह भेड़ है।,This is a sheep.,नेआ जागार मेना:।,neaa jaagaara menaa:।
यह हाथी है।,This is an elephant.,नेआ हाथी मेना:।,neaa haathii menaa:।
यह घोड़ा है।,This is a horse.,नेआ घोड़ा मेना:।,neaa ghodaaa menaa:।
यह ऊँट है।,This is a camel.,नेआ ऊंट मेना:।,neaa uunta menaa:।
यह गधा है।,This is a donkey.,नेआ गधा मेना:।,neaa gadhaa menaa:।
यह कुत्ता है।,This is a dog.,नेआ कुत्ता मेना:।,neaa kuttaa menaa:।
यह बिल्ली है।,This is a cat.,नेआ बिल्ली मेना:।,neaa billii menaa:।
यह शेर है।,This is a lion.,नेआ शेर मेना:।,neaa shera menaa:।
यह बाघ है।,This is a tiger.,नेआ बाघ मेना:।,neaa baagha menaa:।
यह तेंदुआ है।,This is a leopard.,नेआ तेंदुआ मेना:।,neaa tenduaa menaa:।
यह लोमड़ी है।,This is a fox.,नेआ लोमड़ी मेना:।,neaa lomadaii menaa:।
यह भेड़िया है।,This is a wolf.,नेआ भड़िया मेना:।,neaa bhadaiyaa menaa:।
यह लकड़बग्घा है।,This is a hyena.,नेआ लकड़बग्घा मेना:।,neaa lakadaabagghaa menaa:।
यह भालू है।,This is a bear.,नेआ भालू मेना:।,neaa bhaaluu menaa:।
यह बंदर है।,This is a monkey.,नेआ बंदर मेना:।,neaa bandara menaa:।
यह लंगूर है।,This is a monkey.,नेआ लंगूर मेना:।,neaa languura menaa:।
यह हिरण है |,This is a deer.,ने हिरण मेना:,ne hirana menaa:
यह नील गाय है।,This is a blue bull.,नेआ नील गाय मेना:।,neaa niila gaaya menaa:।
यह बारहसिंगा है।,This is a reindeer.,नेआ बारहसिंगा मेना:।,neaa baarahasingaa menaa:।
यह खरगोश है।,This is a rabbit.,नेआ खरगोश मेना:।,neaa kharagosha menaa:।
यह साही है।,This is a porcupine.,नेआ साही मेना:।,neaa saahii menaa:।
यह नेवला है।,This is a mongoose.,नेआ नेवला मेना:।,neaa newalaa menaa:।
यह मुर्गी है।,This is a hen.,नेआ मुर्गी मेना:।,neaa murgii menaa:।
यह बत्तख है।,This is a duck.,नेआ बत्तख मेना:।,neaa battakha menaa:।
यह कबूतर है।,This is a pigeon.,नेआ कबूतर मेना:।,neaa kabuutara menaa:।
यह मोर है।,This is a peacock.,नेआ मोर मेना:।,neaa mora menaa:।
यह तोता है।,This is a parrot.,नेया दोबाओःआ।,neyaa dobaaohaa।
यह कोयल है।,This is a cuckoo.,नेआ कोयल मेना:।,neaa koyala menaa:।
यह तीतर है।,This is a pheasant.,नेआ तीतर मेना:।,neaa tiitara menaa:।
यह बटेर है।,This is a quail.,नेआ बटेर मेना:।,neaa batera menaa:।
यह गौरैया है।,This is a sparrow.,नेआ गौरैया मेना:।,neaa gauraiyaa menaa:।
यह बगुला है।,This is a heron.,नेआ बगुला मेना:।,neaa bagulaa menaa:।
यह गिद्ध है।,This is a vulture.,नेआ गिद्ध मेना:।,neaa giddha menaa:।
यह चील है।,This is an eagle.,नेआ चील मेना:।,neaa chiila menaa:।
यह पड़की है।,This is my neighbour.,नेआ पड़ाव तना।,neaa padaaawa tanaa।
यह कौआ है।,This is a crow.,नेआ कौआ मेना:।,neaa kauaa menaa:।
यह हंस है।,This is a swan.,नेआ हंस मेना:।,neaa hansa menaa:।
यह आलू है।,This is potato.,नेआ आलू मेना:।,neaa aaluu menaa:।
यह टमाटर है।,This is a tomato.,नेआ टमाटर मेना:।,neaa tamaatara menaa:।
यह बैंगन है।,This is brinjal.,नेआ बैंगन मेना:।,neaa baingana menaa:।
यह भिंडी है।,This is ladyfinger.,नेआ भिंडी मेना:।,neaa bhindii menaa:।
यह मिर्च है।,it's chilly.,नेआ मिर्च मेना:।,neaa mircha menaa:।
यह करेला है।,This is bitter gourd.,नेआ करेला मेना:।,neaa karelaa menaa:।
यह बंदगोभी है।,This is cabbage.,नेआ बंदगोभी मेना:।,neaa bandagobhii menaa:।
यह फूलगोभी है।,This is cauliflower.,नेआ फूलगोभी मेना:।,neaa phuulagobhii menaa:।
यह कद्दू है।,This is a pumpkin.,नेआ कद्दू मेना:।,neaa kadduu menaa:।
यह प्याज है।,This is onion.,नेआ प्याज मेना:।,neaa pyaaja menaa:।
यह लहसुन है।,This is garlic.,नेआ लहसुन मेना:।,neaa lahasuna menaa:।
यह बोदी है।,This is Bodi.,नेआ बोदी मेना:।,neaa bodii menaa:।
यह तुरई है।,This is ridge gourd.,नेआ तुरई मेना:।,neaa turaii menaa:।
यह लौकी है।,This is gourd.,नेआ लौकी मेना:।,neaa laukii menaa:।
यह मूली है।,This is radish.,नेआ मूली मेना:।,neaa muulii menaa:।
यह आम है।,it's common.,नेआ आम मेना:।,neaa aama menaa:।
यह सेब है।,This is an apple.,नेआ सेब मेना:।,neaa seba menaa:।
यह केला है।,This is a banana.,नेआ केला मेना:।,neaa kelaa menaa:।
यह केंद है।,This is the center.,नेआ केंद मेना:।,neaa kenda menaa:।
यह शरीफा है।,This is Sharifa.,नेआ शरीफा मेना:।,neaa shariiphaa menaa:।
यह अमरूद है।,This is guava.,नेआ अमरूद मेना:।,neaa amaruuda menaa:।
यह जामुन है।,This is jamun.,नेआ जामुन मेना:।,neaa jaamuna menaa:।
यह अनार है।,This is pomegranate.,नेआ अनार मेना:।,neaa anaara menaa:।
यह कटहल है।,This is jackfruit.,नेआ कटहल मेना:।,neaa katahala menaa:।
यह संतरा है।,This is orange.,नेआ संतरा मेना:।,neaa santaraa menaa:।
यह नाशपाती है।,This is a pear.,नेआ नाशपाती मेना:।,neaa naashapaatii menaa:।
यह ताड़ है।,This is a palm.,नेआ ताड़ मेना:।,neaa taadaa menaa:।
यह इमली है।,This is tamarind.,नेआ इमली मेना:।,neaa imalii menaa:।
यह भेलवा है।,This is Bhelwa.,नेआ बुगिन मेनाः।,neaa bugina menaah।
यह बेर है।,This is a plum.,नेआ बेर मेना:।,neaa bera menaa:।
यह गुलाब है।,This is a rose.,नेआ गुलाब मेना:।,neaa gulaaba menaa:।
यह गुड़हल है।,This is hibiscus.,नेआ गुड़हल मेना:।,neaa gudaahala menaa:।
यह गेंडा है।,This is a unicorn.,नेआ गेंडा मेना:।,neaa gendaa menaa:।
यह पलास है।,This is Palas.,नेआ पलास मेना:।,neaa palaasa menaa:।
यह कमल है।,This is a lotus.,नेआ कमल मेना:।,neaa kamala menaa:।
यह सूर्यमुखी है।,This is a sunflower.,नेआ सूर्यमुखी मेना:।,neaa suuryamukhii menaa:।
यह सखुआ का फूल है।,This is Sakhua flower.,नेआ सखुआरा: फूल मेना:।,neaa sakhuaaraa: phuula menaa:।
यह चमेली है।,This is jasmine.,नेआ चमेली मेना:।,neaa chamelii menaa:।
यह गुलैंची है।,This is Gulanchi.,नेआ गुलैंची मेना:।,neaa gulainchii menaa:।
यह चम्पा है।,This is Champa.,नेआ चम्पा मेना:।,neaa champaa menaa:।
यह गुलमोहर है।,This is Gulmohar.,नेआ गुलमोहर मेना:।,neaa gulamohara menaa:।
यह कनेर है।,This is Kaner.,नेआ कनेर मेना:।,neaa kanera menaa:।
यह मछली है।,This is a fish.,नेआ मछली मेना:।,neaa machhalii menaa:।
यह मेढक है।,This is a frog.,नेआ मेढक मेना:।,neaa medhaka menaa:।
यह मगरमच्छ है।,This is a crocodile.,नेआ मगरमच्छ मेना:।,neaa magaramachchha menaa:।
यह सांप है।,This is a snake.,नेआ सांप मेना:।,neaa saanpa menaa:।
यह कछुआ है।,This is a tortoise.,नेआ कछुआ मेना:।,neaa kachhuaa menaa:।
यह केकड़ा है।,This is a crab.,नेआ केकड़ा मेना:।,neaa kekadaaa menaa:।
यह घोंघा है।,This is a snail.,नेआ घोंघा मेना:।,neaa ghonghaa menaa:।
यह शंबुक है।,This is a mussel.,नेआ शंबुक मेना:।,neaa shanbuka menaa:।
यह झींगा है।,This is shrimp.,नेआ झींगा मेना:।,neaa jhiingaa menaa:।
यह दरियाई घोड़ा है।,This is a hippopotamus.,नेआ दरियाई घोड़ा मेना:।,neaa dariyaaii ghodaaa menaa:।
यह सर्प मछली है।,This is a snake fish.,नेआ सर्प मछली मेना:।,neaa sarpa machhalii menaa:।
यह व्हेल है।,This is a whale.,नेआ व्हेल मेना:।,neaa whela menaa:।
यह रेशम कीट है।,This is a silkworm.,नेआ रेशम कीट मेना:।,neaa reshama kiita menaa:।
यह कनखजूरा है।,This is a centipede.,नेआ कनखजूरा मेना:।,neaa kanakhajuuraa menaa:।
यह केंचुआ है।,This is an earthworm.,नेआ केंचुआ मेना:।,neaa kenchuaa menaa:।
यह गोजर है।,This is a millipede.,नेआ गोजर मेना:।,neaa gojara menaa:।
यह भृंग है।,This is a beetle.,नेआ भृंग मेना:।,neaa bhringa menaa:।
यह व्याध पतंग है।,This is a dragonfly.,नेआ व्याध पतंग मेना:।,neaa wyaadha patanga menaa:।
यह तितली है।,This is a butterfly.,नेआ तितली मेना:।,neaa titalii menaa:।
यह टिड्डा है।,This is a grasshopper.,ने टिड्डा मेना:।,ne tiddaa menaa:।
यह मच्छर है।,This is a mosquito.,नेआ मच्छर मेना:।,neaa machchhara menaa:।
यह मकड़ी है।,This is a spider.,नेआ मकड़ी मेना:।,neaa makadaii menaa:।
यह चींटी है।,This is an ant.,नेआ चींटी मेना:।,neaa chiintii menaa:।
यह दीमक है।,This is termite.,नेआ दीमक मेना:।,neaa diimaka menaa:।
यह घर है।,this is home.,नेआ ओड़ा: मेना:।,neaa odaaa: menaa:।
यह मकान है।,This is a house.,नेआ मकान मेना:।,neaa makaana menaa:।
यह झोपड़ी है।,This is a hut.,नेआ झोपड़ी मेना:।,neaa jhopadaii menaa:।
यह गोहाल है।,This is a cowshed.,नेआ गोहाल मेना:।,neaa gohaala menaa:।
यह बाड़ा है।,This is a fence.,नेआ बाड़ा मेना:।,neaa baadaaa menaa:।
यह सूअर का बाड़ा है।,This is a pig pen.,नेआ सूअर रा: बाड़ा मेना:।,neaa suuara raa: baadaaa menaa:।
यह छेद है।,This is the hole.,नेआ छेद मेना:।,neaa chheda menaa:।
यह जंगल है।,This is a forest.,नेआ जंगल मेना:।,neaa jangala menaa:।
यह पेड़ है।,This is a tree.,नेआ पेड़ मेना:।,neaa pedaa menaa:।
यह मछली है।,This is a fish.,नेआ मछली मेना:।,neaa machhalii menaa:।
यह जंगली बैल है।,This is a wild bull.,नेआ जंगली बैल मेना:।,neaa jangalii baila menaa:।
यह ऊँट है।,This is a camel.,नेआ ऊंट मेना:।,neaa uunta menaa:।
यह बैलगाड़ी है।,This is a bullock cart.,नेआ बैलगाड़ी मेना:।,neaa bailagaadaii menaa:।
यह घोड़ागाड़ी है।,This is a horse carriage.,नेआ घोड़ागाड़ी मेना:।,neaa ghodaaagaadaii menaa:।
यह नाव है।,This is a boat.,नेआ नाव मेना:।,neaa naawa menaa:।
यह साइकिल है।,This is a bicycle.,नेआ साइकिल मेना:।,neaa saaikila menaa:।
यह मोटरसाइकिल है।,This is a motorcycle.,ने मोटरसाइकिल मेना:।,ne motarasaaikila menaa:।
यह बस है।,it just is.,नेआ बस मेना:।,neaa basa menaa:।
यह रेलगाड़ी है।,This is a train.,नेआ रेलगाड़ी मेना:।,neaa relagaadaii menaa:।
यह हवाई जहाज है।,It is an airplane.,नेआ हवाई जहाज मेना:।,neaa hawaaii jahaaja menaa:।
यह पानी जहाज है।,This is a water ship.,नेआ पानी जहाज मेना:।,neaa paanii jahaaja menaa:।
यह ट्रैक्टर है।,This is a tractor.,नेआ ट्रैक्टर मेना:।,neaa traiktara menaa:।
यह ट्रक है।,This is a truck.,नेआ ट्रक मेना:।,neaa traka menaa:।
यह टेम्पू है।,This is a tempo.,ने टेम्पू मेना:।,ne tempuu menaa:।
यह माँ है।,This is mother.,नेआ माजा मेनाः।,neaa maajaa menaah।
यह पिता है।,This is father.,नेआ पिता मेना:।,neaa pitaa menaa:।
यह दादा है।,This is grandfather.,नेआ दादा मेना:।,neaa daadaa menaa:।
यह दादी है।,This is grandma.,नेआ दादी मेना:।,neaa daadii menaa:।
यह भाई है।,This is brother.,नेआ भाई मेना:।,neaa bhaaii menaa:।
यह बहन है।,This is my sister.,नेआ बहन मेना:।,neaa bahana menaa:।
यह नाना है।,This is Nana.,नेआ नाना मेनाः।,neaa naanaa menaah।
यह नानी है।,This is granny.,नेआ नानी मेना:।,neaa naanii menaa:।
यह सिर है।,This is the head.,नेआ सिर मेना:।,neaa sira menaa:।
यह कान है।,This is the ear.,नेआ कान मेना:।,neaa kaana menaa:।
यह दाँत है।,This is a tooth.,नेआ दाँत मेना:।,neaa daanta menaa:।
यह गर्दन है।,This is the neck.,नेआ सिरमा मेना:।,neaa siramaa menaa:।
यह छाती है।,This is the chest.,नेआ छाती मेना:।,neaa chhaatii menaa:।
यह बांह है।,This is the arm.,नेआ बांह मेना:।,neaa baanha menaa:।
यह पैर की उंगली है।,This is the toe.,नेआ पैर रा: उंगली मेना:।,neaa paira raa: ungalii menaa:।
यह नाक है।,This is the nose.,नेआ नाक मेना:।,neaa naaka menaa:।
यह आँख है।,This is the eye.,नेआ आँख मेना:।,neaa aankha menaa:।
यह होंठ है।,This is the lips.,ने होंठ मेना:।,ne hontha menaa:।
यह कंधा है।,This is the shoulder.,नेआ कंधा मेना:।,neaa kandhaa menaa:।
यह कोहनी है।,This is the elbow.,नेआ कोहनी मेना:।,neaa kohanii menaa:।
यह हाथ है।,This is the hand.,नेआ हाथ मेना:।,neaa haatha menaa:।
यह पैर है।,This is the leg.,नेआ पैर मेना:।,neaa paira menaa:।
यह उंगली है।,This is the finger.,नेआ उंगली मेना:।,neaa ungalii menaa:।
यह पैर है।,This is the leg.,नेआ पैर मेना:।,neaa paira menaa:।
यह लाल है।,it is red.,नेआ लाल मेना:।,neaa laala menaa:।
यह नीला है।,it is blue.,नेआ नीला मेना:।,neaa niilaa menaa:।
यह पीला है।,it is yellow.,नेआ पीला मेना:।,neaa piilaa menaa:।
यह काला है।,It is black.,नेआ काला मेना:।,neaa kaalaa menaa:।
यह हरा है।,it's green.,नेआ हरा मेना:।,neaa haraa menaa:।
यह सफेद है।,It is white.,नेआ सफेद मेना:।,neaa sapheda menaa:।
आप क्या कर रहे हो?,What are you doing?,आम चानाः रिका दाड़िआ?,aama chaanaah rikaa daadaiaa?
मई घर जा रहा हु।,i am going home.,मई ओड़ो: सेनो:जाना।,maii odao: seno:jaanaa।
आप कहां जा रहे हैं?,Where are you going?,आम काजिओःताना?,aama kaajiohtaanaa?
मैं स्कूल जा रहा हूँ।,I am going to school.,आञ स्कूल तनाञ।,aanya skuula tanaanya।
क्या तुम मेरे साथ आ रहे हो?,Are you coming with me?,चिनअः आञ अइंग ते हिजुःजाना?,chinaah aanya ainga te hijuhjaanaa?
मेरा इंतजार करना।,Wait for me.,आञाः इंतजार रिकाञा।,aanyaah intajaara rikaanyaa।
मेरा जल्दी आना होगा।,I will come soon.,आञाः जल्दी हिजुःजाना।,aanyaah jaldii hijuhjaanaa।
एक पल के लिए यहाँ आओ.,Come here for a moment.,मिआद पल नातिन नेता: हिजु:।,miaada pala naatina netaa: hiju:।
कृपया बाहर प्रतीक्षा करें.,Please wait outside.,मेनदो बाहर प्रतीक्षा रिकाएआ।,menado baahara pratiikshaa rikaaeaa।
मुझे अब आना है।,I am coming now.,आञ ना: हिजु: तना।,aanya naa: hiju: tanaa।
आप कहाँ रहते हैं?,where do you live?,आम चानाः रे ताइना?,aama chaanaah re taainaa?
मैं स्कूल के पास रहता हूँ.,I live near the school.,आञ स्कूल रे ताइनाञ।,aanya skuula re taainaanya।
वो व्यक्ति कौन है?,who is that person?,इनिः होड़ोको चिलका मेनाः?,inih hodaoko chilakaa menaah?
यह मेरा दोस्त है।,This is my friend.,नेआ आञाः दोस्त मेना:।,neaa aanyaah dosta menaa:।
आपके पिता का नाम क्या है?,What is your father's name?,आमाः पिता राः नुतुम चानाः?,aamaah pitaa raah nutuma chaanaah?
आपकी माँ का नाम क्या है?,What is your mother's name?,आमाःअः नुतुम चानाः चिलका मेनाः?,aamaahah nutuma chaanaah chilakaa menaah?
आपकी आयु कितनी है?,how old are you?,आमाः आयु चिलका मेनाः?,aamaah aayu chilakaa menaah?
मैं पंद्रह साल का हूँ।,I am fifteen years old.,अइंग पंद्रह साल रेअः तइना।,ainga pandraha saala reah tainaa।
आपका घर कहां है?,Where is your home?,आमाः ओड़ाः चिलका मेनाः?,aamaah odaaah chilakaa menaah?
मेरा घर पास में ही है.,My house is nearby.,आञाः ओड़ाः रेगे मेना:।,aanyaah odaaah rege menaa:।
क्या आप व्यस्त हैं?,are you busy?,चिलका आम व्यस्त मेना:?,chilakaa aama wyasta menaa:?
अब मैं आजाद हूं।,Now I am free.,ना: आञ आजाद तइना।,naa: aanya aajaada tainaa।
मुझे एक मिनट दें।,Give me a minute.,आञ मिआद मिनट ओमकेदाञ।,aanya miaada minata omakedaanya।
बाद में वापस आना।,come back later.,तायोम रे ओड़ो: हिजु: जना।,taayoma re odao: hiju: janaa।
मैं बाद में फोन करूंगा।,I will call later.,आञ तायोम रे फोन रिकाञा।,aanya taayoma re phona rikaanyaa।
कृपया मुझे आज रात कॉल करें.,Please call me tonight.,मेनदो आञ तिसिङ रे कॉल केदाञ।,menado aanya tisinga re kaॉla kedaanya।
क्या तुमने खाया?,Did you eat?,चिमतुङ आञ काजिआञ?,chimatunga aanya kaajiaanya?
मैंने पहले ही खा लिया है।,I have already eaten.,अइंग सिदागे ओम रिकाकेदा।,ainga sidaage oma rikaakedaa।
मुझे भूख लगी है.,I am hungry.,अइंग बुगिन तइकेना।,ainga bugina taikenaa।
मुझे प्यास लगी है।,I am thirsty.,आञ प्यास लागातिङा।,aanya pyaasa laagaatingaa।
मैं कुछ पानी की जरूरत है।,I need some water.,आञ कुछ पानीरा: जरूड़ी मेना:।,aanya kuchha paaniiraa: jaruudaii menaa:।
कृपया मुझे पानी दीजिए.,Please give me water.,ओड़ोः अइंगअः आञ पानी केदाञ।,odaoh aingaah aanya paanii kedaanya।
पानी ठंडा है.,the water is cold.,पानी ठंडा मेना:,paanii thandaa menaa:
खाना गरम है.,The food is hot.,खाना गरम मेना:।,khaanaa garama menaa:।
यह खाना स्वादिष्ट है.,this food is delicious.,नेआ खाना स्वादिष्ट मेना:।,neaa khaanaa swaadishta menaa:।
मुझे यह खाना पसंद है.,I like this food.,आञ नेआ खाना पसंद मेनाञ।,aanya neaa khaanaa pasanda menaanya।
मुझे मसालेदार खाना पसंद नहीं है.,I don't like spicy food.,आञ मसालेदार खाना पसंद का ताइकेना।,aanya masaaledaara khaanaa pasanda kaa taaikenaa।
आज हम क्या खा रहे हैं?,What are we eating today?,तिसिङ आले चानाः काजिआ?,tisinga aale chaanaah kaajiaa?
रात के भोजन तैयार है।,dinner is ready.,रातरा: भोजन तैयार मेना:।,raataraa: bhojana taiyaara menaa:।
नाश्ता तैयार है.,Breakfast is ready.,नाश्ता तैयार मेना:।,naashtaa taiyaara menaa:।
आने और खाओ।,come and eat.,आपान ओड़ो: खाओआ।,aapaana odao: khaaoaa।
कुछ खाना ले लो.,Take some food.,कुछ खाना लेलकेदा।,kuchha khaanaa lelakedaa।
अब मेरा पेट भर गया है.,Now I am full.,ना: आञाः पेट भरव जना।,naa: aanyaah peta bharawa janaa।
मेरे लिए कुछ खाना बचाकर रखो.,Save some food for me.,अइंगअः नातिन कुड़ि बाइओःआ।,aingaah naatina kudai baaiohaa।
रसोई कहाँ है?,Where is the kitchen?,रसोई चिलका मेनाः?,rasoii chilakaa menaah?
दरवाज़ा खुला है.,The door is open.,दरवाजा खुला मेनाः।,darawaajaa khulaa menaah।
कृपया दरवाज़ा बंद कर दीजिये.,Please close the door.,मेनदो दरवाजा बंद केदाएः।,menado darawaajaa banda kedaaeh।
खिड़की खोलो।,open the window.,खिड़की खोलो।,khidaakii kholo।
कमरा साफ़ है.,The room is clean.,कमरा साफ़ मेना:।,kamaraa saaphaa menaa:।
फर्श गीला है।,the floor is wet.,फर्श गीला मेना:।,pharsha giilaa menaa:।
मेरा बैग लाओ.,Bring my bag.,आञाः बैग लाञा।,aanyaah baiga laanyaa।
मेरा बैग कहाँ है?,where is my bag?,आञाः बैग चिलका मेनाः?,aanyaah baiga chilakaa menaah?
मुझे अपना बैग नहीं मिल रहा है.,I can't find my bag.,आञ आपान बैग का नामजानाञ।,aanya aapaana baiga kaa naamajaanaanya।
मेरा फ़ोन यहाँ है.,My phone is here.,आञाः फ़ोन नेता: मेना:।,aanyaah phaona netaa: menaa:।
आपका फोन कहां है?,where is your phone?,आमाः फोन कजि मेनाः?,aamaah phona kaji menaah?
मेरी बैटरी कम है.,my battery is low.,आञाः बैटरी कम मेना:।,aanyaah baitarii kama menaa:।
कृपया मेरा फ़ोन चार्ज करें.,Please charge my phone.,मेनदो आञाः फ़ोन चार्ज रिकाएआ।,menado aanyaah phaona chaarja rikaaeaa।
प्रकाश चालू है.,The light is on.,प्रकाश चालू मेना:।,prakaasha chaaluu menaa:।
बत्ती बंद करें।,Turn off the lights.,बत्ती बंद ताइकेना।,battii banda taaikenaa।
पंखा चालू करो।,turn on the fan.,पंखा चालू केदा।,pankhaa chaaluu kedaa।
पंखा काम नहीं कर रहा है.,The fan is not working.,पंखा कामि का रिका तना।,pankhaa kaami kaa rikaa tanaa।
आज बहुत गर्मी है.,It is very hot today.,तिसिङ बेसे गर्मी मेना:।,tisinga bese garmii menaa:।
बाहर ठंड है.,It is cold outside.,बाहर ठंड मेना:,baahara thanda menaa:
मौसम अच्छा है.,The weather is good.,मौसम बुगिन मेना:।,mausama bugina menaa:।
आज हो सकती है बारिश।,It may rain today.,तिसिङ होबाओआ बारिश।,tisinga hobaaoaa baarisha।
छाता ले लो.,Take the umbrella.,छाता लेलोः।,chhaataa leloh।
आसमान में बादल छाए हुए हैं.,There are clouds in the sky.,आसमान रे बादल छाव जना।,aasamaana re baadala chhaawa janaa।
सूरज उज्ज्वल है.,The sun is bright.,सूरज उज्ज्वल मेना:,suuraja ujjwala menaa:
यह धुँधला रहा है।,it is getting dark.,नेआ धुधला तना।,neaa dhudhalaa tanaa।
सुबह हो चुकी है.,It is morning now.,तिसिङ होबाओःआ।,tisinga hobaaohaa।
ये वक़्त क्या है?,What time is it?,नेआ वक़्त चानाः मेनाः?,neaa wakata chaanaah menaah?
सात बजे हैं.,It's seven o'clock.,सात बजे मेनाः।,saata baje menaah।
मैं जल्दी जागा।,I woke up early.,आञ जल्दी जानाञ।,aanya jaldii jaanaanya।
मेरी आंख देर से खुली।,I woke up late.,अइंगअः उड़ुः ते हिजुःजाना।,aingaah udauh te hijuhjaanaa।
मैं सोने जा रहा हूँ.,I am going to sleep.,आञ सोबेन तनाञ।,aanya sobena tanaanya।
मुझे नींद आ रही है.,I am feeling sleepy.,आञ नींद हिजुःताना।,aanya niinda hijuhtaanaa।
अभी मत सोओ.,Don't sleep now.,अइंग मत सोमाए।,ainga mata somaae।
कल मुझे जगा देना.,Wake me up tomorrow.,तिसिङ आञ जगाओआञ।,tisinga aanya jagaaoaanya।
मुझे आराम करने की ज़रूरत है।,I need to rest.,आञ आराम राः जारुड़ु मेनाः।,aanya aaraama raah jaarudau menaah।
चलो बाहर चलते हैं.,let's go out.,चलो बाहर सेनोःताना।,chalo baahara senohtaanaa।
हमारे साथ आओ.,come with us.,आलेआः ते हिजुःजाना।,aaleaah te hijuhjaanaa।
सब कहाँ हैं?,Where is everyone?,सोबेन चिलका मेनाः?,sobena chilakaa menaah?
हर कोई बाहर है.,Everyone is out.,सोबेन जेतन बाहर मेना:।,sobena jetana baahara menaa:।
यहां कोई नहीं है.,There is no one here.,नेता: रे जेतन का मेनाः।,netaa: re jetana kaa menaah।
कोई तुम्हें बुला रहा है.,Someone is calling you.,जेतन अइंग बुला तना।,jetana ainga bulaa tanaa।
मुझे किसने बुलाया?,Who called me?,आञ चिलका बुलायाञ?,aanya chilakaa bulaayaanya?
मैंने आपकी कॉल मिस कर दी.,I missed your call.,आञ आमाः कॉल मिस केदाञ।,aanya aamaah kaॉla misa kedaanya।
कृपया मुझे संदेश भेजें.,Please send me a message.,मेनदो आञाः संदेश ओमकेदाञ।,menado aanyaah sandesha omakedaanya।
मैं इसे अभी भेजूंगा.,I will send it right away.,अइंग नेआ नअः तायोम केदा।,ainga neaa naah taayoma kedaa।
अपना फ़ोन जांचें.,Check your phone.,आपान फ़ोन जांच जना।,aapaana phaona jaancha janaa।
मैं तुम्हारा नाम भूल गया।,I forgot your name.,आञ अइंगअः नुतुम तइन केना।,aanya aingaah nutuma taina kenaa।
कृपया मुझे कल याद दिलायें।,Please remind me tomorrow.,मेनदो आञाः कल याद केदाञ।,menado aanyaah kala yaada kedaanya।
मुझे वह जगह याद है.,I remember that place.,अइंग इनि: जगह याद मेना:,ainga ini: jagaha yaada menaa:
क्या तुम मुझे याद करते हो?,Do you miss me?,चिलका आञ अइंग याद केदाञ?,chilakaa aanya ainga yaada kedaanya?
मैं इस व्यक्ति को जानता हूं.,I know this person.,आञ नेआ होड़ो को जानाओआ।,aanya neaa hodao ko jaanaaoaa।
मैंने उसे कभी नहीं देखा.,I have never seen him.,अइंग इनि: के जेतन का तइकेना,ainga ini: ke jetana kaa taikenaa
हम कल मिले थे.,We met yesterday.,आले कल मिआद ताइकेना।,aale kala miaada taaikenaa।
मैं आपसे कल मिलूंगा.,I will see you tomorrow.,आञ आमाः ते कल नामोगा।,aanya aamaah te kala naamogaa।
बाद में मिलते हैं।,see you later.,तायोम रे मिलाव तना।,taayoma re milaawa tanaa।
अपना ख्याल रखें।,Take care of yourself.,आपान ख्याल रिकाएआ।,aapaana khyaala rikaaeaa।
आपकी कक्षा कहाँ है?,where is your class?,आमाः कक्षा चिलका मेनाः?,aamaah kakshaa chilakaa menaah?
हमारी कक्षा ऊपर की मंजिल पर है.,Our class is on the top floor.,आले कक्षा तायोम रेआ मंजिल रे मेना:।,aale kakshaa taayoma reaa manjila re menaa:।
स्कूल का गेट खुला है.,The school gate is open.,स्कूल रा: गेट खुला तना:,skuula raa: geta khulaa tanaa:
स्कूल का गेट बंद है.,The school gate is closed.,स्कूल रा: गेट बंद मेना:,skuula raa: geta banda menaa:
मैं स्कूल जल्दी पहुंच गया.,I reached school early.,आञ स्कूल जल्दी सेनोःजानाञ।,aanya skuula jaldii senohjaanaanya।
मैं देर से स्कूल पहुंचा.,I reached school late.,आञ देर ते स्कूल सेनोःआञ।,aanya dera te skuula senohaanya।
मेरा दोस्त आज अनुपस्थित है.,My friend is absent today.,आञाः दोस्त तिसिङ अनुपस्थित मेना:।,aanyaah dosta tisinga anupasthita menaa:।
मेरा दोस्त मेरे पास बैठा है.,My friend is sitting next to me.,आञाः दोस्त अइंगअः तायोम रे बैठा तइना।,aanyaah dosta aingaah taayoma re baithaa tainaa।
हम साथ पढ़ते हैं।,we study together.,आले ते पढ़व तना।,aale te padhaawa tanaa।
हम साथ-साथ स्कूल जाते हैं।,We go to school together.,आले तेगे स्कूल जाना।,aale tege skuula jaanaa।
मैं हर दिन पैदल चलकर स्कूल जाता हूं।,I walk to school every day.,आञ सोबेन हुलंग पैदल ते स्कूल जानाञ।,aanya sobena hulanga paidala te skuula jaanaanya।
मेरा भाई यहीं पढ़ता है.,My brother studies here.,आञाः भाई नेताः पढ़व तना।,aanyaah bhaaii netaah padhaawa tanaa।
मेरी बहन इसी स्कूल में है.,My sister is in this school.,आञाः बहन नेआ स्कूल रे मेना:।,aanyaah bahana neaa skuula re menaa:।
मुझे अपना स्कुल पसंद है।,I like my school.,आञ आपान स्कुल पसंद मेना:।,aanya aapaana skula pasanda menaa:।
हमारे विद्यालय में एक खेल का मैदान है।,There is a playground in our school.,आलेआः विद्यालय रे मिआद खेल राः मैदान मेना:।,aaleaah widyaalaya re miaada khela raah maidaana menaa:।
खेल का मैदान बहुत बड़ा है.,The playground is very big.,खेलरा: मैदान बेसे बड़ा मेनाः।,khelaraa: maidaana bese badaaa menaah।
लाइब्रेरी पहली मंजिल पर है.,The library is on the first floor.,लाइब्रेरी सिदा मंजिल रे मेना:।,laaibrerii sidaa manjila re menaa:।
मैंने कल एक किताब उधार ली थी।,I borrowed a book yesterday.,आञ तिसिङ मिआद किताब उधार केदाञ।,aanya tisinga miaada kitaaba udhaara kedaanya।
मैंने आज किताब लौटा दी.,I returned the book today.,आञ तिसिङ किताब लौटा केदाञ।,aanya tisinga kitaaba lautaa kedaanya।
यह किताब मेरी है.,this book is mine.,नेआ किताब आञाः मेनाः।,neaa kitaaba aanyaah menaah।
वह नोटबुक उसी की है.,That notebook belongs to him.,इनि नोटबुक एनता: मेनाः।,ini notabuka enataa: menaah।
मेरी कलम गायब है.,My pen is missing.,आञाः कलम गायब मेना:।,aanyaah kalama gaayaba menaa:।
मुझे मेरी पेंसिल मिल गयी.,I found my pencil.,अइंग आञाः पेंसिल नामजाना।,ainga aanyaah pensila naamajaanaa।
मेरी पेंसिल टूट गयी है.,My pencil is broken.,आञाः पेंसिल टूट जना।,aanyaah pensila tuuta janaa।
मुझे एक नया पेन चाहिए.,I need a new pen.,आञ मिआद नवा पेन लागातिङा।,aanya miaada nawaa pena laagaatingaa।
कृपया मुझे अपनी कलम उधार दें।,Please lend me your pen.,मेनदो आञ आपान कलम उधार केदाञ।,menado aanya aapaana kalama udhaara kedaanya।
मैं इसे कल वापस कर दूंगा.,I will return it tomorrow.,अइंग नेआ तायोम केदाए।,ainga neaa taayoma kedaae।
मेरी नोटबुक भरी हुई है.,My notebook is full.,आञाः नोटबुक भरी जना।,aanyaah notabuka bharii janaa।
मुझे एक और नोटबुक चाहिए.,I need another notebook.,आञ मिआद ओड़ो: नोटबुक लागातिङा।,aanya miaada odao: notabuka laagaatingaa।
हम कौन सा पेज पढ़ रहे हैं?,What page are we reading?,आले चिलका पेज पढ़व तना?,aale chilakaa peja padhaawa tanaa?
मैं पेज दस पर हूं.,I'm on page ten.,अइंग पेज दस रे तइना,ainga peja dasa re tainaa
पेज बीस पर पलटें.,Turn to page twenty.,पेज बीस रे पलटें।,peja biisa re palaten।
यह अध्याय आसान है.,This chapter is easy.,नेआ अध्याय आसान मेना:।,neaa adhyaaya aasaana menaa:।
यह अध्याय कठिन है.,This chapter is difficult.,नेआ अध्याय कठिन मेना:।,neaa adhyaaya kathina menaa:।
मैंने पहला अध्याय समाप्त कर लिया।,I finished the first chapter.,आञ सिदा अध्याय समाप्त केदाञ।,aanya sidaa adhyaaya samaapta kedaanya।
मुझे और अभ्यास की जरूरत है.,I need more practice.,आञ ओड़ोः अभ्यास राः जरूड़ी मेना:।,aanya odaoh abhyaasa raah jaruudaii menaa:।
मैंने कल इसका अभ्यास किया।,I practiced it yesterday.,आञ कल नेआ राः अभ्यास रिकाकेदाञ।,aanya kala neaa raah abhyaasa rikaakedaanya।
मैं आज रात फिर से अभ्यास करूंगा.,I'll practice again tonight.,आञ तिसिङ ओड़ोः ते अभ्यास रिकाञा।,aanya tisinga odaoh te abhyaasa rikaanyaa।
गणित दिलचस्प है.,Mathematics is interesting.,गणित दिलचस्प मेना:,ganita dilachaspa menaa:
विज्ञान मेरा पसंदीदा विषय है.,Science is my favourite subject.,विज्ञान आञाः पसंदीदा विषय मेना:।,wijnyaana aanyaah pasandiidaa wishaya menaa:।
मुझे कहानियां पढ़ने में मजा आता है.,I enjoy reading stories.,आञ कहानियां पढ़व रे मजा हिजुःताना।,aanya kahaaniyaan padhaawa re majaa hijuhtaanaa।
मुझे चित्र बनाना पसंद है.,I like to draw pictures.,आञ चित्र बाइओःआञ।,aanya chitra baaiohaanya।
वह बहुत सलीके से लिखती है.,She writes very well.,इनिः बेसे सलीके ते लिखव तना।,inih bese saliike te likhawa tanaa।
वह बहुत तेजी से पढ़ता है.,He reads very fast.,इनिः बेसे तेजीते पढ़व तना।,inih bese tejiite padhaawa tanaa।
वह साफ बोलती है.,She speaks clearly.,इनिः साफ बोलाओआ।,inih saapha bolaaoaa।
वह जल्दी सीख जाता है.,He learns quickly.,इनि: जल्दी सीख तना:,ini: jaldii siikha tanaa:
मुझे इस अभ्यास में सहायता की आवश्यकता है.,I need help with this exercise.,आञ ने अभ्यास रे सहायतारा: आवश्यकता मेना:।,aanya ne abhyaasa re sahaayataaraa: aawashyakataa menaa:।
क्या आप इस समस्या में मेरी मदद कर सकते हैं?,Can you help me with this problem?,चिलका आम ने समस्या रे आञा: मदद रिकाएआ?,chilakaa aama ne samasyaa re aanyaa: madada rikaaeaa?
कृपया इस शब्द की व्याख्या करें।,Please explain this term.,मेनदो नेआ शब्दरा: व्याख्या रिकाएआ।,menado neaa shabdaraa: wyaakhyaa rikaaeaa।
मैं इस हिस्से को समझता हूं.,I understand this part.,आञ ने हिस्सा को समझव तनाञ।,aanya ne hissaa ko samajhawa tanaanya।
मैं उदाहरण को समझता हूं.,I understand the example.,आञ उदाहरण के समझव तना।,aanya udaaharana ke samajhawa tanaa।
यह उत्तर सही लगता है.,This answer seems correct.,नेआ उत्तर सही लगव तना।,neaa uttara sahii lagawa tanaa।
यह उत्तर ग़लत लगता है.,This answer seems wrong.,नेआ उत्तर ग़लत लगव तना।,neaa uttara gaalata lagawa tanaa।
मुझसे यहीं गलती हो गई.,I made a mistake here.,अइंग ते नेता: गलती तइकेना,ainga te netaa: galatii taikenaa
मुझे इसे सही करने दीजिए.,Let me correct this.,अइंग नेआ के सही केदा।,ainga neaa ke sahii kedaa।
मैं अपना होमवर्क भूल गया.,I forgot my homework.,आञ आपान होमवर्क भूल केदाञ।,aanya aapaana homawarka bhuula kedaanya।
मैंने अपना होमवर्क पूरा कर लिया.,I finished my homework.,आञ आपान होमवर्क पूरा केदाञ।,aanya aapaana homawarka puuraa kedaanya।
मैंने अपना होमवर्क जल्दी शुरू कर दिया।,I started my homework early.,आञ आपान होमवर्क जल्दी शुरू केदाञ।,aanya aapaana homawarka jaldii shuruu kedaanya।
मैं इसे आज रात ख़त्म कर दूंगा.,I'll finish it tonight.,अइंग नेआ तिसिङ तायोम केदा।,ainga neaa tisinga taayoma kedaa।
मेरा होमवर्क कठिन है.,My homework is difficult.,आञाः होमवर्क कठिन मेना:।,aanyaah homawarka kathina menaa:।
यह व्यायाम आसान है.,This exercise is easy.,नेआ व्यायाम आसान मेना:।,neaa wyaayaama aasaana menaa:।
मैंने समस्या हल कर दी.,I solved the problem.,आञ समस्या हल केदाञ।,aanya samasyaa hala kedaanya।
मैं इसे हल नहीं कर सका.,I couldn't solve it.,अइंग नेया के हल का रिकाएआ।,ainga neyaa ke hala kaa rikaaeaa।
मुझे फिर से कोशिश करने दो।,let me try again.,आञ ओड़ोः ते कोशिश रिकाकेदाञ।,aanya odaoh te koshisha rikaakedaanya।
मुझे और समय चाहिए।,I need more time.,अइंग ओड़ो: समय चाही,ainga odao: samaya chaahii
मुझे एक और मौका दो.,Give me another chance.,आञ मिआद ओड़ो: मौका दो।,aanya miaada odao: maukaa do।
मुझे अपनी तरफ से सबसे बढ़िया करना है।,I will do my best.,आञ आपान ओड़ोःते सोबेनते सबसे बढ़िया तना।,aanya aapaana odaohte sobenate sabase badhaiyaa tanaa।
मैं परीक्षण के लिए तैयार हूं.,I am ready for the test.,आञ परीक्षण नातिन तैयार तइना।,aanya pariikshana naatina taiyaara tainaa।
मैं अब तक तैयार नहीं हूं।,I am not ready yet.,अइंग ना: ते तैयार का तइना,ainga naa: te taiyaara kaa tainaa
मैंने कल रात पढ़ाई की.,I studied last night.,आञ कल रात पढ़व केदाञ।,aanya kala raata padhaawa kedaanya।
मैंने दो घंटे तक पढ़ाई की.,I studied for two hours.,आञ बरन घंटा ते पढ़व केदाञ।,aanya barana ghantaa te padhaawa kedaanya।
मुझे और अधिक अध्ययन की जरूरत है।,I need to study more.,आञ ओड़ोः बेसे अध्ययन राः जरूड़ी मेना:।,aanya odaoh bese adhyayana raah jaruudaii menaa:।
मैं रात के खाने के बाद पढ़ाई करूंगा.,I will study after dinner.,आञ रातरा: खाने तायोमते पढ़व तनाञ।,aanya raataraa: khaane taayomate padhaawa tanaanya।
मेरे दोस्त ने मुझे पढ़ाई में मदद की.,My friend helped me in my studies.,आञ दोस्त अइंग पढ़ाई रे मदद केदा।,aanya dosta ainga padhaaaii re madada kedaa।
हमने एक साथ पाठ को संशोधित किया।,We revised the text together.,आले मिआद ते पाठ के संशोधित केदा।,aale miaada te paatha ke sanshodhita kedaa।
मैं यह फार्मूला भूल गया.,I forgot this formula.,आञ ने फार्मूला भूल केदाञ।,aanya ne phaarmuulaa bhuula kedaanya।
अब मुझे सूत्र याद आ गया.,Now I remember the formula.,ना: आञ सूत्र याद हिजु:जाना।,naa: aanya suutra yaada hiju:jaanaa।
कृपया मेरा उत्तर जांचें.,Please check my answer.,ओड़ोः आञाः उत्तर जांच केदाञ।,odaoh aanyaah uttara jaancha kedaanya।
क्या आप मेरी नोटबुक जाँच सकते हैं?,Can you check my notebook?,चिलका आम आञाः नोटबुक जाँच तनाञ?,chilakaa aama aanyaah notabuka jaancha tanaanya?
मेरी लिखावट में सुधार हो रहा है.,My handwriting is improving.,आञाः लिखावट रे सुधार होबाओआ।,aanyaah likhaawata re sudhaara hobaaoaa।
मुझे अपनी वर्तनी में सुधार करना होगा.,I need to improve my spelling.,आञ आपान वर्तनी रे सुधार लागातिङा।,aanya aapaana wartanii re sudhaara laagaatingaa।
मैंने आज एक नया शब्द सीखा।,I learned a new word today.,आञ तिसिङ मिआद नवा शब्द रिकाकेदाञ।,aanya tisinga miaada nawaa shabda rikaakedaanya।
इस वाक्य का क्या अर्थ है?,what does this sentence mean?,नेआ वाक्य राः चानाः अर्थ मेना:?,neaa waakya raah chaanaah artha menaa:?
आप इस शब्द का उच्चारण कैसे करते हैं?,How do you pronounce this word?,आम नेआ शब्दरा: उच्चारण चिलका रिकाएआ?,aama neaa shabdaraa: uchchaarana chilakaa rikaaeaa?
आप इस शब्द का उच्चारण कैसे करते हैं?,How do you pronounce this word?,आम नेआ शब्दरा: उच्चारण चिलका रिकाएआ?,aama neaa shabdaraa: uchchaarana chilakaa rikaaeaa?
कृपया मेरे लिए वर्तनी लिखें.,Please spell it for me.,ओड़ोः आञाः नातिन वर्तनी ओमेआ।,odaoh aanyaah naatina wartanii omeaa।
मैं यह वाक्य पढ़ सकता हूं.,I can read this sentence.,आञ नेआ वाक्य पढ़व तनाञ।,aanya neaa waakya padhaawa tanaanya।
मैं यह शब्द नहीं पढ़ सकता.,I can't read this word.,आञ नेआ शब्द का पढ़व तनाञ।,aanya neaa shabda kaa padhaawa tanaanya।
अक्षर बहुत छोटे हैं.,The letters are very small.,अक्षर बेसे बुगिन मेनाः।,akshara bese bugina menaah।
मैंने अपनी किताब घर पर छोड़ दी।,I left my book at home.,आञ आपान किताब ओड़ो: रे छोड़ केदाञ।,aanya aapaana kitaaba odao: re chhodaa kedaanya।
मैं आज अपनी नोटबुक लाया हूँ।,I brought my notebook today.,आञ तिसिङ आपान नोटबुक लाञा।,aanya tisinga aapaana notabuka laanyaa।
क्या आप अपनी पाठ्यपुस्तक लाए?,Did you bring your textbook?,चानाः आम आपान पाठ्यपुस्तक लाःएआ?,chaanaah aama aapaana paathyapustaka laaheaa?
मेरी पाठ्यपुस्तक मेरे बैग में है.,My textbook is in my bag.,आञाः पाठ्यपुस्तक अइंगअः बैग रे मेना:।,aanyaah paathyapustaka aingaah baiga re menaa:।
मुझे एक शासक की आवश्यकता है.,I need a ruler.,आञ मिआद शासक राः आवश्यकता मेना:।,aanya miaada shaasaka raah aawashyakataa menaa:।
क्या आपके पास इरेज़र है?,Do you have an eraser?,चिमतुङ आमाः ता: इरेज़र मेना:?,chimatunga aamaah taa: irejaara menaa:?
मेरे पास एक अतिरिक्त पेंसिल है.,I have an extra pencil.,अइंगअः रे मिआद बेसे पेंसिल मेना:।,aingaah re miaada bese pensila menaa:।
आप मेरा उपयोग कर सकते हैं.,You can use me.,आम आञाः उपयोग रिका तना।,aama aanyaah upayoga rikaa tanaa।
कृपया इसे बाद में वापस दे दें.,Please return it later.,ओड़ोः नेआ तायोम रे ओमकेदाएः।,odaoh neaa taayoma re omakedaaeh।
अपनी चीजें सुरक्षित रखें.,Keep your things safe.,आपान चीज सुरक्षित तना।,aapaana chiija surakshita tanaa।
अपनी किताबें मत खोना.,Don't lose your books.,अइंगअः किताब को काजिओःआ।,aingaah kitaaba ko kaajiohaa।
शिक्षक आ रहे हैं.,The teachers are coming.,शिक्षक हिजुःताना।,shikshaka hijuhtaanaa।
शिक्षक व्यस्त है.,The teacher is busy.,शिक्षक व्यस्त मेना:।,shikshaka wyasta menaa:।
शिक्षक कॉपियाँ जाँच रहा है.,The teacher is checking the copies.,शिक्षक कॉपियाँ जाँच तना।,shikshaka kaॉpiyaan jaancha tanaa।
शिक्षक ने हमें एक अभ्यास दिया।,The teacher gave us an exercise.,शिक्षक आले मिआद अभ्यास ओम केदा।,shikshaka aale miaada abhyaasa oma kedaa।
शिक्षक ने विषय समझाया.,The teacher explained the topic.,शिक्षक दो विषय समझाया,shikshaka do wishaya samajhaayaa
मुझे आज का पाठ पसंद आया.,I liked today's lesson.,आञ तिसिङ राः पाठ पसंद हिजुःजाना।,aanya tisinga raah paatha pasanda hijuhjaanaa।
आज का पाठ रोचक था.,Today's lesson was interesting.,तिसिङ राः पाठ रोचक ताइकेना।,tisinga raah paatha rochaka taaikenaa।
मेरे लिए सबक कठिन था.,The lesson was hard for me.,आञ नातिन सोबेन कठिन ताइकेना।,aanya naatina sobena kathina taaikenaa।
मुझे एक संदेह है.,I have a doubt.,आञ मिआद संदेह मेना:।,aanya miaada sandeha menaa:।
मेरा एक और सवाल है।,I have another question.,आञाः मिआद ओड़ोः सवाल मेना:।,aanyaah miaada odaoh sawaala menaa:।
क्या आप इस उदाहरण को समझा सकते हैं?,Can you explain this example?,चिमतुङ ने उदाहरण को समझाओआ?,chimatunga ne udaaharana ko samajhaaoaa?
कृपया हमें एक और उदाहरण दीजिए.,Please give us another example.,मेनदो आले मिआद ओड़ो: उदाहरण ओमेआ।,menado aale miaada odao: udaaharana omeaa।
क्या हम एक साथ मिलकर किसी एक को हल कर सकते हैं?,Can we solve one together?,चिलका अले मिआद तायोम केते जाकेद मियद् के हल रिका तना।,chilakaa ale miaada taayoma kete jaakeda miyad ke hala rikaa tanaa।
मैं इस सवाल का जवाब देना चाहता हूं.,I want to answer this question.,आञ नेआ सवाल राः जवाब ओमेआञ।,aanya neaa sawaala raah jawaaba omeaanya।
मेरा उत्तर अलग है.,My answer is different.,आञाः उत्तर अलग मेना:।,aanyaah uttara alaga menaa:।
मुझे वही उत्तर मिला.,I got the same answer.,आञ इनिःगे उत्तर ताइकेना।,aanya inihge uttara taaikenaa।
हमें अलग-अलग उत्तर मिले.,We got different answers.,आले अलग-अलग उत्तर मिआद।,aale alaga-alaga uttara miaada।
आइए हम अपने उत्तरों की तुलना करें।,Let us compare our answers.,आइंग आले आपान उत्तरकोआ: तुलना रिकाएआ।,aainga aale aapaana uttarakoaa: tulanaa rikaaeaa।
गणना दोबारा जांचें.,Double-check the calculations.,गणना दोबारा जांच,gananaa dobaaraa jaancha
गणना ग़लत है.,The calculation is wrong.,गणना ग़लत मेना:,gananaa gaalata menaa:
गणना सही है.,The calculation is correct.,गणना सही मेना:,gananaa sahii menaa:
मैं एक कदम भूल गया.,I forgot a step.,आञ मिआद कदम भूल केदाञ।,aanya miaada kadama bhuula kedaanya।
मुझे पता है कि इसे कैसे हल करना है.,I know how to solve it.,आञ पता मेनाः चि नेआको चिलकाते हल रिका तना।,aanya pataa menaah chi neaako chilakaate hala rikaa tanaa।
मुझे पहले एक उदाहरण चाहिए.,I need an example first.,आञ सिदा मिआद उदाहरण चाही,aanya sidaa miaada udaaharana chaahii
क्या मैं कुछ पूछ सकता हूँ?,Can I ask something?,चिलका अइंग कुड़ि रिका तना?,chilakaa ainga kudai rikaa tanaa?
मैंने यह कार्य पूरा कर लिया है.,I have completed this work.,आञ नेआ कार्य पूरा केदाञ।,aanya neaa kaarya puuraa kedaanya।
मैंने अभी तक खत्म नहीं किया।,I haven't finished yet.,अइंग ना: जाकेद खत्म का तइकेना,ainga naa: jaakeda khatma kaa taikenaa
हमें पांच मिनट और चाहिए.,We need five more minutes.,आले पांच मिनट ओड़ो: लागातिङा।,aale paancha minata odao: laagaatingaa।
गतिविधि अब शुरू होती है.,The activity now begins.,गतिविधि ना: शुरू होबा:वा,gatiwidhi naa: shuruu hobaa:waa
गतिविधि ख़त्म हो गई है.,The activity is over.,गतिविधि ख़त्म होबाओआ।,gatiwidhi khaatma hobaaoaa।
अपने साथी के साथ काम करें.,Work with your partner.,आपान साथी ते कामिआ।,aapaana saathii te kaamiaa।
छोटे समूहों में काम करें.,work in small groups.,गोटा समूह कोरे कामिओआ।,gotaa samuuha kore kaamioaa।
अपने विचार साझा करें.,Share your thoughts.,आपान विचार साझाओआ।,aapaana wichaara saajhaaoaa।
हमें अपना उत्तर बताएं.,Tell us your answer.,आले आपान उत्तर उदुब केदा।,aale aapaana uttara uduba kedaa।
अपना उत्तर स्पष्ट करें.,Explain your answer.,आपान उत्तर स्पष्ट मेनाः।,aapaana uttara spashta menaah।
एक कारण बताओ.,Give one reason.,मिआद कारण उदुब केदा।,miaada kaarana uduba kedaa।
एक और उदाहरण दीजिए.,Give another example.,मिआद ओड़ो: उदाहरण ओमेआ।,miaada odao: udaaharana omeaa।
उत्तर देने से पहले सोचें.,Think before you answer.,उत्तर ओड़ो:ते सिदा सोबेन सोमाए।,uttara odao:te sidaa sobena somaae।
पर्याप्त समय लो।,take your time.,सोबेन समय लोओः।,sobena samaya looh।
पूछने से न डरें.,Don't be afraid to ask.,पूछने ते नमोः जना।,puuchhane te namoh janaa।
हर कोई गलतियाँ कर सकता है.,Everyone can make mistakes.,सोबेन होड़ोको गलती रिका तना।,sobena hodaoko galatii rikaa tanaa।
गलतियाँ हमें सीखने में मदद करती हैं।,Mistakes help us learn.,गलती आले सीख रे मदद रिकाएआ।,galatii aale siikha re madada rikaaeaa।
प्रतिदिन अभ्यास करते रहें।,Keep practicing every day.,प्रतिदिन अभ्यास रिका तना।,pratidina abhyaasa rikaa tanaa।
आपमें सुधार हो रहा है.,You are improving.,आम रे सुधार होबाओआ।,aama re sudhaara hobaaoaa।
आपने एक अच्छा काम किया है।,you did a good job.,आम मिआद बेसे कामि रिकाकेदा।,aama miaada bese kaami rikaakedaa।
वह एक अच्छा प्रयास था.,That was a good effort.,इनिः मिआद बेसे प्रयास ताइकेना।,inih miaada bese prayaasa taaikenaa।
कोई भिन्न विधि आज़माएँ.,Try a different method.,जेतन विधि आज़माए।,jetana widhi aajaamaae।
प्रश्न के बारे में ध्यान से सोचें.,Think carefully about the question.,प्रश्न राः बारे रे ध्यान ते सोबेना।,prashna raah baare re dhyaana te sobenaa।
अपने काम को एक बार फिर से जांचें.,Check your work once again.,आपान कामि के मिआद बार फिर ते जांच जना।,aapaana kaami ke miaada baara phira te jaancha janaa।
व्यायाम में जल्दबाजी न करें।,Do not rush into exercise.,व्यायाम रे जल्दबाजी नवा,wyaayaama re jaldabaajii nawaa
परीक्षा कल है.,exam tomorrow.,परीक्षा कल मेना:,pariikshaa kala menaa:
कल मेरी परीक्षा है.,I have exam tomorrow.,तिसिङ आञाः परीक्षा मेना:।,tisinga aanyaah pariikshaa menaa:।
परीक्षा किस विषय पर है?,What subject is the exam on?,परीक्षा चि विषय रे मेना:?,pariikshaa chi wishaya re menaa:?
परीक्षा कठिन है.,The exam is difficult.,परीक्षा कठिन मेना:,pariikshaa kathina menaa:
परीक्षण आसान था.,The test was easy.,परीक्षण आसान ताइकेना।,pariikshana aasaana taaikenaa।
मैंने परीक्षण जल्दी ख़त्म कर लिया.,I finished the test quickly.,आञ परीक्षण जल्दी ख़त्म केदाञ।,aanya pariikshana jaldii khaatma kedaanya।
मैं परीक्षण पूरा नहीं कर सका.,I could not complete the test.,आञ परीक्षण पूरा काएआञ।,aanya pariikshana puuraa kaaeaanya।
मैं उत्तर भूल गया.,I forgot the answer.,आञ उत्तर लेलकेदाञ।,aanya uttara lelakedaanya।
मुझे उत्तर पता था लेकिन मैं भूल गया।,I knew the answer but I forgot.,अइंग उत्तर पता तइकेना मेनदो आइंग भूल जना।,ainga uttara pataa taikenaa menado aainga bhuula janaa।
मुझे इस विषय को संशोधित करने की आवश्यकता है.,I need to revise this topic.,आञ नेआ विषय को संशोधित रिका तना।,aanya neaa wishaya ko sanshodhita rikaa tanaa।
सोमवार को हमारी परीक्षा है.,We have our exam on Monday.,सोमवार हुलंग आलेआः परीक्षा मेना:।,somawaara hulanga aaleaah pariikshaa menaa:।
अपना एडमिट कार्ड लेकर आएं.,Bring your admit card.,आपान एडमिट कार्ड लेलकेआते हिजुःजाना।,aapaana edamita kaarda lelakeaate hijuhjaanaa।
अपना सीट नंबर जांचें.,Check your seat number.,आपान सीट नंबर जांच,aapaana siita nanbara jaancha
मेरी सीट कहां है?,Where is my seat?,आञाः सीट काजिआ?,aanyaah siita kaajiaa?
मेरी सीट संख्या बीस है.,My seat number is twenty.,आञाः सीट संख्या बीस मेना:।,aanyaah siita sankhyaa biisa menaa:।
परीक्षा कक्ष ऊपर की मंजिल पर है।,The examination hall is on the top floor.,परीक्षा कक्ष तायोम रेआ मंजिल रे मेना:।,pariikshaa kaksha taayoma reaa manjila re menaa:।
अपना फ़ोन दूर रखें.,Put your phone away.,अइंगअः फ़ोन ओड़ोः तना।,aingaah phaona odaoh tanaa।
परीक्षण के दौरान अपने फ़ोन का उपयोग न करें.,Do not use your phone during the test.,परीक्षण ते आपान फ़ोनरा: उपयोग नमो:वा,pariikshana te aapaana phaonaraa: upayoga namo:waa
प्रत्येक प्रश्न को ध्यान से पढ़ें.,Read each question carefully.,सोबेन प्रश्न को ध्यान ते पढ़ाव।,sobena prashna ko dhyaana te padhaaawa।
आसान प्रश्नों से शुरुआत करें.,Start with easy questions.,आसान प्रश्नको ते शुरुआत रिकाएआ।,aasaana prashnako te shuruaata rikaaeaa।
समय जांचें.,Check the time.,समय जांच,samaya jaancha
कितना समय शेष है?,how much time is left?,चिलका समय शेष मेना:?,chilakaa samaya shesha menaa:?
मुझे दस मिनट और चाहिए.,I need ten more minutes.,अइंग दस मिनट ओड़ो: चाही,ainga dasa minata odao: chaahii
मैंने सभी उत्तर पूरे कर लिए हैं.,I have completed all the answers.,आञ सोबेन उत्तर पूरा रिकाकेदाञ।,aanya sobena uttara puuraa rikaakedaanya।
मैं अपने उत्तर जांचना चाहता हूं.,I want to check my answers.,आञ आपान उत्तर जांच तनाञ।,aanya aapaana uttara jaancha tanaanya।
मेरा दोस्त मेरे पीछे बैठता है.,My friend sits behind me.,आञाः दोस्त अइंगअः तायोम तेगे हिजुःजाना।,aanyaah dosta aingaah taayoma tege hijuhjaanaa।
मेरा दोस्त मेरे सामने बैठता है.,My friend sits in front of me.,अइंगअः दोस्त आञाः सामने रेगे तइन केना।,aingaah dosta aanyaah saamane rege taina kenaa।
हम अच्छे दोस्त हैं।,We are good friends.,आले बुगिन दोस्त मेना:।,aale bugina dosta menaa:।
वह मेरा सबसे अच्छा मित्र है।,he is my best friend.,इनिः आञ सोबेनते बुगिन मित्र ताइकेना।,inih aanya sobenate bugina mitra taaikenaa।
वह मेरी सहपाठी है.,She is my classmate.,इनिः आञाः सहपाठी मेना:।,inih aanyaah sahapaathii menaa:।
हम स्कूल के बाद एक साथ खेलते हैं।,We play together after school.,आले स्कूल तायोमते मिआद तेगे गे ताइना।,aale skuula taayomate miaada tege ge taainaa।
हम लाइब्रेरी में पढ़ते हैं.,We study in the library.,आले लाइब्रेरी रे पढ़व तना।,aale laaibrerii re padhaawa tanaa।
चलो खेल के मैदान में चलते हैं.,Let's go to the playground.,चलो खेलरा: मैदान रे चलव तना।,chalo khelaraa: maidaana re chalawa tanaa।
क्या आप फुटबॉल खेलना चाहते हैं?,do you want to play football?,चिलका आम फुटबॉल ओड़ो: तना।,chilakaa aama phutabaॉla odao: tanaa।
मैं क्रिकेट खेलना चाहता हूं.,I want to play cricket.,अइंग क्रिकेट ओड़ो: तना।,ainga kriketa odao: tanaa।
वह बहुत अच्छा खेलता है.,He plays very well.,इनिः बेसे बुगिन गे ताइना।,inih bese bugina ge taainaa।
वह बहुत तेज दौड़ती है.,She runs very fast.,इनिः बेसे तेज दौड़िओःआ।,inih bese teja daudaiohaa।
हमने गेम जीत लिया.,We won the game.,आले गेम जीत केदा।,aale gema jiita kedaa।
हम गेम हार गए।,we lost the game.,आले गेम हाराओआ।,aale gema haaraaoaa।
खेल मजेदार था.,The game was fun.,खेल मजेदार ताइकेना।,khela majedaara taaikenaa।
अब आपकी बारी है।,Now its your turn.,नाआः आमाः बारी मेना:।,naaaah aamaah baarii menaa:।
अब मेरी बारी है.,Now it is my turn.,ना: आञाः बारी मेनाः।,naa: aanyaah baarii menaah।
अपनी बारी का इंतज़ार करें।,Wait for your turn.,आपान बारी रा: इंतज़ार रिकाएआ।,aapaana baarii raa: intajaaara rikaaeaa।
मुझे गेंद दो।,Give me the ball.,आञ गेंद दो।,aanya genda do।
गेंद पकड़ो.,hold up ball.,गेंद पकड़ाओ।,genda pakadaaao।
गेंद यहाँ फेंको.,Throw the ball here.,गेंद नेता: रे फेंको,genda netaa: re phenko
अपने दोस्त को धक्का मत दो.,Don't push your friend.,अइंगअः दोस्त के धक्का मतदा।,aingaah dosta ke dhakkaa matadaa।
अपने दोस्त की मदद करो।,Help your friend.,आपान दोस्तरा: मदद रिकाएआ।,aapaana dostaraa: madada rikaaeaa।
अपनी बातें दूसरों के साथ साझा करें.,Share your thoughts with others.,अइंगअः जगर सोबेन को ते साझाओःआ।,aingaah jagara sobena ko te saajhaaohaa।
आइये निष्पक्षता से खेलें.,Let's play fair.,आइया निष्पक्षता ते ओड़ो:,aaiyaa nishpakshataa te odao:
मेरी माँ खाना बना रही है.,My mother is cooking food.,अइंगअः नातिन खाना बाइ तना।,aingaah naatina khaanaa baai tanaa।
मेरे पिता नौकरी करते हैं.,My father works.,आञाः पिता नौकरी रिकाएआ।,aanyaah pitaa naukarii rikaaeaa।
मेरा भाई सो रहा है.,My brother is sleeping.,आञाः भाई सोबेन ताइकेना।,aanyaah bhaaii sobena taaikenaa।
मेरी बहन पढ़ रही है.,My sister is studying.,अइंगअः बहन पढ़व तना।,aingaah bahana padhaawa tanaa।
मेरी दादी बाहर बैठी हैं.,My grandmother is sitting outside.,आञा: दादी बाहर सेनो:वा,aanyaa: daadii baahara seno:waa
मेरे दादाजी पढ़ रहे हैं.,My grandfather is studying.,अइंगअः दादाजी पढ़व तना।,aingaah daadaajii padhaawa tanaa।
मेरे माता-पिता घर पर हैं.,My parents are at home.,आञाः मातापिता ओड़ोः रे मेना:।,aanyaah maataapitaa odaoh re menaa:।
मेरा परिवार रात का खाना खा रहा है.,My family is having dinner.,आञाः परिवार रातरा: खाना जोगाओआ।,aanyaah pariwaara raataraa: khaanaa jogaaoaa।
मैं घर पर अपनी माँ की मदद करता हूँ।,I help my mother at home.,आञ ओड़ोः रे आपान मदद केदाञ।,aanya odaoh re aapaana madada kedaanya।
मैं अपने पिता की मदद करता हूं.,I help my father.,आञ आपान पितारा: मदद केदाञ।,aanya aapaana pitaaraa: madada kedaanya।
मैं हर दिन अपना कमरा साफ़ करता हूँ।,I clean my room every day.,आञ सोबेन दिन आपान कमरा साफ रिकाञा।,aanya sobena dina aapaana kamaraa saapha rikaanyaa।
मैंने अपने कपड़े धोए।,I wash my clothes.,आञ आपान कपड़ा धोकेदाञ।,aanya aapaana kapadaaa dhokedaanya।
मैंने अपने हाथ धोये.,I washed my hands.,आञ आपान हाथ धोकेदाञ।,aanya aapaana haatha dhokedaanya।
खाने से पहले अपने हाथ धो।,Wash your hands before eating.,खाने ते सिदा आपान हाथ धोआ।,khaane te sidaa aapaana haatha dhoaa।
अपने दाँतों को ब्रश करें।,brush your teeth.,आपान दाँत को ब्रश रिकाएआ।,aapaana daanta ko brasha rikaaeaa।
स्नान करो.,Take a bath.,स्नान रिका केदा।,snaana rikaa kedaa।
अपने बालों में कंघी करो।,Comb your hair.,अइंगअः होड़ो कोरे कंघी केदा।,aingaah hodao kore kanghii kedaa।
जल्दी से तैयार हो जाओ.,Get ready quickly.,जल्दी ते तैयार होबाओआ।,jaldii te taiyaara hobaaoaa।
मुझे तैयार होना है।,I have to get ready.,आञ तैयार होबाओआ।,aanya taiyaara hobaaoaa।
मेरे कपड़े गीले हैं.,My clothes are wet.,आञा: कपड़ा गीला मेना:।,aanyaa: kapadaaa giilaa menaa:।
मेरे कपड़े सूखे हैं.,My clothes are dry.,आञा: कपड़ा सूखे मेना:।,aanyaa: kapadaaa suukhe menaa:।
मेरे जूते कहां हैं?,where are my shoes?,आञाः जूता काजिआ?,aanyaah juutaa kaajiaa?
मेरे जूते बिस्तर के नीचे हैं.,My shoes are under the bed.,आञाः जूता बिस्तररा: नीचे मेना:।,aanyaah juutaa bistararaa: niiche menaa:।
अपने जूते बाहर रखो.,Keep your shoes outside.,आपान जूता बाहर रआः।,aapaana juutaa baahara raaah।
घर शांत है.,The house is quiet.,ओड़ो: शांत मेना:।,odao: shaanta menaa:।
बच्चे खेल रहे हैं.,The children are playing.,बाइओः तन ताइकेना।,baaioh tana taaikenaa।
बच्चा सो रहा है.,the baby is sleeping.,बच्चा सोबेन ताइकेना।,bachchaa sobena taaikenaa।
बच्चे को मत जगाओ.,Don't wake the child.,होड़ो को मत जगाओ।,hodao ko mata jagaao।
माँ तुम्हें बुला रही है.,Mother is calling you.,अइंग इनिः बुला तना।,ainga inih bulaa tanaa।
पापा आपका इंतजार कर रहे हैं.,Papa is waiting for you.,पापा आमाः इंतजार रिकाकेदाएः।,paapaa aamaah intajaara rikaakedaaeh।
अंधेरा होने से पहले घर आ जाओ.,Come home before it gets dark.,अंधेरा होबा ते सिदा रे हिजुःजाना।,andheraa hobaa te sidaa re hijuhjaanaa।
मैं जल्द ही घर पर रहूंगा।,I will be home soon.,आञ जल्दगे ओड़ाः रे ताइनाञ।,aanya jaldage odaaah re taainaanya।
मैं अब घर छोड़ रहा हूं.,I am leaving home now.,आञ नाआः ओड़ोःगे ओड़ाः ताइकेना।,aanya naaaah odaohge odaaah taaikenaa।
दरवाजा लॉक करें।,lock the door.,दरवाजा लॉक ताइकेना।,darawaajaa laॉka taaikenaa।
चाबी अपने साथ ले जाओ.,Take the key with you.,चाबी आपान ते हिजुःजाना।,chaabii aapaana te hijuhjaanaa।
चाबी कहां है?,where is the key?,चाबी कजि मेनाः?,chaabii kaji menaah?
चाबी मेज़ पर है.,The key is on the table.,चाबी मेज़ रे मेना:,chaabii mejaa re menaa:
कप को मेज पर रखें.,Place the cup on the table.,कप के मेज रे ताइकेना।,kapa ke meja re taaikenaa।
प्लेट शेल्फ पर है.,The plate is on the shelf.,प्लेट शेल्फ रे मेना:।,pleta shelpha re menaa:।
एक साफ थाली लाओ.,Bring a clean plate.,मिआद साफ थाली लाओः।,miaada saapha thaalii laaoh।
बर्तन धो लो.,Wash the dishes.,बर्तन धो लोओः।,bartana dho looh।
मैं बर्तन धो दूँगा.,I will wash the dishes.,आञ बर्तन धोकेदाञ।,aanya bartana dhokedaanya।
चावल तैयार है.,The rice is ready.,चावल तैयार मेना:।,chaawala taiyaara menaa:।
करी की खुशबू अच्छी है.,The curry smells good.,करीरा: खुशबू अच्छी मेना:,kariiraa: khushabuu achchhii menaa:
थोड़ा नमक डालें.,Add some salt.,थोड़ा नमक डालकेदा।,thodaaa namaka daalakedaa।
ज्यादा नमक न डालें.,Do not add too much salt.,पुरा: नमक नावा,puraa: namaka naawaa
चाय बहुत गरम है.,The tea is very hot.,चाय बेसे गरम मेना:,chaaya bese garama menaa:
चाय को ठंडा होने दीजिये.,Let the tea cool down.,चाय के ठंडा होबाओआ।,chaaya ke thandaa hobaaoaa।
मुझे थोड़ा दूध चाहिए.,I need some milk.,आञ थोड़ा दूध लागातिङा।,aanya thodaaa duudha laagaatingaa।
दूध नहीं बचा.,There is no milk left.,दूध का बाइआ।,duudha kaa baaiaa।
हमें सब्जियां खरीदनी हैं.,We have to buy vegetables.,आले सोबेन को खरीद मेनाः।,aale sobena ko khariida menaah।
बाज़ार पास ही है.,The market is nearby.,बाज़ार रेगे मेना:।,baajaaara rege menaa:।
चलो बाजार चलते हैं.,Let's go to the market.,चलो बाजार चलव तना।,chalo baajaara chalawa tanaa।
हमें क्या खरीदने की जरूरत है?,What do we need to buy?,आले चाना: खरीद रा: जरूड़ी मेनाः?,aale chaanaa: khariida raa: jaruudaii menaah?
कृपया खरीदारी की एक सूची बनाएं.,Please make a shopping list.,मेनदो खरीदारी राः मिआद सूची बाइआ।,menado khariidaarii raah miaada suuchii baaiaa।
इस की कीमत क्या होगी?,How much does this cost?,नेआरा: नुतुम चानाः होबाओआ?,neaaraa: nutuma chaanaah hobaaoaa?
ये बहुत महंगा है.,This is very expensive.,नेआ बेसे महंगा मेना:।,neaa bese mahangaa menaa:।
क्या आपके पास इससे और सस्ता है?,Do you have a cheaper one?,चिमतुङ आमाः नेआते ओड़ोः बेसे मेनाः?,chimatunga aamaah neaate odaoh bese menaah?
मैं इसे खरीदना चाहता हूं।,I want to buy it.,आञ नेआ राः खरीद तना।,aanya neaa raah khariida tanaa।
मुझे इसकी जरूरत नहीं है।,I don't need it.,आञ नेआ राः जारूड़ु का ताइकेना।,aanya neaa raah jaaruudau kaa taaikenaa।
मुझे एक किलो दे दो।,Give me one kilo.,आञ मिआद किलो ओमेआ।,aanya miaada kilo omeaa।
कृपया मुझे आधा किलो दे दीजिये.,Please give me half a kilo.,आञ आधा किलो ओमकेदाञ।,aanya aadhaa kilo omakedaanya।
क्या आपके पास ताज़ी सब्जियाँ हैं?,Do you have fresh vegetables?,चिमतुङ आमाः ताज़ी सब्जियाँ मेना:?,chimatunga aamaah taajaii sabjiyaan menaa:?
सब्जियाँ ताज़ी लगती हैं।,The vegetables look fresh.,सोबेन ताजी लगव तना।,sobena taajii lagawa tanaa।
हमें कुछ फल चाहिए.,We need some fruit.,आले सोबेन फल लागातिङा।,aale sobena phala laagaatingaa।
मैंने आज केले खरीदे.,I bought bananas today.,आञ तिसिङ रेअःले खरीदाञ।,aanya tisinga reahle khariidaanya।
केले पक गये हैं.,The bananas are ripe.,केला नम केदाए।,kelaa nama kedaae।
यह फल मीठा होता है.,This fruit is sweet.,नेआ फल मीठा होबाओआ।,neaa phala miithaa hobaaoaa।
यह फल खट्टा होता है.,This fruit is sour.,नेआ फल खट्टा होबाओआ।,neaa phala khattaa hobaaoaa।
मुझे एक सेब चाहिए.,I want an apple.,आञ मिआद सेब लागातिङा।,aanya miaada seba laagaatingaa।
बस स्टॉप कहाँ है?,where is the bus stop?,बस स्टॉप चिलका मेनाः?,basa staॉpa chilakaa menaah?
बस आ रही है.,The bus is coming.,बस हिजु: तना।,basa hiju: tanaa।
बस आ गयी.,The bus has arrived.,बस हिजुःजाना।,basa hijuhjaanaa।
बस में बहुत भीड़ है.,The bus is very crowded.,बस रे बेसे होड़ो मेनाः।,basa re bese hodao menaah।
यहां कोई सीट नहीं है.,There are no seats here.,नेता: रे जेतन सीट का तना:,netaa: re jetana siita kaa tanaa:
क्या यह बस गाँव जा रही है?,Is this bus going to the village?,चिआः नेआ बस गाँव जाना?,chiaah neaa basa gaanwa jaanaa?
मुझे कौन सी बस लेनी चाहिए?,Which bus should I take?,आञ चिलका सी बस लेल मेनाःञ?,aanya chilakaa sii basa lela menaahnya?
मुझे कहां से निकलूं?,Where should I get off?,अइंग कजि ते हिजुःजाना?,ainga kaji te hijuhjaanaa?
जब हम पहुंचें तो मुझे बताना.,Let me know when we arrive.,चिमतुङ आले सिदा दो आञ उदुब केदाञ।,chimatunga aale sidaa do aanya uduba kedaanya।
मैं बाजार के लिए जा रहा हूँ।,I am going to the market.,आञ बाजार नातिन तनाञ।,aanya baajaara naatina tanaanya।
मैं गांव जा रहा हूं।,I am going to the village.,आञ गांव जानाञ।,aanya gaanwa jaanaanya।
हम साथ चल रहे हैं.,We are moving together.,आले ते हिजुःताना।,aale te hijuhtaanaa।
सड़क व्यस्त है.,The road is busy.,सड़क व्यस्त मेना:,sadaaka wyasta menaa:
सड़क पर सावधान रहें.,Be careful on the road.,सड़क रे सावधान तइना,sadaaka re saawadhaana tainaa
पार करने से पहले दोनों तरफ देख लें।,Look both ways before crossing.,ओड़ो: ते सिदा बरन ओड़ा: लेल केदा।,odao: te sidaa barana odaaa: lela kedaa।
यहां बस का इंतजार करें.,Wait for the bus here.,नेता: बस रा: इंतजार रिकाएआ।,netaa: basa raa: intajaara rikaaeaa।
आज बस लेट है.,The bus is late today.,तिसिङ बस लेट मेना:।,tisinga basa leta menaa:।
मेरी बस छूट गई है।,I missed the bus.,आञाः बस छूट जना।,aanyaah basa chhuuta janaa।
हमें जल्दी निकलना चाहिए.,We should leave quickly.,आले जल्दी निकाव लागातिङा।,aale jaldii nikaawa laagaatingaa।
यात्रा लंबी है.,The journey is long.,यात्रा लंबी मेना:,yaatraa lanbii menaa:
यात्रा थका देने वाली थी.,The journey was tiring.,यात्रा थका देंगा ताइकेना।,yaatraa thakaa dengaa taaikenaa।
मुझे एक टिकट खरीदना है.,I want to buy a ticket.,आञ मिआद टिकट खरीद तना।,aanya miaada tikata khariida tanaa।
मैं टिकट कहां से खरीदूं?,Where can I buy a ticket?,आञ टिकट काजिआते खरीदिआ?,aanya tikata kaajiaate khariidiaa?
अपना टिकट सुरक्षित रखें.,Keep your ticket safe.,आपान टिकट सुरक्षित रिकाएआ।,aapaana tikata surakshita rikaaeaa।
मैंने अपनी टिकट गुम कर दी.,I lost my ticket.,आञ आपान टिकट गुम केदाञ।,aanya aapaana tikata guma kedaanya।
हम गांव पहुंचे.,We reached the village.,आले गांव सेसेनकेदा।,aale gaanwa sesenakedaa।
हम सुरक्षित घर पहुंच गये.,We reached home safely.,आले सुरक्षित ओड़ा: सेनो:जाना।,aale surakshita odaaa: seno:jaanaa।
सड़क बहुत संकरी है.,The road is very narrow.,सड़क बेसे संकरी मेना:,sadaaka bese sankarii menaa:
पुल पास में है.,The bridge is nearby.,पुल पास रे मेना:।,pula paasa re menaa:।
आइए हम एक साथ सड़क पार करें।,Let us cross the road together.,आइंग आले मिआद ते सड़क पाराओआ।,aainga aale miaada te sadaaka paaraaoaa।
मैं आज खुश हूं।,I am happy today.,आञ तिसिङ खुश तइना।,aanya tisinga khusha tainaa।
मैं आज दुखी हूं.,I am sad today.,आञ तिसिङ दुखी तनाञ।,aanya tisinga dukhii tanaanya।
मैं आज थक गया हूँ.,I am tired today.,आञ तिसिङ सेनोःजानाञ।,aanya tisinga senohjaanaanya।
मैं अब बेहतर महसूस कर रहा हुँ।,I feel better now.,अइंग ना: बेसे महसूस तइकेना,ainga naa: bese mahasuusa taikenaa
मुझे उसकी चिंता है.,I am worried about him.,आञ इनिआः चिंता मेना:।,aanya iniaah chintaa menaa:।
मेरी चिंता मत करो.,do not worry me.,आञाः चिंता मतदाञ।,aanyaah chintaa matadaanya।
सब कुछ ठीक हो जाएगा।,Everything will be fine.,सोबेन कुड़ि ठीक होबाओआ।,sobena kudai thiika hobaaoaa।
मुझे ठंडी लग रही है।,I am feeling cold.,आञ ठंडी लगव तना।,aanya thandii lagawa tanaa।
मुझे गर्मी लग रही है.,I am feeling hot.,अइंग गर्मी लगव तना।,ainga garmii lagawa tanaa।
मेरे सिर में दर्द होता है।,my head hurts.,आञा: सिररे दर्द होबाओआ।,aanyaa: sirare darda hobaaoaa।
मेरे पेट में दर्द होता है।,I have stomach ache.,आञाः पेट रे दर्द होबाओआ।,aanyaah peta re darda hobaaoaa।
मुझे आज आराम करने की जरूरत है.,I need to rest today.,आञ तिसिङ आराम राः जारूड़ु मेनाः।,aanya tisinga aaraama raah jaaruudau menaah।
कृपया बैठें और आराम करें।,Please sit and relax.,ओड़ोःगे बैठको ओडो आराम रिकाएः।,odaohge baithako odo aaraama rikaaeh।
खूब सारा पानी पीओ।,drink plenty of water.,खूब सारा पानी पीओःआ।,khuuba saaraa paanii piiohaa।
अपना खाना ठीक से खायें.,Eat your food properly.,अमा: खाना ठीक ते खाइंग,amaa: khaanaa thiika te khaainga
नाश्ता न छोड़ें.,Don't skip breakfast.,नाश्ता का होबाओःआ।,naashtaa kaa hobaaohaa।
आपको कुछ फल खाने चाहिए.,You should eat some fruits.,अमा: कुछ फल खाने लागातिङा।,amaa: kuchha phala khaane laagaatingaa।
मुझे डॉक्टर से मिलना है.,I have to meet the doctor.,आञ डॉक्टर ते मिलाव तनाञ।,aanya daॉktara te milaawa tanaanya।
निकटतम क्लिनिक कहाँ है?,Where is the nearest clinic?,निकटतम क्लिनिक चिलका मेनाः?,nikatatama klinika chilakaa menaah?
कृपया डॉक्टर को कॉल करें.,Please call the doctor.,मेनदो डॉक्टर के कॉल केदा।,menado daॉktara ke kaॉla kedaa।
वह बीमार महसूस कर रहे हैं.,He is feeling ill.,इनिः बीमार महसूस ताइकेना।,inih biimaara mahasuusa taaikenaa।
उसे बुखार था।,she has a fever.,इनिः बुखार ताइकेना।,inih bukhaara taaikenaa।
थोड़ा आराम करो.,Take some rest.,थोड़ा आराम रिकाएआ।,thodaaa aaraama rikaaeaa।
जल्द स्वस्थ हो जाओ।,Get well soon.,जल्द स्वस्थ होबाओआ।,jalda swastha hobaaoaa।
क्या आप बेहतर महसूस कर रहे हैं?,Are you feeling better?,चिलका आम बेसे महसूस तइना?,chilakaa aama bese mahasuusa tainaa?
मुझे दवा चाहिए.,I need medicine.,आञ दवा लागातिङा।,aanya dawaa laagaatingaa।
अपनी दवा समय पर लें.,Take your medicine on time.,अपनअः दवा समय रे तइन केना।,apanaah dawaa samaya re taina kenaa।
बारिश में बाहर न जाएं.,Do not go out in the rain.,बारिश रे बाहर नवा,baarisha re baahara nawaa
बारिश भारी है.,The rain is heavy.,बारिश भारी मेना:।,baarisha bhaarii menaa:।
बारिश रुक गयी है.,The rain has stopped.,बारिश हिजुःजाना।,baarisha hijuhjaanaa।
ज़मीन कीचड़युक्त है.,The ground is muddy.,जमीन रा:चड़युक्त मेना:,jamiina raa:chadaayukta menaa:
सड़क फिसलन भरी है.,The road is slippery.,सड़क फिसलन भरी मेना:,sadaaka phisalana bharii menaa:
हर जगह पानी ही पानी है.,There is water everywhere.,सोबेन जगह पानी गे गी रआः।,sobena jagaha paanii ge gii raaah।
नदी बहुत चौड़ी है.,The river is very wide.,नदी बेसे चौड़ी मेना:,nadii bese chaudaii menaa:
नदी तेजी से बह रही है.,The river is flowing fast.,नदी तेजीते बहाव ताइना।,nadii tejiite bahaawa taainaa।
अकेले नदी के पास न जाएं.,Do not go near the river alone.,अकेला नदी रआः तायोम रे काएःआ।,akelaa nadii raaah taayoma re kaaehaa।
पेड़ बहुत ऊँचा है.,The tree is very tall.,पेड़ बेसे ऊंचा तना।,pedaa bese uunchaa tanaa।
यहां बहुत सारे पेड़ हैं.,There are a lot of trees here.,नेता: बेसे सोबेन पेड़ मेना:।,netaa: bese sobena pedaa menaa:।
पत्तियाँ हरी हैं.,The leaves are green.,पत्तियाँ हरी मेना:।,pattiyaan harii menaa:।
एक पक्षी पेड़ पर बैठा है.,A bird is sitting on the tree.,मिआद पक्षी पेड़ रे हिजुःताना।,miaada pakshii pedaa re hijuhtaanaa।
पक्षी उड़ रहे हैं.,The birds are flying.,पक्षी उड़ुः तना।,pakshii udauh tanaa।
मैं पक्षियों को सुन सकता हूँ.,I can hear the birds.,आञ पक्षी को सुनव तनाञ।,aanya pakshii ko sunawa tanaanya।
कुत्ता भौंक रहा है.,The dog is barking.,कुत्ता भौंक तना।,kuttaa bhaunka tanaa।
गाय घास खा रही है.,The cow is eating grass.,गाय घास खा तना,gaaya ghaasa khaa tanaa
बकरी घर के पास है.,The goat is near the house.,बकरी ओड़ा: रे मेना:।,bakarii odaaa: re menaa:।
उस जानवर को मत छुओ.,Don't touch that animal.,इनि: जानवर के मत छुओआ।,ini: jaanawara ke mata chhuoaa।
सूरज नीचे जा रहा है।,The sun is going down.,सूरज नीचे तना।,suuraja niiche tanaa।
आज रात चांद दिख गया है.,The moon is visible tonight.,तिसिङ तायोम चांद लेल जना।,tisinga taayoma chaanda lela janaa।
सितारे खूबसूरत हैं.,The stars are beautiful.,सितारे खूबसूरत मेना:,sitaare khuubasuurata menaa:
रात बहुत शांत है.,The night is very quiet.,रात बेसे शांत मेना:,raata bese shaanta menaa:
कृपया मुझे एक गिलास दीजिए.,Please give me a glass.,मेनदो आञ मिआद गिलास ओमकेदाञ।,menado aanya miaada gilaasa omakedaanya।
मुझे मेज पर किताब दो।,Give me the book on the table.,आञ मेज रे किताब दो।,aanya meja re kitaaba do।
इसे यहाँ रखो.,Put it here.,नेया नेता: रे रआ:,neyaa netaa: re raaa:
उसे वहां रख दो.,Put it there.,इनिः एनताः रे ताइकेना।,inih enataah re taaikenaa।
इसे यहाँ ले आओ.,Bring it here.,नेया नेता: रे हिजु: जना।,neyaa netaa: re hiju: janaa।
इसे अपने साथ ले जाओ.,take it with you.,नेआ आपान ते हिजुःजाना।,neaa aapaana te hijuhjaanaa।
वहाँ छोड़ दें।,leave it there.,एनता: रे छोड़ोआ।,enataa: re chhodaoaa।
इसे मत छुओ।,Don't touch it.,नेआ नुतुम रिकाएआ।,neaa nutuma rikaaeaa।
कृपया सावधान रहें।,Please be careful.,ओड़ो: सावधान ताइना।,odao: saawadhaana taainaa।
संभाल कर उतरें।,watch your step.,संभाल केदाएः।,sanbhaala kedaaeh।
थोड़ा साइड में सरकें.,Move a little to the side.,थोड़ा साइड रे सरकें।,thodaaa saaida re saraken।
थोड़ा करीब आ गए।,come a little closer.,पुराः तेगे हिजुःजाना।,puraah tege hijuhjaanaa।
मेरे लौटने तक यहीं रुकना.,Stay here until I return.,अइंगअः लौट तायोम ते नेता रे हिजुःजाना।,aingaah lauta taayoma te netaa re hijuhjaanaa।
मेरे पीछे आओ।,Follow me.,अइंगअः रे हिजुःजाना।,aingaah re hijuhjaanaa।
आगे बढ़ो।,go ahead.,आयार बढ़ाओआ।,aayaara badhaaaoaa।
मेरे साथ वापस आना।,come back with me.,अइंगअः ते हिजुःजाना।,aingaah te hijuhjaanaa।
कृपया इसे पकड़ें.,Please hold it.,ओड़ोः नेआ आउकेदाए।,odaoh neaa aaukedaae।
एक पल के लिए मेरा बैग पकड़ो.,Hold my bag for a moment.,मिआद पल नातिन आञाः बैग पकड़ाओआ।,miaada pala naatina aanyaah baiga pakadaaaoaa।
कृपया मुझे नमक दे दीजिए।,Please give me the salt.,मेनदो आञ नमक ओमेआञ।,menado aanya namaka omeaanya।
उसे पानी दे दो।,Give him water.,इनिःके पानी ओड़ोःआ।,inihke paanii odaohaa।
उसे यह संदेश दें.,Give him this message.,इनिः नेआ संदेश ओड़ोःआ।,inih neaa sandesha odaohaa।
उसे यहाँ आने के लिए कहो.,Tell him to come here.,इनिः नेता: रे हिजु: नातिन कजि।,inih netaa: re hiju: naatina kaji।
मुझे सच बताओ.,Tell me the truth.,आञ सच उदुब केदाञ।,aanya sacha uduba kedaanya।
कृपया ईमानदारी से बोलें.,Please speak honestly.,ओड़ो: ईमानदारी ते बोलाओआ।,odao: iimaanadaarii te bolaaoaa।
सच कह रहा हु।,I am telling the truth.,सच कजि तना।,sacha kaji tanaa।
वह मेरा नहीं है.,That is not mine.,इनिः आञाः का मेनाः।,inih aanyaah kaa menaah।
यह मेरे दोस्त का है.,This is my friend's.,नेआ आञाः दोस्तरा: मेना:।,neaa aanyaah dostaraa: menaa:।
यह किसका बैग है?,Whose bag is this?,नेया चिलका बैग मेना:?,neyaa chilakaa baiga menaa:?
यह किसके जूते हैं?,whose shoes are these?,नेआ चिलका जूता मेना:?,neaa chilakaa juutaa menaa:?
मुझे किसी और की कलम मिल गयी.,I found someone else's pen.,आञ जांए ओड़ोः रआः कलम नामजाना।,aanya jaane odaoh raaah kalama naamajaanaa।
कृपया यह उसे वापस कर दें।,Please return it to him.,ओड़ोः नेआ इनिः रिका केदा।,odaoh neaa inih rikaa kedaa।
मुझे आपकी किताब मिल गयी.,I got your book.,आञ आमाः किताब नामजानाञ।,aanya aamaah kitaaba naamajaanaanya।
आपकी किताब कुर्सी के नीचे है.,Your book is under the chair.,अमा: किताब कुर्सी र:अ नीचे मेना:,amaa: kitaaba kursii ra:a niiche menaa:
मेरी किताब बैग के पास है.,My book is near the bag.,आञाः किताब बैग रआः तानिः।,aanyaah kitaaba baiga raaah taanih।
कुर्सी टूट गयी है.,The chair is broken.,कुर्सी टूट जना।,kursii tuuta janaa।
शीशे से सावधान रहें.,Be careful with the mirror.,शीशे ते सावधान तइना,shiishe te saawadhaana tainaa
पत्थर मत फेंको.,Don't throw stones.,सोबेन मत फेंको।,sobena mata phenko।
पानी बर्बाद मत करो.,do not waste water.,पानी बर्बाद मताओआ।,paanii barbaada mataaoaa।
जगह को साफ़ रखें.,Keep the place clean.,जगह के साफ़ तना।,jagaha ke saaphaa tanaa।
कचरे को कूड़ेदान में डालें.,Throw the garbage in the dustbin.,कचरा के कूड़ेदान रे रिकाकेदा।,kacharaa ke kuudaedaana re rikaakedaa।
यहाँ एक पेड़ लगाओ.,Plant a tree here.,नेताः मिआद पेड़ लगाओःआ।,netaah miaada pedaa lagaaohaa।
पौधों को दो।,water the plants.,पौध कोआः दो।,paudha koaah do।
बगीचे को पानी की जरूरत है.,The garden needs water.,बगीचे के पानी रा: जरूड़ी मेना:,bagiiche ke paanii raa: jaruudaii menaa:
हमें पेड़ों की रक्षा करनी चाहिए।,We should protect trees.,आले पेड़कोआ: रक्षा रिकाएआ।,aale pedaakoaa: rakshaa rikaaeaa।
शाखाएँ मत तोड़ो.,Don't break the branches.,शाखाओं मत दोड़ो:आ।,shaakhaaon mata dodao:aa।
आस-पास साफ-सफाई रखें।,Keep the surroundings clean.,होड़ोको साफ-सफाई रिकाकेदाएः।,hodaoko saapha-saphaaii rikaakedaaeh।
आइए हम एक दूसरे की मदद करें.,Let us help each other.,आइंग मिआद एटा: मदद रिकाएआ।,aainga miaada etaa: madada rikaaeaa।
आपकी मदद के लिए आपको धन्यवाद।,Thank You for Your Help.,अमा: मदद नातिन आमाः धन्यवाद।,amaa: madada naatina aamaah dhanyawaada।
आपका स्वागत है।,you are welcome.,आमाः स्वागत मेना:।,aamaah swaagata menaa:।
आपकी यात्रा सुरक्षित हो।,have a safe journey.,आमाः यात्रा सुरक्षित होबाओःआ।,aamaah yaatraa surakshita hobaaohaa।
"गुड मॉर्निंग, बच्चों!","Good morning, kids!",गुड मॉर्निंग ओड़ो: होनको।,guda maॉrninga odao: honako।
गुड मॉर्निंग शिक्षक जी!,good Morning teacher!,गुड मॉर्निंग शिक्षक जी,guda maॉrninga shikshaka jii
आप सब कैसे हैं?,How are you all?,आम सोबेन चिलका मेनाः?,aama sobena chilakaa menaah?
हम ठीक हैं आपका धन्यवाद।,we are fine thank you.,आले ठीक मेना: आमाः धन्यवाद।,aale thiika menaa: aamaah dhanyawaada।
क्लास में आपका स्वागत है।,Welcome to the class.,क्लास रे आमाः स्वागत मेना:।,klaasa re aamaah swaagata menaa:।
कृपया खड़े हो जाइये।,stand up please.,ओड़ोः जापागार होबाओःआ।,odaoh jaapaagaara hobaaohaa।
"आइए, क्लास शुरू करते हैं।",Let's start the class.,आइए: क्लास शुरू रिकाएआ।,aaie: klaasa shuruu rikaaeaa।
कृपया अपनी किताब खोलें।,open your book please.,मेनदो आपान किताब ओमकेदाए।,menado aapaana kitaaba omakedaae।
अपनी किताब बंद करें।,Close your book.,आपान किताब बंद रिकाएआ।,aapaana kitaaba banda rikaaeaa।
ध्यान से सुनें।,Listen carefully.,ध्यान ते सुनाव।,dhyaana te sunaawa।
बोर्ड की ओर देखें।,look at the board.,बोर्ड रआः ओड़ोः लेलकेदा।,borda raaah odaoh lelakedaa।
पाठ पढ़ें।,read the passage.,पाठ पढ़व तना।,paatha padhaawa tanaa।
मेरे बाद दोहराएँ।,Repeat after me.,आञाः तायोमते दोहराओ।,aanyaah taayomate doharaao।
इसे लिख लो।,jot it down.,नेआ लिख केदा।,neaa likha kedaa।
सामने आना।,Come to the front.,ओड़ाः रे हिजुःजाना।,odaaah re hijuhjaanaa।
अपनी सीट पर जाओ।,Go to your seat.,आपान सीट रे जाना।,aapaana siita re jaanaa।
अपना हाथ बढ़ाएं।,Raise your hand.,आपान हाथ बढ़ाओआ।,aapaana haatha badhaaaoaa।
ज़ोर से बोलें।,Speak loudly.,जोर ते बोलाओआ।,jora te bolaaoaa।
कृपया शांत रहें।,Please remain calm.,ओड़ोः मेनदो शांत ताइकेना।,odaoh menado shaanta taaikenaa।
ठीक से बैठिए।,Sit properly.,ठीक ते बैठिओआ।,thiika te baithioaa।
क्लास में दौड़ो मत।,Don't run in class.,क्लास रे दौड़ो मत।,klaasa re daudao mata।
बात मत करो।,Don't talk.,बात काजिओःआ।,baata kaajiohaa।
ध्यान देना।,pay attention.,ध्यान देंगा।,dhyaana dengaa।
"शिक्षक, यह क्या है?","Teacher, what is this?",शिक्षक नेआ चि मेनाः?,shikshaka neaa chi menaah?
क्या मैं आ सकता हूँ?,Can I come?,चिलका आञ हिजुःतानाञ?,chilakaa aanya hijuhtaanaanya?
क्या मैं शौचालय जा सकता हुँ?,Can I go to the toilet?,चिलका आञ शौचालय जानाञ?,chilakaa aanya shauchaalaya jaanaanya?
मैं पानी पी सकत हूँ?,can I drink water?,आञ पानी ओड़ोःआञ?,aanya paanii odaohaanya?
मैं नहीं समझता।,I don't understand.,अइंग का तइना।,ainga kaa tainaa।
कृपया इसे फिर से कहना।,Please say it again.,मेनदो नेआ ओड़ोःगे काजिआ।,menado neaa odaohge kaajiaa।
जवाब क्या है?,what is the answer?,जवाब चानाः मेनाः?,jawaaba chaanaah menaah?
सवाल क्या है?,What is the question?,सवाल चानाः मेनाः?,sawaala chaanaah menaah?
बोर्ड पर क्या लिखा है?,What is written on the board?,बोर्ड रे चानाः लिखाना?,borda re chaanaah likhaanaa?
इसे संताली में कैसे कहते हैं?,How do you say this in Santali?,नेआ संताली रे चिलका काजिआ?,neaa santaalii re chilakaa kaajiaa?
मुझे जवाब पता है।,I know the answer.,अइंगअः जवाब तइन केना।,aingaah jawaaba taina kenaa।
मुझें नहीं पता।,I don't know.,आञ का ताइकेना।,aanya kaa taaikenaa।
क्या मैं यहां बैठ सकता हूं?,Can I sit here?,चिलका आञ नेता: रे बैठव तनाञ?,chilakaa aanya netaa: re baithawa tanaanya?
क्या यह सही है?,Is this correct?,चिलका नेआ सही मेना:?,chilakaa neaa sahii menaa:?
"जी हाँ, टीचर।","Yes, teacher.",जी ता: रे टीचर।,jii taa: re tiichara।
"नहीं, टीचर।","No, teacher.",कारेदो टीचर।,kaaredo tiichara।
शिक्षक: आपका नाम क्या है?,Teacher: What is your name?,अमा: नुतुम चिलका मेनाः?,amaa: nutuma chilakaa menaah?
छात्र: मेरा नाम है...,Student: My name is...,छात्र: आञाः नाम मेना:।,chhaatra: aanyaah naama menaa:।
शिक्षक: आप कहाँ से हैं?,Teacher: Where are you from?,आम चिलकाते ते मेना:?,aama chilakaate te menaa:?
छात्र: मैं... से हूँ।,Student: I am from…,छात्र: अइंग: ते तइना,chhaatra: ainga: te tainaa
टीचर: क्या आपको समझ आया?,Teacher: Did you understand?,टीचर: चाना: अमके समझ हिजु:वा,tiichara: chaanaa: amake samajha hiju:waa
"छात्र: हाँ, मैं समझ गया।","Student: Yes, I understand.",मेनदो आञ समझ केदाञ।,menado aanya samajha kedaanya।
टीचर: तुमने कल क्या किया?,Teacher: What did you do yesterday?,टीचर: चाना: चिलका रिकाकेदा?,tiichara: chaanaa: chilakaa rikaakedaa?
छात्र: मैंने अपनी किताब पढ़ी।,Student: I read my book.,आञ आपान किताब पढ़व केदाञ।,aanya aapaana kitaaba padhaawa kedaanya।
शिक्षक: इसे संताली में कहिए।,Teacher: Say it in Santali.,नेआ संताली रे काजिआ।,neaa santaalii re kaajiaa।
"टीचर: एक बार कोशिश करो, तुम यह कर सकते हो।","Teacher: Try it once, you can do it.",टीचर: मिआद कोशिश रिकाएआ।,tiichara: miaada koshisha rikaaeaa।
शिक्षक: बहुत बढ़िया!,Teacher: Well done!,शिक्षक: बेसे बढ़िया,shikshaka: bese badhaiyaa
आखिरी सवाल क्या है?,What is the last question?,आखिरी सवाल चानाः मेनाः?,aakhirii sawaala chaanaah menaah?
इसका जवाब क्या होगा?,What will be the answer to this?,नेआ राः जवाब चानाः होबाओआ?,neaa raah jawaaba chaanaah hobaaoaa?
उसने परीक्षा में अच्छा लिखा।,He wrote well in the exam.,इनिः परीक्षा रे बुगिन लिजादाएः।,inih pariikshaa re bugina lijaadaaeh।
सवाल क्या हैं?,What are the questions?,सवाल चिलका मेनाः?,sawaala chilakaa menaah?
सवाल क्या थे?,What were the questions?,सवाल चिलका ताइकेना?,sawaala chilakaa taaikenaa?
पत्र में क्या लिखा है?,What is written in the letter?,पत्र रे चानाः लिखाना?,patra re chaanaah likhaanaa?
आपको क्या बताया गया था?,What were you told?,आम के चाना: उदुब केदा?,aama ke chaanaa: uduba kedaa?
सुप्रभात छात्रों; सीखने के एक नए दिन के लिए स्कूल में आपका स्वागत है।,Good morning students; welcome to school for a new day of learning.,सुप्रभात छात्रकोआः मिआद नवा दिन नातिन स्कूल रे आमाः स्वागत मेनागा।,suprabhaata chhaatrakoaah miaada nawaa dina naatina skuula re aamaah swaagata menaagaa।
"शिक्षक को सादर नमस्कार, आज कक्षा में आकर हमें बहुत खुशी हो रही है।","Hello teacher, we are very happy to be in class today.",शिक्षक के सादर नमस्कार तिसिङ कक्षा रे हिजुःजाना।,shikshaka ke saadara namaskaara tisinga kakshaa re hijuhjaanaa।
आज सुबह का पाठ शुरू करने से पहले आप सभी कैसा महसूस कर रहे हैं?,How are you all feeling before we start this morning's lesson?,तिसिङ हुलंग रेआ: पाठ शुरू ते सिदा आम सोबेन चिलका महसूस तइना,tisinga hulanga reaa: paatha shuruu te sidaa aama sobena chilakaa mahasuusa tainaa
"हम बहुत अच्छे हैं, टीचर, पूछने के लिए धन्यवाद।","We're doing great, teacher, thanks for asking.",आले बेसे बुगिन मेनाः टीचर नातिन धन्यवाद।,aale bese bugina menaah tiichara naatina dhanyawaada।
कृपया जल्दी से क्लासरूम के अंदर आएं और अपनी-अपनी सीटों के पास खड़े हो जाएं।,Please come inside the classroom quickly and stand near your seats.,मेनदो जल्दी ते क्लासरूम तायोमते हिजुःजाना ओड़ोः अपनअः सीट को रआः तइन केना।,menado jaldii te klaasaruuma taayomate hijuhjaanaa odaoh apanaah siita ko raaah taina kenaa।
सभी लोग ठीक से बैठ जाएं ताकि मैं सुबह की हाज़िरी ले सकूं।,Everyone please sit properly so that I can take attendance for the morning.,सोबेन होड़ोको ठीक ते हिजुःजाना चि आञ सुसुन राः हाज़िरी रिकाञा।,sobena hodaoko thiika te hijuhjaanaa chi aanya susuna raah haajairii rikaanyaa।
"अगर आपका नाम पुकारा जाए, तो अपना हाथ उठाएँ और ज़ोर से बोलें ताकि मैं आपकी आवाज़ सुन सकूँ।","If your name is called, raise your hand and speak loudly so I can hear you.",ओड़ोः अइंगअः नुतुम तइन केना दो आञ अमा: उड़ुः लेल तना।,odaoh aingaah nutuma taina kenaa do aanya amaa: udauh lela tanaa।
"क्या आज सब लोग मौजूद हैं, या कोई स्कूल से अनुपस्थित है?","Is everyone present today, or is anyone absent from school?",चि तिसिङ सोबेन होड़ोको मौजूद मेना:?,chi tisinga sobena hodaoko maujuuda menaa:?
वह स्कूल देर से पहुँचा क्योंकि आज सुबह बस देर से आई थी।,He reached school late because the bus was late this morning.,इनिः स्कूल देर ते हिजुःजाना चि तिसिङ बस ओड़ोः ताइकेना।,inih skuula dera te hijuhjaanaa chi tisinga basa odaoh taaikenaa।
"माफ़ कीजिएगा टीचर, मैं कल नहीं आ पाया क्योंकि मैं बीमार था।","Sorry teacher, I couldn't come yesterday because I was sick.",माफ़ केदाए टीचर अइंग कल का हिजुःजाना चि आञ बीमार तइकेना।,maaphaa kedaae tiichara ainga kala kaa hijuhjaanaa chi aanya biimaara taikenaa।
"यह बिल्कुल ठीक है, बस यह पक्का कर लें कि आप अपने दोस्तों से नोट्स कॉपी कर लें।","That's perfectly fine, just make sure you copy notes from your friends.",नेआ बिल्कुल ठीक मेना: चि आम आपान दोस्त को ते नोट्स कॉपी केदा।,neaa bilkula thiika menaa: chi aama aapaana dosta ko te notsa kaॉpii kedaa।
"घंटी बज चुकी है, इसलिए किसी को भी गलियारों में बाहर नहीं दौड़ना चाहिए।","The bell has rung, so no one should run out into the corridors.",नेआ मेनते जेतन कोओ गलियार रे बाहर का होबाओःआ।,neaa menate jetana koo galiyaara re baahara kaa hobaaohaa।
आपका नाम क्या है और आप किस गाँव से इस स्कूल में आए हैं?,What is your name and from which village have you come to this school?,आमाः नुतुम चानाः मेनाः ओड़ोः आम किस गाँव ते ने स्कूल रे हिजुःताना?,aamaah nutuma chaanaah menaah odaoh aama kisa gaanwa te ne skuula re hijuhtaanaa?
मेरी नई किताब के पहले पन्ने पर मेरा नाम साफ़-साफ़ लिखा है।,My name is clearly written on the first page of my new book.,आञाः नवा किताब रआः सिदा पन्नेरे अइंग नुतुम साफ़-साफ़ लिजाना।,aanyaah nawaa kitaaba raaah sidaa pannere ainga nutuma saaphaa-saaphaa lijaanaa।
"हम दोनों यहाँ नए छात्र हैं, कृपया हमें बताएँ कि लाइब्रेरी कहाँ है।","We are both new students here, please tell us where the library is.",आले बरनकिन नेता: नवा छात्र मेना:।,aale baranakina netaa: nawaa chhaatra menaa:।
शिक्षक आ गए हैं; अभी सभी को बिल्कुल शांत रहना चाहिए।,The teacher has arrived; everyone must remain absolutely quiet now.,शिक्षक हिजु: जना: सोबेनको बिल्कुल शांत ताइकेना।,shikshaka hiju: janaa: sobenako bilkula shaanta taaikenaa।
इस शैक्षणिक वर्ष की शुरुआत में आप सभी से मिलकर मुझे बहुत खुशी हो रही है।,I am very happy to meet you all at the beginning of this academic year.,नेआ शैक्षणिक वर्षरा: शुरुआत रे अइंग सोबेन ते नम केआते आञ बेसे खुशी तइना।,neaa shaikshanika warsharaa: shuruaata re ainga sobena te nama keaate aanya bese khushii tainaa।
सुबह की प्रार्थना के दौरान सीधे खड़े रहें और सामने की ओर देखें।,Stand straight and look straight ahead during the morning prayer.,तिसिङ राः प्रार्थना तायोमते सीधे हिजुःजाना।,tisinga raah praarthanaa taayomate siidhe hijuhjaanaa।
कृपया क्लासरूम में घुसते समय अपने पीछे दरवाज़ा बंद कर दें।,Please close the door behind you when entering the classroom.,मेनदो क्लासरूम रे घुसते समय आपान रे दरवाजा बंद केदा।,menado klaasaruuma re ghusate samaya aapaana re darawaajaa banda kedaa।
"आइए, अपने दिन की शुरुआत अच्छे विचारों और सीखने के प्रति मज़बूत लगन के साथ करें।",Let's start our day with positive thoughts and a strong passion for learning.,आइंग आपान दिनरा: शुरुआत अच्छे विचार ओड़ो: सीखना: प्रति मज़बूत लगन ते रिकाएआ।,aainga aapaana dinaraa: shuruaata achchhe wichaara odao: siikhanaa: prati majaabuuta lagana te rikaaeaa।
अपनी किताबें खोलकर तीसरा पाठ निकालें और पहला पैराग्राफ मन ही मन पढ़ें।,"Open your books, take out the third chapter and read the first paragraph mentally.",आपान किताब खोलकेआते सिदा पैराग्राफ मन गे पढ़व केदा।,aapaana kitaaba kholakeaate sidaa pairaagraapha mana ge padhaawa kedaa।
"जब मैं गणित की समस्याओं को समझा रहा हूँ, तो आपस में बात न करें।",Don't talk to each other while I'm explaining math problems.,मेनदो आञ गणितरा: समस्य को समझा तनाञ।,menado aanya ganitaraa: samasya ko samajhaa tanaanya।
तुम यहां क्यों हो?,Why are you here?,आम नेता: रे चिलका होबाओआ?,aama netaa: re chilakaa hobaaoaa?
तुम क्यों आये?,Why did you come?,आञ चिलका ते हिजुःजाना?,aanya chilakaa te hijuhjaanaa?
आप कब पहुँचे?,When did you arrive?,आम चीना: ते सेनो:?,aama chiinaa: te seno:?
आप कब छोड़ रहे हैं?,when are you leaving?,आम चानाः रिका तना?,aama chaanaah rikaa tanaa?
आपके साथ कौन आया था?,Who came with you?,अमअः ते चिलका हिजुःजाना?,amaah te chilakaa hijuhjaanaa?
बाहर कौन इंतज़ार कर रहा है?,Who is waiting outside?,बाहर चिलका इंतज़ार रिका दाड़िआ?,baahara chilakaa intajaaara rikaa daadaiaa?
आपका क्या मतलब है?,what do you mean?,आमाः चिलका मतलब मेना:?,aamaah chilakaa matalaba menaa:?
तुम क्या ढूंढ रहे हो?,What are you looking for?,आञ चानाः काजिआकाना?,aanya chaanaah kaajiaakaanaa?
आप किस ओर जा रहे हैं?,Which way are you going?,आम चीना: ओड़ा: तना:,aama chiinaa: odaaa: tanaa:
क्या यह आपका घर है?,Is this your house?,चिलका नेआ आमाः ओड़ाः मेनाः?,chilakaa neaa aamaah odaaah menaah?
क्या वह तुम्हारा भाई है?,is that your brother?,चि इनिः आञाः भाई ताइकेना?,chi inih aanyaah bhaaii taaikenaa?
क्या आप जाने के लिए तैयार हैं?,are you ready to go?,चिलका आम नातिन तैयार मेना:?,chilakaa aama naatina taiyaara menaa:?
क्या आप आज शाम को खाली हैं?,Are you free this evening?,चिलका आम तिसिङ हुलंग खाली मेनाः?,chilakaa aama tisinga hulanga khaalii menaah?
क्या आप ध्वनि सुन सकते हैं?,Can you hear the sound?,चिलका अम ध्वनि सुनव तना?,chilakaa ama dhwani sunawa tanaa?
क्या आप सड़क देख सकते हैं?,Can you see the road?,चिलका आम सड़क लेल तना?,chilakaa aama sadaaka lela tanaa?
क्या आप दोपहर के भोजन के बाद आ सकते हैं?,Can you come after lunch?,चानाः आम दोपहर राः भोजन तायोमते हिजुःजाना?,chaanaah aama dopahara raah bhojana taayomate hijuhjaanaa?
क्या आप शाम तक रुक सकते हैं?,Can you stay till evening?,चिलका आम सोमाए ते हिजुःजाना?,chilakaa aama somaae te hijuhjaanaa?
क्या आप आज मेरी मदद कर सकते हैं?,Can you help me today?,चिमतुङ आम तिसिङ आञाः मदद केदाञ?,chimatunga aama tisinga aanyaah madada kedaanya?
क्या मैं आपसे बाद में बात कर सकता हूँ?,Can I talk to you later?,चिलका आञ आपान तायोमते जागार रिकाञा?,chilakaa aanya aapaana taayomate jaagaara rikaanyaa?
क्या मुझे आपसे एक सवाल पूछने की इजाज़त है?,May I ask you a question?,चि आञ आमाः मिआद सवाल पूछिआः इजाजत मेना:?,chi aanya aamaah miaada sawaala puuchhiaah ijaajata menaa:?
कृपया अंदर आइये.,come in please.,ओड़ो: अंदर आइंग जना।,odao: andara aainga janaa।
कृपया यहीं बैठें.,Please sit here.,मेनदो नेता: रे बैठव जना।,menado netaa: re baithawa janaa।
कृपया गेट के पास प्रतीक्षा करें.,Please wait near the gate.,ओड़ो: गेट ता: रे प्रतीक्षा रिकाएआ।,odao: geta taa: re pratiikshaa rikaaeaa।
धीरे - धीरे बात करें।,Please speak slowly.,धीरे गी जगर रिकाएआ।,dhiire gii jagara rikaaeaa।
कृपया स्पष्ट रूप से बोलें.,Please speak clearly.,मेनदो स्पष्ट रूपते बोलाओआ।,menado spashta ruupate bolaaoaa।
कृपया मुझे रास्ता दिखायें.,Please show me the way.,मेनदो आञ रास्ता ओमकेदाञ।,menado aanya raastaa omakedaanya।
कृपया मुझे अपना पता बताएं.,Please tell me your address.,मेनदो आञ आपान पता उदुब केदाञ।,menado aanya aapaana pataa uduba kedaanya।
कृपया मुझे अपना नंबर दें।,Please give me your number.,मेनदो आञ आपान नंबर ओमकेदाञ।,menado aanya aapaana nanbara omakedaanya।
कृपया इसे अपने पास रखें.,Please keep it with you.,ओड़ो: नेआ आपान तायोम रिकाएआ।,odao: neaa aapaana taayoma rikaaeaa।
कृपया इसे कल ले आओ.,Please bring it tomorrow.,ओड़ोः नेआको कल लेलकेदाएः।,odaoh neaako kala lelakedaaeh।
कृपया इसे शीघ्र वापस करें।,Please return it promptly.,मेनदो नेआ शीघ्र वापस रिकाएआ।,menado neaa shiighra waapasa rikaaeaa।
कृपया मेरा अनुरोध याद रखें.,Please remember my request.,मेनदो आञाः अनुरोध याद केदाञ।,menado aanyaah anurodha yaada kedaanya।
कृपया छोटे बच्चे की मदद करें।,Please help the little child.,मेनदो होड़ो कोआ: मदद रिकाएआ।,menado hodao koaa: madada rikaaeaa।
जब आप पहुंचें तो कृपया कॉल करें.,Please call when you arrive.,चिमतुङ अम पहुँचे दो कृपया कॉल रिकाएः।,chimatunga ama pahunche do kripayaa kaॉla rikaaeh।
कृपया मुझे बताएं कि आप कब जाएंगे।,Please let me know when you will be leaving.,मेनदो आञ उदुब केदा चि आम कब ताइकेना।,menado aanya uduba kedaa chi aama kaba taaikenaa।
कृपया उसे परेशान न करें.,Please do not disturb him.,मेनदो इनिः परेशान नमोःआ।,menado inih pareshaana namohaa।
कृपया शोर न मचाएं.,Please do not make noise.,मेनदो शोर नमोः जना।,menado shora namoh janaa।
कृपया अपना बैग मत भूलना.,Please don't forget your bag.,ओड़ो: आपान बैग मतलब रिकाएआ।,odao: aapaana baiga matalaba rikaaeaa।
एक सीट ले कृपया।,Please take a seat.,मिआद सीट लेलकेदा।,miaada siita lelakedaa।
कृपया कुछ चाय लीजिए.,Please have some tea.,मेनदो कुछ चाय लीजिओःआ।,menado kuchha chaaya liijiohaa।
विलंब के लिए क्षमा चाहते हैं।,Sorry for the delay.,विलंब नातिन क्षमा चाही,wilanba naatina kshamaa chaahii
परेशानी के लिए खेद है।,Sorry for the trouble.,परेशानी नातिन बेसे मेनाः।,pareshaanii naatina bese menaah।
खेद है कि मैं भूल गया।,Sorry I forgot.,बेसे मेनाः चि आञ भूल जना।,bese menaah chi aanya bhuula janaa।
क्षमा करें मैं व्यस्त था।,Sorry I was busy.,आञ व्यस्त ताइकेना।,aanya wyasta taaikenaa।
"क्षमा करें, मैं नहीं आ सका।","Sorry, I couldn't come.",आञ का हिजुःजाना।,aanya kaa hijuhjaanaa।
"क्षमा करें, मैंने आपकी बात नहीं सुनी।","Sorry, I didn't hear you.",आञ आमाः जागार काञ सुकुञा।,aanya aamaah jaagaara kaanya sukunyaa।
"क्षमा करें, मैंने आपको नहीं देखा।","Sorry, I didn't see you.",अइंगअः कजि केदाञ आञ के काञ काजिकेदाए।,aingaah kaji kedaanya aanya ke kaanya kaajikedaae।
आने के लिए धन्यवाद।,Thanks for coming.,आपान नातिन धन्यवाद।,aapaana naatina dhanyawaada।
मेरा इंतज़ार करने के लिए धन्यवाद.,Thank you for waiting for me.,आञा: इंतज़ार नातिन धन्यवाद,aanyaa: intajaaara naatina dhanyawaada
मुझे बताने के लिए धन्यवाद।,Thanks for letting me know.,आञ उदुब नातिन धन्यवाद।,aanya uduba naatina dhanyawaada।
कॉल करने के लिए धन्यवा।,Thank you for calling.,कॉल रिका नातिन धन्यवा,kaॉla rikaa naatina dhanyawaa
तुम्हारे उपहार के लिए धन्यवाद।,Thank you for the gift.,आञाः उपहार नातिन धन्यवाद।,aanyaah upahaara naatina dhanyawaada।
आपकी दयालुता के लिए धन्यवाद।,Thank you for your kindness.,अमअः दयालुता नातिन धन्यवाद।,amaah dayaalutaa naatina dhanyawaada।
मेरी मदद के लिए धन्यवाद।,Thanks for helping me.,आञाः मदद नातिन धन्यवाद।,aanyaah madada naatina dhanyawaada।
जानकारी के लिए आभार।,Thanks for the information.,जानकारी नातिन आभार।,jaanakaarii naatina aabhaara।
याद दिलाने के लिए धन्यवाद।,Thanks for reminding me.,याद दिलाना नातिन धन्यवाद।,yaada dilaanaa naatina dhanyawaada।
इसे लाने के लिए धन्यवाद.,Thanks for bringing it up.,नेया ला: नातिन धन्यवाद,neyaa laa: naatina dhanyawaada
आप से मिली मदद मेरे लिए सच में सराहनीय है।,I really appreciate your help.,आम ते मिली मदद आञ नातिन सच रे सराहनीय मेना:।,aama te milii madada aanya naatina sacha re saraahaniiya menaa:।
वह आपकी बहुत दयालुता थी.,That was very kind of you.,इनिः आमाः बेसे दयालुता ताइकेना।,inih aamaah bese dayaalutaa taaikenaa।
मुझे धन्यवाद कहने की कोई ज़रूरत नहीं है।,No need to thank me.,आञ धन्यवाद काजिआः जारूड़ु का ताइकेना।,aanya dhanyawaada kaajiaah jaaruudau kaa taaikenaa।
सूरज उगने से पहले उठें.,Get up before sunrise.,सूरज उड़ु: ते सिदा सेनो:।,suuraja udau: te sidaa seno:।
सुबह खिड़की खोलो.,Open the window in the morning.,तिसिङ खिड़की खोबोर।,tisinga khidaakii khobora।
अपना कम्बल मोड़ो.,Fold your blanket.,आपान कम्बल मोड़ो।,aapaana kambala modao।
अपना तकिया जगह पर रखें.,Keep your pillow in place.,आपान तकिया जगह रे रिकाएआ।,aapaana takiyaa jagaha re rikaaeaa।
अपना चेहरा धो लो।,wash your face.,अइंगअः चेहरा धोलोः।,aingaah cheharaa dholoh।
अपना मुँह धो लो.,Wash your face.,अमा: मुह धोकेदा।,amaa: muha dhokedaa।
साफ कपड़े पहनें.,Wear clean clothes.,साफ कपड़ा सिदा।,saapha kapadaaa sidaa।
अपना सामान पैक करो.,pack your bags.,आपान सामान पैक केदा।,aapaana saamaana paika kedaa।
जाने से पहले अपना बैग जांच लें.,Check your bag before you leave.,तायोमते सिदा आपान बैग जांच जना।,taayomate sidaa aapaana baiga jaancha janaa।
स्कूल से पहले कुछ खाओ.,Eat something before school.,स्कूल ते सिदा कुछ खाओआ।,skuula te sidaa kuchha khaaoaa।
जागने के बाद पानी पियें।,Drink water after waking up.,जागना तायोम ते पानी ओड़ो:आ।,jaaganaa taayoma te paanii odao:aa।
अपने जूते ठीक से बांधें.,Tie your shoes properly.,आपान जूता ठीक ते बांधव,aapaana juutaa thiika te baandhawa
अपने बालों में अच्छे से कंघी करें।,Comb your hair thoroughly.,अइंगअः होड़ो कोरे बुगिन ते उड़ुः तना।,aingaah hodao kore bugina te udauh tanaa।
जाने से पहले समय जांच लें.,Check the time before you go.,तायोमते सिदा समय जांच केदा।,taayomate sidaa samaya jaancha kedaa।
समय पर घर से निकलें.,Leave home on time.,समय रे ओड़ा: ते सेनो:।,samaya re odaaa: te seno:।
अपनी चाबियाँ मत भूलना.,Don't forget your keys.,अइंगअः चाबियाँ नमोः तना।,aingaah chaabiyaan namoh tanaa।
अपने कमरे को साफ सुथरा रखें.,Keep your room clean.,आपान कमरा के साफ सुथरा रिकाएआ।,aapaana kamaraa ke saapha sutharaa rikaaeaa।
अपने कपड़े दूर रखो.,Put your clothes away.,अइंगअः कपड़ा ओड़ोः रआः।,aingaah kapadaaa odaoh raaah।
अपना दोपहर का भोजन अपने साथ ले जाएं।,Take your lunch with you.,आपान दोपहर राः भोजन अइंग ते हिजुःजाना।,aapaana dopahara raah bhojana ainga te hijuhjaanaa।
जाने से पहले अलविदा कहो.,Say goodbye before you leave.,तायोमते सिदा अलविदा चानाः।,taayomate sidaa alawidaa chaanaah।
रसोई के फर्श को साफ करें.,Clean the kitchen floor.,रसोईरा: फर्श को साफ रिकाएआ।,rasoiiraa: pharsha ko saapha rikaaeaa।
मेज पोंछो.,Wipe the table.,मेज पोंछो,meja ponchho
कप धो लें.,Wash the cup.,कप धोकेदाए।,kapa dhokedaae।
दोपहर के भोजन के बाद प्लेटें धो लें।,Wash the plates after lunch.,दोपहर राः भोजन तायोमते प्लेटें धोकेदा।,dopahara raah bhojana taayomate pleten dhokedaa।
बर्तन बाहर सुखाएं.,Dry the dishes outside.,बर्तन बाहर सुखाएं।,bartana baahara sukhaaen।
बर्तन दूर रख दो.,Put the dishes away.,बर्तन ओड़ो: तना।,bartana odao: tanaa।
पानी की बोतल भरें.,Fill the water bottle.,पानीरा: बोतल बाइआ।,paaniiraa: botala baaiaa।
कूड़े की टोकरी खाली करो.,Empty the wastebasket.,कूड़ा रा: टोकरी खाली केदा।,kuudaaa raa: tokarii khaalii kedaa।
कूड़ा बाहर ले जाओ.,Take the garbage out.,कूड़ा बाहर हिजुःजाना।,kuudaaa baahara hijuhjaanaa।
कमरे में सावधानी से झाड़ू लगायें।,Sweep the room carefully.,कमरा रे सावधानी ते झाड़ू लगिन।,kamaraa re saawadhaanii te jhaadauu lagina।
फर्नीचर को झाड़ो।,dust the furniture.,फर्नीचर के झाड़िआ।,pharniichara ke jhaadaiaa।
द्वार साफ़ करें.,Clear the door.,द्वार साफ़ मेनाः।,dwaara saaphaa menaah।
कुर्सियाँ व्यवस्थित करें.,Arrange the chairs.,कुर्सीको व्यवस्थित ताइकेना।,kursiiko wyawasthita taaikenaa।
टेबल को एक तरफ हटा दें.,Move the table aside.,टेबल के मिआद ओड़ो: हटा केदा।,tebala ke miaada odao: hataa kedaa।
चटाई अंदर ले आओ.,Bring the mat inside.,चटाई अटअः ते हिजुःजाना।,chataaii ataah te hijuhjaanaa।
चटाई को बाहर हिलाएं.,Shake the mat outside.,चटाई के बाहर हिलाव,chataaii ke baahara hilaawa
कपड़ों को सूखने के लिए लटका दें।,Hang the clothes to dry.,कपड़को सूखव नातिन लटका ओड़ोः।,kapadaako suukhawa naatina latakaa odaoh।
सूखे कपड़े अंदर ले आओ.,Bring dry clothes inside.,सूखे कपड़ा ओड़ोः ते हिजुःजाना।,suukhe kapadaaa odaoh te hijuhjaanaa।
धुले हुए कपड़ों को मोड़ें.,Fold the washed clothes.,धुला जना कपड़ को मोड़ेंआ।,dhulaa janaa kapadaa ko modaenaa।
कपड़े अलमारी में रख दो।,Put the clothes in the cupboard.,कपड़े अलमारी रे रिकाकेदाए।,kapadae alamaarii re rikaakedaae।
मेरी माँ आराम कर रही है.,My mother is resting.,आञ आराम रिका तनाञ।,aanya aaraama rikaa tanaanya।
मेरे पिता अखबार पढ़ रहे हैं.,My father is reading the newspaper.,आञाः पिता अखबार पढ़व ताइकेना।,aanyaah pitaa akhabaara padhaawa taaikenaa।
मेरा भाई अपना होमवर्क कर रहा है.,My brother is doing his homework.,आञाः भाई आपान होमवर्क रिका तना।,aanyaah bhaaii aapaana homawarka rikaa tanaa।
मेरी बहन मां की मदद कर रही है.,My sister is helping mother.,अइंगअः होड़ो को अएः मदद रिका तइना।,aingaah hodao ko aeh madada rikaa tainaa।
मेरी दादी चाय पी रही हैं.,My grandmother is drinking tea.,अइंगअः दादी चाय तइन केना।,aingaah daadii chaaya taina kenaa।
मेरे दादाजी बाहर घूम रहे हैं।,My grandfather is out walking.,आञा: दादाजी बाहर घूमव तना।,aanyaa: daadaajii baahara ghuumawa tanaa।
मेरे माता-पिता एक साथ बात कर रहे हैं.,My parents are talking together.,आञाः माता-पिता मिआद ते जगर तना।,aanyaah maataa-pitaa miaada te jagara tanaa।
मेरा परिवार एक साथ बैठा है.,My family is sitting together.,आञाः परिवार मिआद ते बैठिआञ।,aanyaah pariwaara miaada te baithiaanya।
मेरे चाचा कल आये थे.,My uncle came yesterday.,आञाः चाचा कल हिजुःजाना।,aanyaah chaachaa kala hijuhjaanaa।
मेरी चाची ने आज सुबह फोन किया।,My aunt called this morning.,आञाः चाची तिसिंग हुलंग फोन केदाञ।,aanyaah chaachii tisinga hulanga phona kedaanya।
मेरा चचेरा भाई हमारे घर आया।,My cousin came to our house.,आञाः चचेरा भाई अइंगअः रे हिजुःजाना।,aanyaah chacheraa bhaaii aingaah re hijuhjaanaa।
मेरे छोटे भाई को मदद की ज़रूरत है.,My little brother needs help.,अइंगअः बुगिन भाई के मदद रआः जरूड़ी मेना:।,aingaah bugina bhaaii ke madada raaah jaruudaii menaa:।
मेरी छोटी बहन खेल रही है.,My younger sister is playing.,अइंगअः बुगिन बइओः तना।,aingaah bugina baioh tanaa।
मेरा बड़ा भाई कॉलेज में है.,My elder brother is in college.,आञाः बड़ा भाई कॉलेज रे मेना:।,aanyaah badaaa bhaaii kaॉleja re menaa:।
मेरी बड़ी बहन काम पर है.,My elder sister is at work.,आञाः बड़ी बहन कामि रे मेना:।,aanyaah badaii bahana kaami re menaa:।
मेरा परिवार कल हमसे मिलने आएगा।,My family will come to visit us tomorrow.,अइंगअः परिवार तिसिङ अले ते हिजुःजाना।,aingaah pariwaara tisinga ale te hijuhjaanaa।
मेरे माता-पिता जल्द ही लौट आएंगे.,My parents will return soon.,आञाः मातापिता जल्दगे लौट हिजुःजाना।,aanyaah maataapitaa jaldage lauta hijuhjaanaa।
घर पर सभी लोग व्यस्त हैं.,Everyone is busy at home.,ओड़ाः रे सोबेन होड़ोको व्यस्त मेना:।,odaaah re sobena hodaoko wyasta menaa:।
हमारे परिवार से कोई बाहर है.,Someone from our family is out.,आलेआः परिवार ते जेतन बाहर मेना:।,aaleaah pariwaara te jetana baahara menaa:।
हम अपने रिश्तेदारों के साथ खाना खाएंगे.',We will have dinner with our relatives.,आले आपान रिश्तेदार कोआः ते खाना खाओःआ।,aale aapaana rishtedaara koaah te khaanaa khaaohaa।
पकाने से पहले चावल धो लें.,Wash the rice before cooking.,पकाना ते सिदा चावल धोकेदा।,pakaanaa te sidaa chaawala dhokedaa।
खाने से पहले फलों को धो लें.,Wash the fruits before eating.,खाने ते सिदा फलों को धोकेदा।,khaane te sidaa phalon ko dhokedaa।
प्याज को सावधानी से काटें.,Cut the onion carefully.,प्याज के सावधानी ते काटे:,pyaaja ke saawadhaanii te kaate:
सब्जियों को समान रूप से काटें.,Cut the vegetables evenly.,सोबेन को समान रूपते काटे:।,sobena ko samaana ruupate kaate:।
फल छीलें.,Peel the fruit.,फल छीलें,phala chhiilen
मसाले पीस लीजिये.,Grind the spices.,मसाले पीस लीजाना।,masaale piisa liijaanaa।
पैन गरम करें.,Heat the pan.,पैन गरम रिकाएआ।,paina garama rikaaeaa।
पैन को स्टोव पर रखें.,Place the pan on the stove.,पैन के स्टोव रे ताइकेना।,paina ke stowa re taaikenaa।
थोड़ा तेल डालें.,Add some oil.,थोड़ा तेल डालकेदा।,thodaaa tela daalakedaa।
पैन में सब्जियाँ डालें।,Add vegetables to the pan.,पैन रे सब्जियाँ रिकाकेदा।,paina re sabjiyaan rikaakedaa।
- करी को धीरे-धीरे हिलाएं.,- Stir the curry gently.,करी के धीरे हिलाओआ।,karii ke dhiire hilaaoaa।
बर्तन को ढक्कन से ढक दें.,Cover the vessel with a lid.,बर्तन को ढक्कन ते ढकुआ।,bartana ko dhakkana te dhakuaa।
चावल को दोबारा जांचें.,Double-check the rice.,चावल दोबारा जांच जना,chaawala dobaaraa jaancha janaa
करी का स्वाद चखें.,Taste the curry.,करी रा: स्वाद चखव,karii raa: swaada chakhawa
आंच धीमी कर दें.,Reduce the flame.,आंच धीमी केदा।,aancha dhiimii kedaa।
चूल्हे को बंद करना।,turn off the stove.,चूल्हा के बंद रिकाएआ।,chuulhaa ke banda rikaaeaa।
खाना परोसें.,Serve the food.,खाना परोसाए।,khaanaa parosaae।
भोजन को एक कटोरे में रखें.,Place the food in a bowl.,भोजन के मिआद कटोरे रिकाएः।,bhojana ke miaada katore rikaaeh।
भोजन को ढककर रखें।,Keep the food covered.,भोजन के ढककेआते रिकाएआ।,bhojana ke dhakakeaate rikaaeaa।
खाना पकाने के बाद रसोई को साफ करें।,Clean the kitchen after cooking.,खाना पकाना तायोमते रसोई के साफ रिकाएआ।,khaanaa pakaanaa taayomate rasoii ke saapha rikaaeaa।
चावल लेंगे?,would you like some rice?,चावल लेका?,chaawala lekaa?
क्या आप कुछ करी चाहेंगे?,Would you like some curry?,चिलका आम कुछ करी चाही,chilakaa aama kuchha karii chaahii
क्या आप एक और कप चाहेंगे?,Would you like another cup?,चिमतुङ मिआद ओड़ो: कप चाही,chimatunga miaada odao: kapa chaahii
कृपया एक और सर्विंग लें।,Please have another serving.,मेनदो मिआद ओड़ो: सर्विंग ताइकेना।,menado miaada odao: sarwinga taaikenaa।
मुझे एक छोटा सा हिस्सा चाहिए.,I want a small portion.,आञ मिआद बेसे हिस्सा चाही।,aanya miaada bese hissaa chaahii।
मुझे पूरी प्लेट चाहिए.,I want a full plate.,आञ सोबेन प्लेट लागातिङा।,aanya sobena pleta laagaatingaa।
मुझे एक साफ चम्मच चाहिए.,I need a clean spoon.,आञ मिआद साफ चम्मच मेनाः।,aanya miaada saapha chammacha menaah।
मुझे एक साफ कटोरा चाहिए.,I need a clean bowl.,आञ मिआद साफ कटोरा लागातिङा।,aanya miaada saapha katoraa laagaatingaa।
चावल की खुशबू अच्छी है.,The aroma of the rice is good.,चावलरा: खुशबू बुगिन मेना:।,chaawalaraa: khushabuu bugina menaa:।
करी की खुशबू तेज़ है.,The aroma of curry is strong.,करीरा: खुशबू तेज मेना:,kariiraa: khushabuu teja menaa:
खाना स्वादिष्ट है.,the food is delicious.,खाना स्वादिष्ट मेना:।,khaanaa swaadishta menaa:।
खाना बहुत नमकीन है.,The food is very salty.,खाना बेसे नमकीन मेना:,khaanaa bese namakiina menaa:
खाना पर्याप्त गर्म नहीं है.,The food is not hot enough.,खाना पर्याप्त गर्म का मेनाः।,khaanaa paryaapta garma kaa menaah।
दूध गर्म है.,The milk is hot.,दूध गर्म मेना:।,duudha garma menaa:।
पानी का स्वाद ताज़ा है.,The water tastes fresh.,पानी रा: स्वाद ताजा मेना:,paanii raa: swaada taajaa menaa:
मैं खाने के लिए तैयार हूं.,I am ready to eat.,आञ खाने नातिन तैयार तइना।,aanya khaane naatina taiyaara tainaa।
हम अब खा सकते हैं.,We can eat now.,आले नाआः नमोःआ।,aale naaaah namohaa।
पहले बच्चों को खाने दो।,Let the children eat first.,सिदा होड़ोको के खाने दो।,sidaa hodaoko ke khaane do।
बच्चों के लिए कुछ खाना रख लें.,Keep some food for the children.,होड़ोको नातिन कुछ खाना रिकाकेदाए।,hodaoko naatina kuchha khaanaa rikaakedaae।
अपना खाना बर्बाद मत करो.,Don't waste your food.,आपान खाना बर्बाद रिकाएआ।,aapaana khaanaa barbaada rikaaeaa।
मैं किराने का सामान खरीदने जा रहा हूं.,I am going to buy groceries.,आञ किराना राः सामान खरीद तना।,aanya kiraanaa raah saamaana khariida tanaa।
हमें कुछ चावल चाहिए.,We need some rice.,आले सोबेन चावल लागातिङा।,aale sobena chaawala laagaatingaa।
हमें थोड़ा तेल चाहिए.,We need some oil.,आले थोड़ा तेल लागातिङा।,aale thodaaa tela laagaatingaa।
हमें थोड़ी चीनी चाहिए.,We need some sugar.,आले बेसे चीनी लागातिङा।,aale bese chiinii laagaatingaa।
हमें थोड़ा नमक चाहिए.,We need some salt.,आले थोड़ा नमक लागातिङा।,aale thodaaa namaka laagaatingaa।
हमें कुछ साबुन चाहिए.,We need some soap.,आले सोबेन साबुन लागातिङा।,aale sobena saabuna laagaatingaa।
हमें कुछ कपड़े चाहिए.,We need some clothes.,अइंग कुछ कपड़ा लागातिङा।,ainga kuchha kapadaaa laagaatingaa।
हमें स्कूल यूनिफॉर्म चाहिए.,We need school uniforms.,आले स्कूल यूनिफॉर्म लागातिङा।,aale skuula yuuniphaॉrma laagaatingaa।
यह बैग कितने का है?,How much is this bag?,नेआ बैग चिलका रा: मेना:?,neaa baiga chilakaa raa: menaa:?
यह शर्ट कितने की है?,how much is this shirt?,नेआ शर्ट चिलका रआः मेनाः?,neaa sharta chilakaa raaah menaah?
क्या मैं दूसरा रंग देख सकता हूँ?,Can I see another color?,चिलका आञ दोसरा रंग लेल तनाञ?,chilakaa aanya dosaraa ranga lela tanaanya?
क्या मैं इस पर प्रयास कर सकता हूँ?,Can I try this on?,चिलका आञ नेआरे प्रयास रिकाञा?,chilakaa aanya neaare prayaasa rikaanyaa?
क्या आपके पास छोटा आकार है?,Do you have a smaller size?,चिमतुङ आमाः ता: पुरा: आकार मेना:?,chimatunga aamaah taa: puraa: aakaara menaa:?
क्या आपके पास बड़ा आकार है?,Do you have a larger size?,चि आमा: ता: रे बड़ा आकार मेना:?,chi aamaa: taa: re badaaa aakaara menaa:?
क्या कोई छूट है?,Is there any discount?,चिलका छूट मेना:?,chilakaa chhuuta menaa:?
कृपया इन्हें अलग से पैक करें।,Please pack these separately.,मेनदो इनिः अलग ते पैक रिकाएः।,menado inih alaga te paika rikaaeh।
मैं नकद भुगतान करूंगा.,I will pay in cash.,आञ नकद भुगतान रिकाञा।,aanya nakada bhugataana rikaanyaa।
कृपया परिवर्तन को गिनें.,Please count the change.,मेनदो परिवर्तन को गिड़िआ।,menado pariwartana ko gidaiaa।
मुझे एक रसीद चाहिए.,I need a receipt.,आञ मिआद रसीद चाही।,aanya miaada rasiida chaahii।
मैं कल वापस आउंगा।,I will come back tomorrow.,आञ तिसिङ हिजुःजानाञ।,aanya tisinga hijuhjaanaanya।
मेरा पैसा कहाँ है?,Where is my money?,आञाः पैसा चानाः मेनाः?,aanyaah paisaa chaanaah menaah?
मैंने अपना पैसा घर पर छोड़ दिया।,I left my money at home.,आञ आपान पैसा ओड़ो:रे छोड़ केदाञ।,aanya aapaana paisaa odao:re chhodaa kedaanya।
मेरे पास कुछ नकदी है.,I have some cash.,अइंगअः रे हुड़िङ नकदी मेना:।,aingaah re hudainga nakadii menaa:।
मुझे कुछ बदलाव की जरूरत है.,I need some changes.,आञ जांए बदलाव राः जारूड़ु मेनाः।,aanya jaane badalaawa raah jaaruudau menaah।
क्या तुम मुझे कुछ पैसे उधार दे सकते हो?,can you lend me some money?,चिमतुङ आञ जाकेद पैसा उधार दाड़िआञ?,chimatunga aanya jaakeda paisaa udhaara daadaiaanya?
मैं कल पैसे लौटा दूंगा.,I will return the money tomorrow.,अइंग कल पैसा लौटा केदा।,ainga kala paisaa lautaa kedaa।
मैंने सही राशि का भुगतान किया.,I paid the correct amount.,आञ सोबेन राशि राः भुगतान रिकाकेदाञ।,aanya sobena raashi raah bhugataana rikaakedaanya।
दुकानदार ने मुझे खुले पैसे दिये।,The shopkeeper gave me the money in cash.,दुकानदार आञ आपान पैसा ओमकेदाञ।,dukaanadaara aanya aapaana paisaa omakedaanya।
पैसों को ध्यान से गिनें.,Count the money carefully.,पैसा को ध्यान ते गिड़िआ।,paisaa ko dhyaana te gidaiaa।
अपना पैसा सुरक्षित रखें.,Keep your money safe.,आपान पैसा सुरक्षित रिकाएआ।,aapaana paisaa surakshita rikaaeaa।
मेज पर पैसे मत छोड़ो.,Don't leave money on the table.,मेज रे पैसा मत छोड़ोआ।,meja re paisaa mata chhodaoaa।
मुझे एक सिक्का मिला.,I found a coin.,आञ मिआद सिक्का नमकेदाञ।,aanya miaada sikkaa namakedaanya।
नोट फटा हुआ है.,The note is torn.,नोट फटा जना।,nota phataa janaa।
क्या आपके पास छोटे नोट हैं?,Do you have small notes?,चिमतुङ आमाः ता: पुरा: नोट मेना:?,chimatunga aamaah taa: puraa: nota menaa:?
मुझे एक सौ रूपये की जरूरत है.,I need one hundred rupees.,आञ मिआद सौ रूपया राः जरूड़ी मेना:।,aanya miaada sau ruupayaa raah jaruudaii menaa:।
मेरे पास केवल पचास रुपये हैं।,I only have fifty rupees.,अइंगअः तायोम पचास रुपया मेना:।,aingaah taayoma pachaasa rupayaa menaa:।
कीमत बढ़ गई.,The price increased.,सेनोः जना।,senoh janaa।
आज कीमत कम है.,The price is low today.,तिसिङ राः कम मेनाः।,tisinga raah kama menaah।
मैं इसे बर्दाश्त नहीं कर सकता.,I can't tolerate this.,आञ नेआ राः काएः रिकाएआ।,aanya neaa raah kaaeh rikaaeaa।
चलो कोई सस्ता सामान खरीद लेते हैं.,Let's buy something cheap.,चलो जांए सोबेन सामान खरीद रिकाएआ।,chalo jaane sobena saamaana khariida rikaaeaa।
मैं स्कूल के गेट पर इंतजार कर रहा हूं.,I am waiting at the school gate.,आञ स्कूल राः गेट रे इंतजार तना।,aanya skuula raah geta re intajaara tanaa।
मेरा दोस्त मुझसे पहले आ गया.,My friend came before me.,आञाः दोस्त आइंगते सिदा हिजुःजाना।,aanyaah dosta aaingate sidaa hijuhjaanaa।
आठ बजे गेट खुलता है.,The gate opens at eight o'clock.,आठ बजे गेट खुलता मेना:।,aatha baje geta khulataa menaa:।
कई छात्र पहुंच रहे हैं.,Many students are arriving.,सोबेन होड़ोको तायोम तना।,sobena hodaoko taayoma tanaa।
स्कूल का रास्ता व्यस्त है.,The road to school is busy.,स्कूल रा: रास्ता व्यस्त मेना:,skuula raa: raastaa wyasta menaa:
मैं अपना स्कूल बैज भूल गया.,I forgot my school badge.,आञ आपान स्कूल बैज भूल केदाञ।,aanya aapaana skuula baija bhuula kedaanya।
मेरी वर्दी तैयार है.,My uniform is ready.,आञाः वर्दी तैयार मेना:।,aanyaah wardii taiyaara menaa:।
मेरे जूते गंदे हैं.,My shoes are dirty.,आञाः जूता गंदे मेना:।,aanyaah juutaa gande menaa:।
मुझे अपने जूते साफ करने हैं.,I have to clean my shoes.,आञ आपान जूता साफ केदाञ।,aanya aapaana juutaa saapha kedaanya।
सुबह की सभा शुरू होने वाली है.,The morning meeting is about to begin.,तिसिङ राः सभा होबाओःताना।,tisinga raah sabhaa hobaaohtaanaa।
छात्र बाहर खड़े हैं.,The students are standing outside.,छात्र बाहर हिजुःताना।,chhaatra baahara hijuhtaanaa।
शिक्षक आ रहे हैं.,The teachers are coming.,शिक्षक हिजुःताना।,shikshaka hijuhtaanaa।
मैं अपनी कक्षा की तलाश कर रहा हूं.,I am looking for my class.,आञ आपान कक्षारा: तलाश रिका तनाञ।,aanya aapaana kakshaaraa: talaasha rikaa tanaanya।
मेरी कक्षा भूतल पर है.,My class is on the ground floor.,आञाः कक्षा भूतल रे मेना:।,aanyaah kakshaa bhuutala re menaa:।
हमारी क्लास लाइब्रेरी के पास है.,Our class is near the library.,आले क्लास लाइब्रेरी रे मेना:।,aale klaasa laaibrerii re menaa:।
गलियारे में भीड़ है.,The corridor is crowded.,गलियारे भीड़ मेना:।,galiyaare bhiidaa menaa:।
सीढ़ियाँ व्यस्त हैं.,The stairs are busy.,सीढ़ी व्यस्त मेना:,siidhaii wyasta menaa:
मैंने अपनी पानी की बोतल बाहर छोड़ दी।,I left my water bottle outside.,आञ आपान पानीरा: बोतल बाहर केदाञ।,aanya aapaana paaniiraa: botala baahara kedaanya।
मेरा दोस्त मेरा इंतज़ार कर रहा है.,My friend is waiting for me.,अइंगअः दोस्त आञाः इंतज़ार रिका तना।,aingaah dosta aanyaah intajaaara rikaa tanaa।
चलो एक साथ क्लास में चलते हैं.,Let's go to class together.,चलो मिआद ते क्लास रे चलव तना।,chalo miaada te klaasa re chalawa tanaa।
ब्लैकबोर्ड कहाँ है?,Where is the blackboard?,ब्लैकबोर्ड चिलका मेनाः?,blaikaborda chilakaa menaah?
चाक मेज पर है.,The chalk is on the table.,चाक मेज रे मेना:,chaaka meja re menaa:
चाक का एक और टुकड़ा लाओ.,Get another piece of chalk.,चाकरा: मिआद ओड़ो: टुकड़ा लाओ।,chaakaraa: miaada odao: tukadaaa laao।
डस्टर बोर्ड के पास है.,The duster is near the board.,डस्टर बोर्ड ता: रे मेना:।,dastara borda taa: re menaa:।
डेस्क खाली है.,The desk is empty.,डेस्क खाली मेना:।,deska khaalii menaa:।
इस कुर्सी की मरम्मत की जरूरत है.,This chair needs repair.,ने कुर्सीरा: मरम्मत रा: जरूड़ी मेना:,ne kursiiraa: marammata raa: jaruudaii menaa:
डेस्क को करीब ले जाएं.,Move the desk closer.,डेस्क के करीब लेल केदा।,deska ke kariiba lela kedaa।
अपना बैग डेस्क के पास रखें.,Keep your bag near the desk.,आपान बैग डेस्क तायोमते रिकाएआ।,aapaana baiga deska taayomate rikaaeaa।
अपने पैर डेस्क पर न रखें.,Do not keep your feet on the desk.,आपान पैर डेस्क रे नमोः तना।,aapaana paira deska re namoh tanaa।
कक्षा की घड़ी धीमी है.,The classroom clock is slow.,कक्षा रा: घड़ी धीमी मेना:,kakshaa raa: ghadaii dhiimii menaa:
खिड़की को सफ़ाई की ज़रूरत है.,The window needs cleaning.,खिड़की के सफ़ाई रा: जरूड़ी मेना:,khidaakii ke saphaaaii raa: jaruudaii menaa:
दरवाज़ा अटका हुआ है.,The door is stuck.,दरवाजा अटका जना।,darawaajaa atakaa janaa।
कृपया पर्दा खोलें.,Please open the curtain.,ओड़ो: पर्दा खोबोर।,odao: pardaa khobora।
कृपया पर्दा बंद कर दीजिए.,Please close the curtain.,ओड़ो: पर्दा बंद केदाए।,odao: pardaa banda kedaae।
बोर्ड धूल भरा है.,The board is dusty.,बोर्ड धूल भरा तना।,borda dhuula bharaa tanaa।
जाने से पहले बोर्ड साफ़ करें.,Clear the board before you leave.,तायोमते सिदा बोर्ड साफ केदा।,taayomate sidaa borda saapha kedaa।
चाक वापस रख दो.,Put the chalk back.,ओड़ोः चाक ओड़ोः रिकाकेदाएः।,oda़oh chaaka oda़oh rikaakedaaeh.
डस्टर को शेल्फ पर रखें।,Place the duster on the shelf.,डस्टर के शेल्फ रे ताइकेना।,dastara ke shelpha re taaikenaa.
कक्षा का फर्नीचर न तोड़ें.,Do not break classroom furniture.,कक्षा रेआ फर्नीचर नमोः रिकाएः।,kakshaa reaa pharniichara namoh rikaaeh.
कक्षा सामग्री सुरक्षित रखें।,Keep classroom materials safe.,ओड़ो: कक्षा सामग्री सुरक्षित ताइकेना।,oda़o: kakshaa saamagrii surakshita taaikenaa.
सुबह की सभा शुरू हो रही है.,The morning meeting is starting.,सिंगि हुलंग रेआ सभा शुरू होबाओआ।,singi hulanga reaa sabhaa shuruu hobaaoaa.
प्रार्थना शुरू होने वाली है.,The prayer is about to begin.,ओड़ोः प्रार्थना शुरू होबाओःआ।,oda़oh praarthanaa shuruu hobaaohaa.
हम लाइन में खड़े हैं.,We are standing in line.,आले लाइन रे हिजुःजाना।,aale laaina re hijuhjaanaa.
हाजिरी ली जा रही है.,Attendance is being taken.,मेनदो हाजिरी लीजाना।,menado haajirii liijaanaa.
शिक्षक नाम पुकार रहा है.,The teacher is calling names.,ओड़ो: शिक्षक नाम पुकार तना:,oda़o: shikshaka naama pukaara tanaa:
हमारा एक छोटा सा ब्रेक है.,We have a short break.,आलेआ मिआद मोटा सा ब्रेक मेना:।,aaleaa miaada motaa saa breka menaa:.
दोपहर के भोजन का समय हो गया।,it is time for lunch.,नेपहर राः भोजन राः समय होबा जना।,nepahara raah bhojana raah samaya hobaa janaa.
अगली कक्षा तैयार है.,The next class is ready.,मेनदो अगली कक्षा तैयार मेना:।,menado agalii kakshaa taiyaara menaa:.
स्कूल का दिन लगभग ख़त्म हो चुका है.,The school day is almost over.,ओड़ोः स्कूल राः दिन लगभग सेनोःतान ताइना।,oda़oh skuula raah dina lagabhaga senohtaana taainaa.
छात्र इमारत छोड़ रहे हैं.,Students are leaving the building.,छात्र इमारत छात्र इमारत छोड़व तनाए।,chhaatra imaarata chhaatra imaarata chhoda़wa tanaae.
बसें बाहर इंतज़ार कर रही हैं.,The buses are waiting outside.,मेनदो बसको बाहर इंतज़ार रिका तनाए।,menado basako baahara intaja़aara rikaa tanaae.
मैं कक्षा के बाद पुस्तकालय जा रहा हूँ।,I am going to the library after class.,आञ कक्षा तायोमते पुस्तकालय जानाञ।,aanya kakshaa taayomate pustakaalaya jaanaanya.
आज हमारे पास खेल हैं।,We have games today.,तिसिंग तिसिङ आले आलेआः तायोम मेनाः।,tisinga tisinga aale aaleaah taayoma menaah.
आज हमारे पास ड्राइंग है.,Today we have drawing.,तिसिंग तिसिङ आलेआः रे ड्राइंग मेना:।,tisinga tisinga aaleaah re draainga menaa:.
आज हमारी प्रैक्टिकल क्लास है.,Today is our practical class.,तिसिङ आले आले प्रैक्टिकल क्लास मेना:।,tisinga aale aale praiktikala klaasa menaa:.
हमारी कक्षा में एक छोटी गतिविधि है।,We have a small activity in our class.,आलेआः कक्षा रे मिआद छोटी गतिविधि मेना:।,aaleaah kakshaa re miaada chhotii gatiwidhi menaa:.
शिक्षक ने हमें एक वर्कशीट दी।,The teacher gave us a worksheet.,आले आले मिआद वर्कशीट केदाएः।,aale aale miaada warkashiita kedaaeh.
हमें वर्कशीट सबमिट करनी होगी.,We need to submit the worksheet.,आले आले वर्कशीट सबमिट केदाएः।,aale aale warkashiita sabamita kedaaeh.
विद्यालय कार्यालय खुला है.,The school office is open.,विद्यालय कार्यालय खुला मेनाः।,widyaalaya kaaryaalaya khulaa menaah.
मैं एक नया अध्याय पढ़ रहा हूं.,I am reading a new chapter.,आञ मिआद नवा अध्याय पढ़व तनाञ।,aanya miaada nawaa adhyaaya padha़wa tanaanya.
मैं एक नया सबक सीख रहा हूं.,I am learning a new lesson.,आञ मिआद नवा सोबेन सोबेन सोबेन सोबेन सोबेन सोबेन लेल तनाञ।,aanya miaada nawaa sobena sobena sobena sobena sobena sobena lela tanaanya.
मैं कल के काम की समीक्षा कर रहा हूं.,I am reviewing yesterday's work.,आञ कल राः कामि राः समीक्षा रिका तनाञ।,aanya kala raah kaami raah samiikshaa rikaa tanaanya.
मैं गुणा का अभ्यास कर रहा हूं.,I am practicing multiplication.,आञ गुणा राः अभ्यास रिका तनाञ।,aanya gunaa raah abhyaasa rikaa tanaanya.
मैं विभाजन का अभ्यास कर रहा हूं.,I'm practicing splits.,आञ विभाजन राः अभ्यास रिका तनाञ।,aanya wibhaajana raah abhyaasa rikaa tanaanya.
मैं नई वर्तनी सीख रहा हूँ.,I am learning new spellings.,आञ नवा वर्तनी सीख तनाञ।,aanya nawaa wartanii siikha tanaanya.
मैं ये शब्द याद कर रहा हूं.,I am remembering these words.,आञ नेआ शब्द याद केदाञ।,aanya neaa shabda yaada kedaanya.
मैं एक छोटा पैराग्राफ लिख रहा हूं.,I am writing a short paragraph.,आञ मिआद मोटा पैराग्राफ लिखुआञ।,aanya miaada motaa pairaagraapha likhuaanya.
मैं एक नया अभ्यास हल कर रहा हूं.,I am solving a new exercise.,आञ मिआद नवा अभ्यास हल केदाञ।,aanya miaada nawaa abhyaasa hala kedaanya.
मैं अपने नोट्स जाँच रहा हूँ.,I'm checking my notes.,आञ आञ आपान नोट्स जाँच तनाञ।,aanya aanya aapaana notsa jaancha tanaanya.
मैं अपनी नोटबुक व्यवस्थित कर रहा हूं.,I'm organizing my notebook.,आञ आपान नोटबुक व्यवस्थित तनाञ।,aanya aapaana notabuka wyawasthita tanaanya.
मैं प्रश्नों की एक सूची बना रहा हूं.,I am making a list of questions.,आञ प्रश्नकोआः मिआद सूची बइयाञ।,aanya prashnakoaah miaada suuchii baiyaanya.
मुझे इस अध्याय की समीक्षा करने की आवश्यकता है.,I need to review this chapter.,आञ ने अध्याय राः समीक्षा राः जारुड़ु मेनाः।,aanya ne adhyaaya raah samiikshaa raah jaaruda़u menaah.
मैं इस विषय को सीखना चाहता हूं.,I want to learn this subject.,आञ नेआ विषय के सीखव तनाञ।,aanya neaa wishaya ke siikhawa tanaanya.
यह उदाहरण सहायक है.,This example is helpful.,नेया उदाहरण सहायक मेना:।,neyaa udaaharana sahaayaka menaa:.
इस शब्द का उच्चारण करना कठिन है.,This word is difficult to pronounce.,नेआ शब्द राः उच्चारण रिका तनाए।,neaa shabda raah uchchaarana rikaa tanaae.
इस प्रश्न पर और अधिक विचार करने की आवश्यकता है।,This question needs further consideration.,नेआ प्रश्न रे ओड़ो: पुरा: विचार रा: आवश्यकता मेना:।,neaa prashna re oda़o: puraa: wichaara raa: aawashyakataa menaa:.
मुझे समाधान मिल गया.,I found the solution.,आञ आञ समाधान नम केदाञ।,aanya aanya samaadhaana nama kedaanya.
मैं एक बार फिर अभ्यास करना चाहता हूं.,I want to practice again.,आञ मिआद बार फिर अभ्यास केदाञञ।,aanya miaada baara phira abhyaasa kedaanyanya.
मैंने आज कुछ उपयोगी सीखा.,I learned something useful today.,आञ तिसिङ मिआद उपयोगी सिदाञ।,aanya tisinga miaada upayogii sidaanya.
पाँच और तीन क्या है?,What is five and three?,पाँच ओड़ो: पाँच ओड़ो: तीन चिनअः मेनअः?,paancha oda़o: paancha oda़o: tiina chinaah menaah?
दस घटा चार क्या है?,What is ten minus four?,दस घटा चार चानाः चानाः चिनअः?,dasa ghataa chaara chaanaah chaanaah chinaah?
छह गुणा दो क्या है?,What is six times two?,छह गुणा छह गुणा बारिआ चि मेनाः?,chhaha gunaa chhaha gunaa baariaa chi menaah?
बीस को पाँच से विभाजित करने पर क्या होता है?,What is twenty divided by five?,बीस के पाँच ते विभाजित रे चानाः होबाओआ?,biisa ke paancha te wibhaajita re chaanaah hobaaoaa?
इन वस्तुओं को गिनें.,Count these items.,नेआ वस्तु को गिड़िओःआ।,neaa wastu ko gida़iohaa.
संख्या को शब्दों में लिखें.,Write the number in words.,ओड़ो: संख्या को शब्दकोरे ओलकेदाए।,oda़o: sankhyaa ko shabdakore olakedaae.
संख्या को अंकों में लिखें.,Write the number in digits.,ओड़ो: संख्या को अंककोरे लिखाइओआ।,oda़o: sankhyaa ko ankakore likhaaioaa.
इन नंबरों को जोड़ें.,Add these numbers.,नेआ नंबर को जोड़ेंआ।,neaa nanbara ko joda़enaa.
छोटी संख्या घटाएँ.,Subtract the smaller number.,ओड़ो: छोटी संख्या घटाओ घटाओकोआ।,oda़o: chhotii sankhyaa ghataao ghataaokoaa.
इन दोनों संख्याओं को गुणा करें.,Multiply these two numbers.,नेआ बारिआ संख्याको को गुणाओआ।,neaa baariaa sankhyaako ko gunaaoaa.
कुल को समान रूप से विभाजित करें।,Divide the total equally.,कुल कुल के समान रूपते विभाजित रिकाएआ।,kula kula ke samaana ruupate wibhaajita rikaaeaa.
कौन सी संख्या बड़ी है?,Which number is bigger?,चीना: सी संख्या बड़ी मेना:?,chiinaa: sii sankhyaa bada़ii menaa:?
कौन सी संख्या छोटी है?,Which number is smaller?,चीना: सी संख्या छोटी मेना:?,chiinaa: sii sankhyaa chhotii menaa:?
बारह के बाद क्या आता है?,What comes after twelve?,ओड़ोः बारह तायोम तायोमते चानाः हिजुःताना?,oda़oh baaraha taayoma taayomate chaanaah hijuhtaanaa?
बीस से पहले क्या आता है?,What comes before twenty?,एटा: बीस ते सिदा चिनअः चानाः हिजुःताना?,etaa: biisa te sidaa chinaah chaanaah hijuhtaanaa?
संख्या पैटर्न जारी रखें.,Continue the number pattern.,एटा: संख्या पैटर्न जारी रिकाएआ।,etaa: sankhyaa paitarna jaarii rikaaeaa.
एक सीधी रेखा खींचिए.,Draw a straight line.,मिआद सीधी रेखा खींच केदाएः।,miaada siidhii rekhaa khiincha kedaaeh.
लंबाई नापें.,Measure the length.,लंबाई नाप नाप,lanbaaii naapa naapa
लुप्त संख्या ज्ञात कीजिये.,Find the missing number.,लुप्त संख्या ज्ञात केदाए।,lupta sankhyaa gyanyaata kedaae.
गणना को ध्यान से जांचें.,Check the calculations carefully.,गणना गणना के ध्यान ते जांचेआ।,gananaa gananaa ke dhyaana te jaancheaa.
इस शब्द को ज़ोर से पढ़ें.,Read this word out loud.,नेआ शब्द के जोर ते पढ़व केदाए।,neaa shabda ke jora te padha़wa kedaae.
इस वाक्य को साफ-सुथरा लिखिए.,Write this sentence neatly.,नेआ वाक्य के साफ-सुथरा ओमकेदाएः।,neaa waakya ke saapha-sutharaa omakedaaeh.
संज्ञा को रेखांकित करें.,Underline the noun.,ओड़ोः संज्ञा के रेखांकित केदाएः।,oda़oh sangyanyaa ke rekhaankita kedaaeh.
क्रिया पर गोला लगाओ.,Circle the verb.,क्रिया रे गोला लगाओआ।,kriyaa re golaa lagaaoaa.
विशेषण खोजें.,Find adjectives.,विशेषण खोज केदा।,wisheshana khoja kedaa.
वर्तनी की गलती ढूंढ़ें.,Find the spelling mistake.,वर्तनी रा: गलती ढूंढ़ेआ।,wartanii raa: galatii dhuundha़eaa.
वाक्य पूरा करो।,complete the sentence.,ओड़ो: वाक्य पूरा रिका केदा।,oda़o: waakya puuraa rikaa kedaa.
सही शब्द चुनें।,choose the correct word.,सही शब्द चुनाव रिकाएआ।,sahii shabda chunaawa rikaaeaa.
दो शब्दों का मिलान करें.,Match the two words.,बरन शब्दकोआः मिलान ताइकेना।,barana shabdakoaah milaana taaikenaa.
शब्दों को क्रम से व्यवस्थित करें.,Arrange the words in order.,ओड़ो: शब्द को क्रम ते व्यवस्थित ताइकेना।,oda़o: shabda ko krama te wyawasthita taaikenaa.
इस शब्द से एक वाक्य बनाइये।,Make a sentence with this word.,नेआ शब्द ते मिआद वाक्य बाइओःआ।,neaa shabda te miaada waakya baaiohaa.
पैराग्राफ को चुपचाप पढ़ें.,Read the paragraph silently.,ओड़ो: पैराग्राफ के बेसे पढ़ाव पढ़व केदा।,oda़o: pairaagraapha ke bese padha़aawa padha़wa kedaa.
मतलब बताओ.,Tell me the meaning.,ओड़ो: मतलब उदुब केदा।,oda़o: matalaba uduba kedaa.
मुझे कोई ऐसा ही शब्द दीजिए.,Give me a similar word.,आञ जांए नेकागे शब्द ओमकेदाञ।,aanya jaane nekaage shabda omakedaanya.
मुझे इसका विपरीत शब्द बताइये.,Tell me its opposite word.,आञ नेआरा: विपरीत शब्द उदुब केदाञ।,aanya neaaraa: wipariita shabda uduba kedaanya.
बहुवचन रूप लिखिए.,Write the plural form.,ओड़ो: बहुवचन रूप लिखिया,oda़o: bahuwachana ruupa likhiyaa
एकवचन रूप लिखिए।,Write the singular form.,मिआदवचन रूप लिखिओःआ।,miaadawachana ruupa likhiohaa.
इस वाक्य को प्रश्न में बदलिये.,Change this sentence into a question.,नेआ वाक्य के प्रश्न रे बदलिओआ।,neaa waakya ke prashna re badalioaa.
अपने परिवार के बारे में एक वाक्य लिखें।,Write a sentence about your family.,आपान परिवाररा: बारे रे मिआद वाक्य ओल केदा।,aapaana pariwaararaa: baare re miaada waakya ola kedaa.
कहानी शुरू से पढ़ें.,Read the story from the beginning.,ओड़ो: कहानी शुरू ते पढ़ाव जना।,oda़o: kahaanii shuruu te padha़aawa janaa.
अपने समूह के साथ बैठें.,Sit with your group.,आपान समूह ते आपान समूह ते बैठव जना।,aapaana samuuha te aapaana samuuha te baithawa janaa.
नेतृत्व करने के लिए समूह का एक सदस्य चुनें.,Choose one member of the group to lead.,नेतृत्व रिका नातिन समूह राः मिआद सदस्य चुबाओःआ।,netritwa rikaa naatina samuuha raah miaada sadasya chubaaohaa.
अपने समूह का नाम लिखें.,Enter the name of your group.,आपान समूह राः नाम लिजाओःआ।,aapaana samuuha raah naama lijaaohaa.
उत्तर पर एक साथ चर्चा करें।,Discuss the answer together.,मिआद उत्तर रे मिआद ते चर्चा मेनाः।,miaada uttara re miaada te charchaa menaah.
समूह के प्रत्येक सदस्य की बात सुनें.,Listen to each member of the group.,सोबेन समूह रेन सोबेन सदस्य राः सोबेन सदस्य रआः जागार सुनाएः।,sobena samuuha rena sobena sadasya raah sobena sadasya raaah jaagaara sunaaeh.
सबको बोलने दो.,Let everyone speak.,सोबेन सोबेन सोबेन सोबेन को बोलाओआ।,sobena sobena sobena sobena ko bolaaoaa.
समूह के विचार लिखिए.,Write down the group's thoughts.,ओड़ो: समूह रा: विचार लिखिया:,oda़o: samuuha raa: wichaara likhiyaa:
सर्वोत्तम विचार चुनें.,Choose the best idea.,सोबेन सोबेन सोबेन विचार चुनाव रिकाएआ।,sobena sobena sobena wichaara chunaawa rikaaeaa.
सामग्री को समान रूप से साझा करें।,Share the content equally.,आपान सामग्री के समान रूपते साझाओआ।,aapaana saamagrii ke samaana ruupate saajhaaoaa.
अपने बगल वाले व्यक्ति की मदद करें.,Help the person next to you.,आपान बगल रेन होड़ोकोआः मदद रिकाएआ।,aapaana bagala rena hoda़okoaah madada rikaaeaa.
अपना समूह कार्य समाप्त करें.,Finish your group work.,आपान समूह कार्य समाप्त रिकाएआ।,aapaana samuuha kaarya samaapta rikaaeaa.
अपना काम कक्षा को दिखाएँ।,Show your work to the class.,आपान आपान कामि कक्षा के ओलकेदाए।,aapaana aapaana kaami kakshashaa ke olakedaae.
अपनी समूह प्रस्तुति तैयार करें.,Prepare your group presentation.,आपान समूह प्रस्तुति तैयार रिकाएआ।,aapaana samuuha prastuti taiyaara rikaaeaa.
अपनी प्रस्तुति का एक साथ अभ्यास करें।,Practice your presentation together.,आपान प्रस्तुति राः मिआद ते अभ्यास रिकाएआ।,aapaana prastuti raah miaada te abhyaasa rikaaeaa.
तय करें कि पहले कौन बोलेगा.,Decide who will speak first.,सिदा चानाः चि सिदा चानाः काजिआकाना चि सिदा चि सिदा जाना।,sidaa chaanaah chi sidaa chaanaah kaajiaakaanaa chi sidaa chi sidaa jaanaa.
तय करें कि आखिरी बार कौन बोलेगा.,Decide who will speak last.,आखिरी बार चानाः चि आखिरी बार चानाः बोरोआकान ताइकेना।,aakhirii baara chaanaah chi aakhirii baara chaanaah boroaakaana taaikenaa.
समूह सामग्री को एक साथ रखें।,Group materials together.,सोबेन समूह सामग्री को मिआद ते रिकाएःआ।,sobena samuuha saamagrii ko miaada te rikaaehaa.
प्रस्तुत करने से पहले प्रोजेक्ट की जाँच करें।,Please check the project before submitting it.,नेआ प्रस्तुत ते सिदा प्रोजेक्टरा: जाँच रिकाएआ।,neaa prastuta te sidaa projektaraa: jaancha rikaaeaa.
अपने समूह के सदस्यों को धन्यवाद.,Thank your group members.,आपान समूह रेन सदस्य को धन्यवाद,aapaana samuuha rena sadasya ko dhanyawaada
गतिविधि के बाद साफ़ करें.,Clean up after activity.,तायोमते गतिविधि तायोमते साफ़ रिकाएआ।,taayomate gatiwidhi taayomate saapha़ rikaaeaa.
मैं कल की परीक्षा के लिए रिवीजन कर रहा हूं.,I am revising for tomorrow's exam.,आञ कल रेआ परीक्षा नातिन रिवीजन रिका तइनाञ।,aanya kala reaa pariikshashaa naatina riwiijana rikaa tainaanya.
मुझे इस अध्याय को दोबारा पढ़ने की जरूरत है।,I need to reread this chapter.,आञ ने अध्याय दोबारा पढ़व रआः जारूड़ु मेनाः।,aanya ne adhyaaya dobaaraa padha़wa raaah jaaruuda़u menaah.
मैं संक्षिप्त नोट्स बना रहा हूं.,I am making brief notes.,आञ संक्षिप्त नोट्स बइआञ।,aanya sankshashipta notsa baiaanya.
मैं पुराने प्रश्नों का अभ्यास कर रहा हूं।,I am practicing old questions.,अइंग पुरा: प्रश्न कोरा: अभ्यास रिका तइना,ainga puraa: prashna koraa: abhyaasa rikaa tainaa
मैं अपने कमजोर विषयों की जाँच कर रहा हूँ।,I am checking my weak subjects.,आञ आपान कमजोर विषय कोरा: जाँच केदाञ।,aanya aapaana kamajora wishaya koraa: jaancha kedaanya.
मुझे इन परिभाषाओं को याद रखना होगा।,I will have to remember these definitions.,आञ इनिः ने परिभाषा को याद केदाञ।,aanya inih ne paribhaashaa ko yaada kedaanya.
मैं अपने दोस्त के साथ पढ़ रहा हूं.,I am studying with my friend.,आञ आञ आपान दोस्त ते पढ़व तनाञ।,aanya aanya aapaana dosta te padha़wa tanaanya.
हम कठिन सवालों पर चर्चा कर रहे हैं.,We are discussing difficult questions.,आले कठिन सवालकोरे चर्चा केदाए।,aale kathina sawaalakore charchaa kedaae.
मैं सोने से पहले रिवीजन करूंगा.,I will revise before sleeping.,आञ सोनेते सिदा रिवीजन रिकाञाञ।,aanya sonete sidaa riwiijana rikaanyaanya.
मैं पढ़ाई के लिए जल्दी उठूंगा.,I will wake up early to study.,आञ पढ़ाई नातिन जल्दी उठव लागातिङा।,aanya padha़aaii naatina jaldii uthawa laagaatingaa.
मैंने अपनी परीक्षा सामग्री पैक कर ली।,I packed my exam materials.,आञ आपान परीक्षा सामग्री पैक केदाञ।,aanya aapaana pariikshashaa saamagrii paika kedaanya.
मैंने अपना एडमिट कार्ड चेक किया.,I checked my admit card.,आञ आपान एडमिट कार्ड चेक केदाञ।,aanya aapaana edamita kaarda cheka kedaanya.
मुझे परीक्षा का समय पता है.,I know the exam time.,अइंग अइंग परीक्षा रा: समय तइकेना,ainga ainga pariikshashaa raa: samaya taikenaa
मैं परीक्षा कक्ष को जानता हूं.,I know the exam room.,आञ परीक्षा कक्ष को जानाओआञ।,aanya pariikshashaa kakshasha ko jaanaaoaanya.
मैं परीक्षा केंद्र पर जल्दी पहुंच जाऊंगा.,I will reach the examination centre early.,आञ परीक्षा केंद्र रे जल्दी सेनोःजानाञ।,aanya pariikshashaa kendra re jaldii senohjaanaanya.
मैं दो पेन ले जाऊंगा.,I will take two pens.,आञ दो पेन लेलजानाञ।,aanya do pena lelajaanaanya.
मैं अपना शासक लेकर चलूँगा।,I will take my ruler.,आञ आञ आपान शासक लेलकेआते चलाओआञ।,aanya aanya aapaana shaasaka lelakeaate chalaaoaanya.
मैं अपने दस्तावेज़ सुरक्षित रखूंगा.,I will keep my documents safe.,आञ आपान दस्तावेज़ सुरक्षित तनाञ।,aanya aapaana dastaaweja़ surakshashita tanaanya.
मैं पहले निर्देश पढ़ूंगा.,I will read the instructions first.,आञ सिदा सिदा निर्देश पढ़व तनाञ।,aanya sidaa sidaa nirdesha padha़wa tanaanya.
मैं परीक्षा के दौरान शांत रहूंगा.,I will remain calm during the exam.,आञ आञ परीक्षा रआःते शांत ताइकेनाञ।,aanya aanya pariikshashaa raaahte shaanta taaikenaanya.
अपना एडमिट कार्ड दिखाओ.,Show your admit card.,आपान एडमिट कार्ड ओमकेदाएः।,aapaana edamita kaarda omakedaaeh.
अपनी उत्तर पुस्तिका समतल रखें।,Keep your answer sheet flat.,आपान आपान उत्तर पुस्तिका समतल ताइकेना।,aapaana aapaana uttara pustikaa samatala taaikenaa.
सबसे पहले अपना रोल नंबर लिखें.,First of all write your roll number.,सोबेन सोबेनते सिदा आपान रोल नंबर ओलकेदाएः।,sobena sobenate sidaa aapaana rola nanbara olakedaaeh.
अपना प्रश्नपत्र जांचें.,Check your question paper.,आपान आपान प्रश्नपत्र जांच केदाएः।,aapaana aapaana prashnapatrara jaancha kedaaeh.
अनुदेश से पहले शुरू न करें.,Do not start before the instruction.,एटा: अनुदेश ते सिदा सेनो: नमो:वा,etaa: anudesha te sidaa seno: namo:waa
यदि आपको सहायता की आवश्यकता हो तो अपना हाथ उठाएँ।,Raise your hand if you need help.,मेनदो आमा: सहायता रा: आवश्यकता होबाओआ दो आपान हाथ उठाओआ।,menado aamaa: sahaayataa raa: aawashyakataa hobaaoaa do aapaana haatha uthaaoaa.
निरीक्षक से विनम्रतापूर्वक पूछें.,Ask the inspector politely.,निरीक्षक ते विनम्रतापूर्वक पूछव केदाएः।,niriikshashaka te winamrataapuurwaka puuchhawa kedaaeh.
अपनी नजरें अपने कागज पर रखें.,Keep your eyes on your paper.,आपान आपान नजारा आपान कागज रे ताइकेना।,aapaana aapaana najaaraa aapaana kaagaja re taaikenaa.
अपने बगल वाले छात्र को परेशान न करें।,Don't disturb the student next to you.,आपान बगल रेन छात्र को परेशान काएआ।,aapaana bagala rena chhaatrara ko pareshaana kaaeaa.
अपने उत्तर स्पष्ट रूप से लिखें।,Write your answers clearly.,आपान आपान उत्तर स्पष्ट रूपते ओलकेदाए।,aapaana aapaana uttara spashta ruupate olakedaae.
उत्तरों के बीच जगह छोड़ें.,Leave space between answers.,ओड़ो: उत्तर रा: तला रे जगह छोड़ो:आ।,oda़o: uttara raa: talaa re jagaha chhoda़o:aa.
प्रत्येक उत्तर को सही संख्या दें।,Give the correct number to each answer.,सोबेन सोबेन उत्तर के सोबेन उत्तर के सही संख्या ओमेआ।,sobena sobena uttara ke sobena uttara ke sahii sankhyaa omeaa.
यदि अनुमति हो तो ही दोनों पक्षों का उपयोग करें।,Use both sides only if permitted.,नेआ मेनदो अनुमति होबाओःगे सोबेन पक्षकोआः उपयोग ताइकेना।,neaa menado anumati hobaaohge sobena pakshashakoaah upayoga taaikenaa.
पृष्ठ क्रमांक जांचें.,Check page numbers.,नेआ पृष्ठ क्रमांक जांच जना।,neaa prishtha kramaanka jaancha janaa.
यदि आवश्यक हो तो दूसरी शीट मांगें।,Ask for a second sheet if necessary.,मेनदो जारुड़ु होबाओःआ दो एटाः शीट माजाओःआ दो एटाः शीट ताइना।,menado jaaruda़u hobaaohaa do etaah shiita maajaaohaa do etaah shiita taainaa.
जहां आवश्यक हो अपना नाम लिखें.,Write your name where required.,ओकोए एनता: रे आवश्यक होबा:ओआ आपान नाम लिखाइओआ।,okoe enataa: re aawashyaka hobaa:oaa aapaana naama likhaaioaa.
अंतिम पृष्ठ जांचें.,Check the last page.,ओड़ोः अंतिम पृष्ठ जांच जना।,oda़oh antima prishtha jaancha janaa.
अनुत्तरित प्रश्नों की समीक्षा करें.,Review unanswered questions.,अनुत्तरित प्रश्नकोआ: समीक्षा रिकाएआ।,anuttarita prashnakoaa: samiikshashaa rikaaeaa.
सबमिट करने से पहले अपने कागजात व्यवस्थित कर लें।,Organize your documents before submitting them.,सिदा आपान कागजात व्यवस्थित रिकाकेदाएः।,sidaa aapaana kaagajaata wyawasthita rikaakedaaeh.
निर्देश मिलने पर अपना पेपर जमा करें।,Submit your paper when instructed.,आपान निर्देश नम केआते आपान पेपर जमा केदाएः।,aapaana nirdesha nama keaate aapaana pepara jamaa kedaaeh.
आज तुम्हारा दोस्त कहाँ है?,Where is your friend today?,तिसिंग तिसिङ आञाः दोस्त चानाः मेनाः?,tisinga tisinga aanyaah dosta chaanaah menaah?
मेरे दोस्त ने कल मुझे फोन किया.,My friend called me yesterday.,आञाः आञाः दोस्त आञाः फोन केदाञ।,aanyaah aanyaah dosta aanyaah phona kedaanya.
मेरे मित्र ने मुझे एक संदेश भेजा.,My friend sent me a message.,आञाः आञाः मित्र आञ मिआद संदेश ओमकेदाञ।,aanyaah aanyaah mitrara aanya miaada sandesha omakedaanya.
हम स्कूल के बाद मिल रहे हैं.,We are meeting after school.,आले स्कूल तायोमते मिलाव ताइकेना।,aale skuula taayomate milaawa taaikenaa.
हम एक साथ मैदान में जा रहे हैं.',We are going to the field together.,आले मिआद ते मैदान रे ताइकेना।,aale miaada te maidaana re taaikenaa.
मेरा दोस्त एक नई किताब लाया.,My friend brought a new book.,आञ आञाः दोस्त मिआद नवा किताब लाञाञ।,aanya aanyaah dosta miaada nawaa kitaaba laanyaanya.
मैंने अपने नोट्स अपने दोस्त के साथ साझा किए।,I shared my notes with my friend.,आञ आपान नोट्स आपान दोस्त ते साझा केदाञ।,aanya aapaana notsa aapaana dosta te saajhaa kedaanya.
मेरे दोस्त ने मेरे साथ कुछ खाना साझा किया।,My friend shared some food with me.,आञाः दोस्त आञाः ते कुछ खाना साझा केदाञ।,aanyaah dosta aanyaah te kuchha khaanaa saajhaa kedaanya.
हमने एक दूसरे की मदद की.,We helped each other.,आले मिआद दूसरा: मदद रा: मदद रा:,aale miaada duusaraa: madada raa: madada raa:
हमने कल एक साथ अध्ययन किया।,We studied together yesterday.,आले कल मिआद ते अध्ययन केदाएः।,aale kala miaada te adhyayana kedaaeh.
हम कल एक साथ अभ्यास करेंगे.,We will practice together tomorrow.,आले कल मिआद ते अभ्यास केदाएः।,aale kala miaada te abhyaasa kedaaeh.
मेरा मित्र उत्तर जानता है.,My friend knows the answer.,आञ आञाः मित्र उत्तर जानाओआञ।,aanya aanyaah mitrara uttara jaanaaoaanya.
मेरे दोस्त को रास्ता नहीं पता.,My friend doesn't know the way.,अइंगअः दोस्त के रास्ता का तइन केना।,aingaah dosta ke raastaa kaa taina kenaa.
मैं अपने दोस्त का इंतजार करूंगा.,I will wait for my friend.,आञ आञ आपान दोस्तरा: इंतजार रिकाञाञ।,aanya aanya aapaana dostaraa: intajaara rikaanyaanya.
कृपया मेरे मित्र को कॉल करें.,Please call my friend.,आञाः आञाः मित्र के कॉल केदाञ।,aanyaah aanyaah mitrara ke kaॉla kedaanya.
मेरे दोस्त को यहाँ आने के लिए कहो.,Tell my friend to come here.,आञाः आञाः दोस्त को नेता: रे हिजु: नातिन कजि केदाञ।,aanyaah aanyaah dosta ko netaa: re hiju: naatina kaji kedaanya.
मेरे दोस्त को बाहर इंतज़ार करने के लिए कहो।,Tell my friend to wait outside.,अइंगअः दोस्त के बाहर इंतज़ार नातिन कजि मेनअः।,aingaah dosta ke baahara intaja़aara naatina kaji menaah.
हम गेट के पास मिलेंगे.,We will meet near the gate.,आले गेट रआः तायोम केदाएः।,aale geta raaah taayoma kedaaeh.
मेरे दोस्त पास ही खेल रहे हैं.,My friends are playing nearby.,अइंगअः दोस्त तायोम रेगे गे तइना।,aingaah dosta taayoma rege ge tainaa.
मैं अपने दोस्तों के साथ घर जा रहा हूं.,I am going home with my friends.,अइंग अइंग अइंग अइंग अइंग अइंग अइंग अइंग अइंग अइंग अइंग अइंग अइंग अइंग अइंग अइंग अइंग अइंग अइंग अइंग अइंग अइंग अइंग अइंग अइंग अइंग अइंग अइंग अइंग अइंग अइंग अइंग अइंग अइंग अइंग अइंग अइंग अइंग अइंग अइंग अइंग अइंगअ,ainga ainga ainga ainga ainga ainga ainga ainga ainga ainga ainga ainga ainga ainga ainga ainga ainga ainga ainga ainga ainga ainga ainga ainga ainga ainga ainga ainga ainga ainga ainga ainga ainga ainga ainga ainga ainga ainga ainga ainga ainga aingaa
चलो एक खेल खेलते हैं.,let's Play a game.,ओड़ो: चलो मिआद खेल ताइना।,oda़o: chalo miaada khela taainaa.
हमें कौन सा खेल खेलना चाहिए?,What game should we play?,अइंग अइंग चिलका रआः गे ओनोल रआः गे खेल मेनअःइंग।,ainga ainga chilakaa raaah ge onola raaah ge khela menaahinga.
कौन खेलना चाहता है?,who wants to play?,चीना: गे ओकोए रिकाएआ?,chiinaa: ge okoe rikaaeaa?
दो टीमें चुनें.,Select two teams.,एटा: टीम को चुनाव ताइकेना।,etaa: tiima ko chunaawa taaikenaa.
खिलाड़ियों की गिनती करें.,Count the players.,ओड़ो: खिलाड़िकोआ: गिनती रिकाएआ।,oda़o: khilaada़ikoaa: ginatii rikaaeaa.
अपने पक्ष में खड़े रहो.,Stand your ground.,आपान पक्ष रे हिजुःजाना।,aapaana pakshasha re hijuhjaanaa.
गेंद को सावधानी से पास करें.,Pass the ball carefully.,गेंद के सावधानी ते पास केदाएः।,genda ke saawadhaanii te paasa kedaaeh.
लक्ष्य की ओर दौड़ो.,Run towards the goal.,ओड़ो: लक्ष्य रा: ओड़ो: दौड़ो:,oda़o: lakshashya raa: oda़o: dauda़o:
लाइन के पीछे रहो.,Stay behind the line.,लाइनरा: पीछे ताइकेना।,laainaraa: piichhe taaikenaa.
सीटी बजने तक इंतजार करें.,Wait until the whistle blows.,एटा: सीटी बजव ते इंतजार रिकाएआ।,etaa: siitii bajawa te intajaara rikaaeaa.
मैच शुरू होने वाला है.,The match is about to start.,मेनदो मैच शुरू होबाओआकान ताइना।,menado maicha shuruu hobaaoaakaana taainaa.
खिलाड़ी वॉर्मअप कर रहे हैं.,The players are warming up.,ओड़ोः खिलाड़ी वॉर्मअप रिकाकेदाएः।,oda़oh khilaada़ii waॉrmaapa rikaakedaaeh.
एक छोटा सा ब्रेक लें.,Take a short break.,मिआद मोटा सा ब्रेक लेलकेआते।,miaada motaa saa breka lelakeaate.
खेलने के बाद पानी पियें.,Drink water after playing.,तायोम तायोम तायोमते पानी पियना।,taayoma taayoma taayomate paanii piyanaa.
खेल के दौरान बहस न करें.,Don't argue during the game.,ओड़ो: खेल रा: समय बहस का रिकाएआ।,oda़o: khela raa: samaya bahasa kaa rikaaeaa.
खेल के नियमों का पालन करें.,Follow the rules of the game.,ओड़ो: खेलरा: नियम कोरा: पालन रिकाएआ।,oda़o: khelaraa: niyama koraa: paalana rikaaeaa.
युवा खिलाड़ियों की मदद करें.,Help young players.,युवा खिलाड़िकोआ: मदद रिकाएआ।,yuwaa khilaada़ikoaa: madada rikaaeaa.
उपकरण दूर रख दें.,Put the equipment away.,ओड़ोः उपकरण ओड़ोः रिकाकेदाएः।,oda़oh upakarana oda़oh rikaakedaaeh.
मैदान की सफाई की जरूरत है.,The ground needs cleaning.,मेनदो मैदान राः सफाई राः जरूड़ी मेना:।,menado maidaana raah saphaaii raah jaruuda़ii menaa:.
हम कल फिर से खेल सकते हैं.,We can play again tomorrow.,आले तिसिङ ओड़ोः सिदा सेनोःतान ताइकेना।,aale tisinga oda़oh sidaa senohtaana taaikenaa.
मैं कल यात्रा कर रहा हूं.,I am travelling tomorrow.,आञ आञ कल यात्रा रिकाञ तइनाञ।,aanya aanya kala yaatraraa rikaanya tainaanya.
हम सुबह जल्दी निकल रहे हैं.,We are leaving early in the morning.,आले सोबेन हुलंग जल्दी सेसेन ताइकेना।,aale sobena hulanga jaldii sesena taaikenaa.
मैंने अपने कपड़े पैक कर लिये.,I packed my clothes.,आञ आञ आपान कपड़ा पैक केदाञ।,aanya aanya aapaana kapada़aa paika kedaanya.
मैंने अपना खाना पैक कर लिया.,I packed my food.,आञ आञ आपान खाना पैक केदाञ।,aanya aanya aapaana khaanaa paika kedaanya.
मैंने अपना टिकट अपने बैग में रख लिया।,I put my ticket in my bag.,आइंग आञ आपान टिकट आपान बैग रे रिकाकेदाञ।,aainga aanya aapaana tikata aapaana baiga re rikaakedaanya.
रेलवे स्टेशन कहाँ है?,Where is the railway station?,रेलवे स्टेशन चिलका मेनाः?,relawe steshana chilakaa menaah?
निकटतम ऑटो स्टैंड कहाँ है?,Where is the nearest auto stand?,निकटतम ऑटो स्टैंड चिलका मेनाः?,nikatatama ऑto stainda chilakaa menaah?
क्या हम ऑटो से जा सकते हैं?,Can we go by auto?,आले ऑटो ते हिजुःजाना?,aale ऑto te hijuhjaanaa?
स्टेशन कितनी दूर है?,How far is the station?,ओकोआ स्टेशन चीना: दूर मेना:?,okoaa steshana chiinaa: duura menaa:?
यात्रा में कितना समय लगता है?,How long does the journey take?,यात्रा रे चिमनुङ समय लगव तना?,yaatraraa re chimanunga samaya lagawa tanaa?
स्टेशन की सड़क व्यस्त है.,The road to the station is busy.,मेनदो स्टेशन राः सड़क व्यस्त मेना:।,menado steshana raah sada़ka wyasta menaa:.
हमें अब निकलना होगा.,We have to leave now.,अइंग अइंग ना: ना: सेनो: तइना,ainga ainga naa: naa: seno: tainaa
गाड़ी बाहर इंतज़ार कर रही है.,The car is waiting outside.,मेनदो गाड़ी बाहर इंतज़ार रिका तनाए।,menado gaada़ii baahara intaja़aara rikaa tanaae.
कृपया वाहन का दरवाज़ा खोलें.,Please open the vehicle door.,मेनदो कृपया वाहन राः दरवाजा ओमकेदा।,menado kripayaa waahana raah darawaajaa omakedaa.
अपना सामान अपने पास रखें.,Keep your belongings with you.,आपान सोबेन आपान सामान आपान तायोम आपान तायोम केदाए।,aapaana sobena aapaana saamaana aapaana taayoma aapaana taayoma kedaae.
अपना बैग लावारिस न छोड़ें।,Do not leave your bag unattended.,आपान आपान बैग लावारिस नमोःएआ।,aapaana aapaana baiga laawaarisa namoheaa.
मुझे एक खिड़की वाली सीट चाहिए.,I would like a window seat.,आञ मिआद खिड़की रआः सीट लागातिङा।,aanya miaada khida़kii raaah siita laagaatingaa.
कृपया मुझे किराया बताएं.,Please tell me the fare.,आञ आञ किराया उदुब केदाञ।,aanya aanya kiraayaa uduba kedaanya.
हम स्टेशन पहुंचे.,We reached the station.,आले स्टेशन सेसेनकेदाएः।,aale steshana sesenakedaaeh.
हमारी यात्रा अब शुरू होती है.,Our journey begins now.,आलेआः यात्रा नातिन शुरू होबाओआ।,aaleaah yaatraraa naatina shuruu hobaaoaa.
सीधे यहाँ से चले जाओ.,Go straight away from here.,नेता: ते हिजु: ते हिजु: जना,netaa: te hiju: te hiju: janaa
कोने पर बाएँ मुड़ें.,Turn left at the corner.,ओड़ो: कोने रे बाइकेआते बाइकेदा।,oda़o: kone re baaikeaate baaikedaa.
पुल के बाद दाएँ मुड़ें।,Turn right after the bridge.,पुल तायोम तायोमते ओड़ोः ताइकेना।,pula taayoma taayomate oda़oh taaikenaa.
सामने स्कूल है.,There is a school in front.,मेनदो सामने स्कूल मेना:।,menado saamane skuula menaa:.
मंदिर के पीछे बाजार है।,There is a market behind the temple.,ओड़ो: मंदिर रेआ: पीछे बाजार मेना:।,oda़o: mandira reaa: piichhe baajaara menaa:.
क्लिनिक सड़क के किनारे है.,The clinic is on the roadside.,मेनदो क्लिनिक सड़क राः किनारे मेना:।,menado klinika sada़ka raah kinaare menaa:.
दुकान बस स्टॉप के बगल में है.,The shop is next to the bus stop.,दुकान बस स्टॉप रेन बगल रे मेना:।,dukaana basa staॉpa rena bagala re menaa:.
कार्यालय स्कूल के सामने है.,The office is in front of the school.,मेनदो कार्यालय स्कूल रेआ: सामने मेना:।,menado kaaryaalaya skuula reaa: saamane menaa:.
घर दो पेड़ों के बीच है.,The house is between two trees.,ओड़ो: ओड़ा: रे बरन पेड़ कोआ: तला रे मेना:।,oda़o: oda़aa: re barana peda़ koaa: talaa re menaa:.
स्कूल के पीछे मैदान है.,There is a field behind the school.,ओड़ो: स्कूल रेअः पीछे मैदान मेना:।,oda़o: skuula reah piichhe maidaana menaa:.
इस पथ का अनुसरण करें.,Follow this path.,नेआ पथरा: अनुसरण रिकाएआ।,neaa patharaa: anusarana rikaaeaa.
पहले बाईं ओर ले जाएं.,Move to the left first.,सिदा सिदा सिदा बाईं ओड़ोः ओड़ोः हिजुःकेदाएः।,sidaa sidaa sidaa baaiin oda़oh oda़oh hijuhkedaaeh.
दूसरे ओर दाहिनी लो।,take the second right.,ओड़ोः एटाः रे दाहिनी लोः ताइकेना।,oda़oh etaah re daahinii loh taaikenaa.
छोटा पुल पार करो.,Cross the small bridge.,ओड़ो: छोटा पुल पार केदाए।,oda़o: chhotaa pula paara kedaae.
तब तक चलें जब तक आपको गेट न दिख जाए।,Walk until you see the gate.,एन सोबेन तायोमते आमा: गेट नमो: जना।,ena sobena taayomate aamaa: geta namo: janaa.
सड़क नदी के पास समाप्त होती है।,The road ends near the river.,सड़क नदी रे समाप्त होबाओआ।,sada़ka nadii re samaapta hobaaoaa.
गांव पहाड़ी के उस पार है.,The village is on the other side of the hill.,इनी: गांव पहाड़ी रा: एन पार मेना:।,inii: gaanwa pahaada़ii raa: ena paara menaa:.
यहां से स्टेशन ज्यादा दूर नहीं है.,The station is not very far from here.,नेता: ते स्टेशन ते स्टेशन पुरा: का ताइकेना।,netaa: te steshana te steshana puraa: kaa taaikenaa.
हम गलत दिशा में जा रहे हैं.,We are going in the wrong direction.,आले गलत दिशा रे हिजुःजाना।,aale galata dishaa re hijuhjaanaa.
यह रास्ता बाज़ार की ओर जाता है।,This road leads to the market.,नेआ रास्ता बाज़ार राः ओड़ोः जाना।,neaa raastaa baaja़aara raah oda़oh jaanaa.
सुबह ठंडी है.,The morning is cold.,मेनदो तिसिङ ठंडी मेना:।,menado tisinga thandii menaa:.
दोपहर गर्म है.,The afternoon is hot.,मेनदो दोपहर हुलंग हुलंग हुलंग हुड़िङ मेनाः।,menado dopahara hulanga hulanga hulanga huda़inga menaah.
शाम को हवा चल रही है.,The wind is blowing in the evening.,ओड़ो: शाम रे हवा चलव तना:,oda़o: shaama re hawaa chalawa tanaa:
बादल काले हैं.,The clouds are dark.,बादल काले मेना:।,baadala kaale menaa:.
सूरज बादलों से छिपा हुआ है.,The sun is hidden by clouds.,सूरज बादल ते छिपा जना।,suuraja baadala te chhipaa janaa.
हल्की हल्की बारिश हो रही है.,It is raining lightly.,मेनदो हल्की हल्की बारिश होबाओआ।,menado halkii halkii baarisha hobaaoaa.
बारिश तेज़ होती जा रही है.,The rain is getting heavier.,मेनदो बारिश तेज होबाओआ।,menado baarisha teja hobaaoaa.
हवा रुक गयी.,The wind stopped.,ओड़ो: हवा हिजु: जना।,oda़o: hawaa hiju: janaa.
मौसम बदल रहा है.,The weather is changing.,मेनदो मौसम बदली तनाए।,menado mausama badalii tanaae.
बाद में धूप हो सकती है.,It may be sunny later.,तायोम तायोमते धूप होबाओआ।,taayoma taayomate dhuupa hobaaoaa.
सड़क गीली हो गई.,The road became wet.,सड़क गीली होबा जना,sada़ka giilii hobaa janaa
कपड़े अभी सूखे नहीं हैं.,The clothes are not dry yet.,नेआ कपड़े अइंग सूखे का मेनअः।,neaa kapada़e ainga suukhe kaa menaah.
कपड़े अन्दर ले आओ.,Bring the clothes inside.,ओड़ो: कपड़ा अन्दर लेल हिजु: जना।,oda़o: kapada़aa andara lela hiju: janaa.
आसमान खूबसूरत लग रहा है.,The sky looks beautiful.,ओड़ो: आसमान खूबसूरत लगव तना:,oda़o: aasamaana khuubasuurata lagawa tanaa:
एक इंद्रधनुष है.,There is a rainbow.,मेनदो मियद इंद्रधनुष मेना:।,menado miyada indradhanusha menaa:.
हवा नम है.,The air is humid.,मेनदो हवा नम मेना:।,menado hawaa nama menaa:.
सुबह का कोहरा घना है.,The morning fog is dense.,ओड़ोः सोबेन हुलंग राः कोहरा घड़ीओःआ।,oda़oh sobena hulanga raah koharaa ghada़iiohaa.
मैदान धुंध से ढका हुआ है.,The ground is covered with fog.,मेनदो मैदान धुंध ते ढका जना।,menado maidaana dhundha te dhakaa janaa.
रात को ठंड लगती है.,It gets cold at night.,तायोम रात रे ठंड लगव तनाए।,taayoma raata re thanda lagawa tanaae.
एक गर्म कपड़ा लें.,Take a warm cloth.,मिआद गर्म कपड़ा लेलकेदाएः।,miaada garma kapada़aa lelakedaaeh.
पेड़ से पत्ते गिर रहे हैं.,Leaves are falling from the tree.,ओड़ो: पेड़ ते पेड़ ते दाड़िओःआ।,oda़o: peda़ te peda़ te daada़iohaa.
एक पक्षी घोंसला बना रहा है.,A bird is building a nest.,मिआद पक्षी घोंसला बाइआकान ताइकेना।,miaada pakshashii ghonsalaa baaiaakaana taaikenaa.
वृक्ष की अनेक शाखाएँ होती हैं।,The tree has many branches.,एटा: वृक्ष रा: सोबेन शाखाओं होबाओआ।,etaa: wrikshasha raa: sobena shaakhaaon hobaaoaa.
पौधे को सूरज की रोशनी की जरूरत होती है.,The plant needs sunlight.,पौधे को सूरज राः रोशनी राः जरूड़ी होबाओःआ।,paudhe ko suuraja raah roshanii raah jaruuda़ii hobaaohaa.
मिट्टी को पानी की जरूरत है.,The soil needs water.,ओड़ो: मिट्टी के पानी रा: जरूड़ी मेना:,oda़o: mittii ke paanii raa: jaruuda़ii menaa:
बीज बढ़ रहा है.,The seed is growing.,ओड़ो: बीज बढ़व तना:,oda़o: biija badha़wa tanaa:
फूल पीला है.,The flower is yellow.,मेनदो फूल पीला मेना:।,menado phuula piilaa menaa:.
बगीचे में बहुत सारे फूल हैं.,There are many flowers in the garden.,बगीचे रे बेसे सोबेन फूल मेना:।,bagiiche re bese sobena phuula menaa:.
घास तेजी से बढ़ रही है.,The grass is growing rapidly.,ओड़ो: घास तेजी ते बढ़व तना:,oda़o: ghaasa tejii te badha़wa tanaa:
खेत रोपण के लिए तैयार है.,The field is ready for planting.,ओड़ो: खेत रोपण नातिन तैयार मेना:।,oda़o: kheta ropana naatina taiyaara menaa:.
किसान खेत में काम कर रहे हैं.,Farmers are working in the fields.,मेनदो किसान खेत रे कामि ताइकेना।,menado kisaana kheta re kaami taaikenaa.
किसान एक टोकरी ले जा रहा है.,The farmer is carrying a basket.,किसान मिआद टोकरी लेल केदाएः।,kisaana miaada tokarii lela kedaaeh.
गायें खेत में हैं.,The cows are in the field.,ओड़ो: गाँव गाँव रे मेना:।,oda़o: gaanwa gaanwa re menaa:.
बकरियाँ बाड़ के पास हैं।,The goats are near the fence.,बकरियाँ बकरियाँ बाड़ ता: रे मेना:।,bakariyaan bakariyaan baada़ taa: re menaa:.
मुर्गियाँ भोजन की तलाश में हैं।,The hens are looking for food.,मुर्गियाँ भोजनरा: तलाश रे मेना:।,murgiyaan bhojanaraa: talaasha re menaa:.
पक्षी एक साथ बैठे हैं.,The birds are sitting together.,ओड़ोः पक्षी मिआद ते हिजुःजानाएः।,oda़oh pakshashii miaada te hijuhjaanaaeh.
जानवरों को सुरक्षित रखें.,Keep animals safe.,ओड़ो: जानवर को सुरक्षित ताइकेना।,oda़o: jaanawara ko surakshashita taaikenaa.
पौधों को नुकसान न पहुंचाएं.,Do not harm the plants.,ओड़ो: पौध को नुकसान नबा:ओआ।,oda़o: paudha ko nukasaana nabaa:oaa.
नदी को साफ रखें.,Keep the river clean.,नदी के साफ तन तइकेना,nadii ke saapha tana taikenaa
प्लास्टिक को जमीन पर न फेंके।,Do not throw plastic on the ground.,प्लास्टिक के जमीन रे का फेंकेदाएः।,plaastika ke jamiina re kaa phenkedaaeh.
आज मुझे कमजोरी महसूस हो रही है.,I am feeling weak today.,तिसिङ आइंग कमजोरी महसूस होबाओआ।,tisinga aainga kamajorii mahasuusa hobaaoaa.
मुझे बैठने की जरूरत है.,I need to sit down.,आञ आञे बैठन राः जरूड़ी मेना:।,aanya aanye baithana raah jaruuda़ii menaa:.
मुझे कुछ ताजी हवा चाहिए.,I need some fresh air.,आञ कुछ ताजी हवा लागातिङा।,aanya kuchha taajii hawaa laagaatingaa.
मेरी आंखें थकी हुई महसूस होती हैं.,My eyes feel tired.,आञाः आञाः आञाः आञाः आञाः आञाः आञाः आञाः आञाः आञाः आञाः आञाः आञाः आञाः आञाः आञाः आञाः आञाः आञाः आञाः आञाः आञाः आञाः लेलजाना।,aanyaah aanyaah aanyaah aanyaah aanyaah aanyaah aanyaah aanyaah aanyaah aanyaah aanyaah aanyaah aanyaah aanyaah aanyaah aanyaah aanyaah aanyaah aanyaah aanyaah aanyaah aanyaah aanyaah lelajaanaa.
मेरे गले में दर्द हो रहा है।,my throat hurts.,आञाः गला रे दर्द होबाओआ।,aanyaah galaa re darda hobaaoaa.
मुझे खाँसी है।,I have a cough.,अइंगअः अइंगअः बुगिन तइन केना।,aingaah aingaah bugina taina kenaa.
मुझे सर्दी हो गई है।,I have caught a cold.,अइंग अइंग अइंग सर्दी होबा जना।,ainga ainga ainga sardii hobaa janaa.
मुझे गरम पानी पीना है.,I want to drink hot water.,अइंग अइंग गरम पानी ओड़ोःइंग।,ainga ainga garama paanii oda़ohinga.
मुझे कुछ देर आराम करना चाहिए.,I should rest for a while.,आञ कुछ देर आराम लागातिङा।,aanya kuchha dera aaraama laagaatingaa.
मुझे कुछ स्वास्थ्यवर्धक खाना चाहिए.,I need to eat something healthy.,आञ आञ कुछ स्वास्थ्यवर्धक खानाञ।,aanya aanya kuchha swaasthyawardhaka khaanaanya.
मुझे बहुत अधिक चीनी से बचना चाहिए।,I should avoid too much sugar.,आञ बेसे चीनी ते बचाव लागातिङा।,aanya bese chiinii te bachaawa laagaatingaa.
कृपया मेरा तापमान जांचें।,Please check my temperature.,आञ आञाः तापमान जांच केदाञ।,aanya aanyaah taapamaana jaancha kedaanya.
मुझे क्लिनिक जाना है.,I have to go to the clinic.,आञ आञ क्लिनिक जानाञ।,aanya aanya klinika jaanaanya.
क्लिनिक सुबह खुलता है.,The clinic opens in the morning.,ओड़ोः क्लिनिक सोबेन सेसेन ताइना।,oda़oh klinika sobena sesena taainaa.
नर्स मरीज की मदद कर रही है.,The nurse is helping the patient.,नर्स मरीज रा: मदद रिका तना:,narsa mariija raa: madada rikaa tanaa:
डॉक्टर मेरी मां से बात कर रहे हैं.,The doctor is talking to my mother.,डॉक्टर आञाः मां ते जागार ताइकेना।,daॉktara aanyaah maan te jaagaara taaikenaa.
मैं आराम कर रहा हूं.,I am resting.,आञ आराम रिका तनाञ।,aanya aaraama rikaa tanaanya.
आराम करने के बाद मैं बेहतर महसूस कर रहा हूं।,I am feeling better after resting.,आञ बेसे महसूस रिकाकेदाञ।,aanya bese mahasuusa rikaakedaanya.
मुझे आज रात जल्दी सोना है.,I have to sleep early tonight.,अइंग अइंग तिसिङ तायोम ते जल्दी सोना मेना:,ainga ainga tisinga taayoma te jaldii sonaa menaa:
कृपया आज अपना ख्याल रखें।,Please take care of yourself today.,अइंग अइंग अइंगअः ख्याल तइन केना।,ainga ainga aingaah khyaala taina kenaa.
किनारे से दूर रहो.,Stay away from the edge.,ओड़ो: किनारे सेनो: ताइकेना।,oda़o: kinaare seno: taaikenaa.
सीढ़ियों पर न दौड़ें.,Do not run on stairs.,ओड़ो: सीढ़ी कोरे नवा दौड़िओआ।,oda़o: siidha़ii kore nawaa dauda़ioaa.
रेलिंग पकड़ो.,Hold the railing.,ओड़ो: रेलिंग पकड़ाओकोआ।,oda़o: relinga pakada़aaokoaa.
सुरक्षित रास्ते पर चलें.,Follow the safe path.,रआः सुरक्षित रासिका रे हिजुःजाना।,raaah surakshashita raasikaa re hijuhjaanaa.
पार करने से पहले देख लें.,Look before you cross.,सिदा लेल ते सिदा लेलकेदाएः।,sidaa lela te sidaa lelakedaaeh.
सड़क के पास न खेलें.,Do not play near the road.,सड़क रेन सड़क रा: तायोम रे नमो: जना:,sada़ka rena sada़ka raa: taayoma re namo: janaa:
नुकीली वस्तुएं बच्चों से दूर रखें।,Keep sharp objects away from children.,नुकीली वस्तु को होड़ोको ते दूर रिकाकेदाए।,nukiilii wastu ko hoda़oko te duura rikaakedaae.
बिजली के तार को न छुएं.,Do not touch the electrical wire.,बिजली रआः तार को नमोः केदाएः।,bijalii raaah taara ko namoh kedaaeh.
माचिस को बच्चों से दूर रखें।,Keep matches away from children.,माचिस के बच्चको ते दूर रिकाकेदाए।,maachisa ke bachchako te duura rikaakedaae.
आग से मत खेलो.,Don't play with fire.,आग आग ते मत खेलाओआ।,aaga aaga te mata khelaaoaa.
अगर आपको धुएं की गंध आती है तो किसी को बताएं।,Tell someone if you smell smoke.,ओड़ोः आमाः धुंआरा: गंध हिजु: तनाए दो जेता: के उदुब केदा।,oda़oh aamaah dhunaaraa: gandha hiju: tanaae do jetaa: ke uduba kedaa.
टूटे शीशे से दूर हटो.,Move away from the broken glass.,टूटे शीशा ते ओड़ो: हटो:,tuute shiishaa te oda़o: hato:
छत पर न चढ़ें.,Do not climb on the roof.,ओड़ो: छत रे का चढ़ाओआ।,oda़o: chhata re kaa chadha़aaoaa.
भारी बारिश के दौरान अंदर ही रहें.,Stay indoors during heavy rain.,भारी बारिश रआः सोमाए रेगे गे ताइकेना।,bhaarii baarisha raaah somaae rege ge taaikenaa.
रात को दरवाज़ा बंद रखें.,Keep the door closed at night.,तायोम तायोमते दरवाज़ा बंद ताइकेना।,taayoma taayomate darawaaja़aa banda taaikenaa.
अजनबियों के लिए दरवाज़ा न खोलें.,Do not open the door to strangers.,ओड़ो: अजनबीको नातिन दरवाज़ा नमो: ओकोआ।,oda़o: ajanabiiko naatina darawaaja़aa namo: okoaa.
अपने माता-पिता को बताएं कि आप कहां जा रहे हैं।,Tell your parents where you are going.,आपान माता-पिता को उदुब केदा चि आम काजि तना।,aapaana maataa-pitaa ko uduba kedaa chi aama kaaji tanaa.
किसी अपरिचित स्थान पर किसी वयस्क के साथ रहें।,Be accompanied by an adult in an unfamiliar place.,सोबेन अपरिचित स्थान रे जेतन वयस्क के ते ताइकेना।,sobena aparichita sthaana re jetana wayaska ke te taaikenaa.
आपातकालीन संपर्क जानकारी अपने साथ रखें।,Carry emergency contact information with you.,अमातकालीन संपर्क जानकारी आपान ते रिकाएआ।,amaatakaaliina sanparka jaanakaarii aapaana te rikaaeaa.
जब आप असुरक्षित महसूस करें तो मदद मांगें।,Ask for help when you feel unsafe.,मेनदो आम असुरक्षित महसूस ताइकेना दो मदद ताइकेना।,menado aama asurakshashita mahasuusa taaikenaa do madada taaikenaa.
मैं अब आराम महसूस कर रहा हूं.,I am feeling relaxed now.,आञ नातिन आराम महसूस केदाञ।,aanya naatina aaraama mahasuusa kedaanya.
मैं आज उत्साहित महसूस कर रहा हूं.,I am feeling excited today.,आञ तिसिङ उत्साहित महसूस केदाञ।,aanya tisinga utsaahita mahasuusa kedaanya.
मुझे मीटिंग को लेकर घबराहट महसूस हो रही है.,I am feeling nervous about the meeting.,आञ मीटिंग के ते घबराहट महसूस होबाओआ।,aanya miitinga ke te ghabaraahata mahasuusa hobaaoaa.
मुझे अपने काम पर गर्व है.,I am proud of my work.,आञ आञ आपान काम रे गर्व मेनाः।,aanya aanya aapaana kaama re garwa menaah.
मुझे आज निराशा महसूस हो रही है.,I feel disappointed today.,आञ तिसिङ निराशा महसूस ताइकेना।,aanya tisinga niraashaa mahasuusa taaikenaa.
मुझे इस बात पर गुस्सा आता है.,I get angry about this.,आञ नेआ जागार रे गुस्सा हिजुःआञ।,aanya neaa jaagaara re gussaa hijuhaanya.
मैं इस प्रश्न से भ्रमित महसूस करता हूँ।,I feel confused by this question.,आञ नेआ प्रश्न ते भ्रमित महसूस केदाञ।,aanya neaa prashna te bhramita mahasuusa kedaanya.
मैं आशान्वित महसूस करता हूं।,I feel hopeful.,आञ आशान्वित महसूस रिकाञाञ।,aanya aashaanwita mahasuusa rikaanyaanya.
आप आये तो मे खुश हुआ।,I am glad you came.,अइंग हिजुःजाना दो आञ हिजुःजाना दो आञ हिजुःजाना।,ainga hijuhjaanaa do aanya hijuhjaanaa do aanya hijuhjaanaa.
मुझे कल की चिंता है.,I am worried about tomorrow.,आञ आञाः कल रेआ चिंता मेना:।,aanya aanyaah kala reaa chintaa menaa:.
मैं इस खबर से हैरान हूं.,I am shocked by this news.,आञ ने खबर ते हैरान तइनाञ।,aanya ne khabara te hairaana tainaanya.
मैं आपकी मदद के लिए आभारी हूं.,I am grateful for your help.,आञ आञ आपान मदद नातिन आभारी तइना।,aanya aanya aapaana madada naatina aabhaarii tainaa.
जो कुछ हुआ उसके लिए मुझे खेद है.,I am sorry for whatever happened.,अइंगअः नातिन अइंगअः नातिन अइंगअः बेसे तइन केना इनिःअ नातिन अइंगअः मेनअः।,aingaah naatina aingaah naatina aingaah bese taina kenaa iniha naatina aingaah menaah.
मैं इस योजना से सहज हूं.,I am comfortable with this plan.,आञ ने योजना ते सहज तइनाञ।,aanya ne yojanaa te sahaja tainaanya.
मैं प्रयास करने के लिए तैयार हूं.,I am ready to try.,आञ प्रयास रिकाकेआते तैयार तइना।,aanya prayaasa rikaakeaate taiyaara tainaa.
मुझे अभी तक यकीन नहीं है.,I'm not sure yet.,अइंग अइंग अइंग अइंग अइंग अइंग अइंग अइंग अइंग ते यकीन का तइना,ainga ainga ainga ainga ainga ainga ainga ainga ainga te yakiina kaa tainaa
मुझे लगता है ये काम करेगा.,I think this will work.,आञ लगव तना ने कामि रिकाञा।,aanya lagawa tanaa ne kaami rikaanyaa.
मुझे लगता है हमें इंतजार करना चाहिए.,I think we should wait.,अइंग अइंग अइंग अइंग अइंग अइंग अइंग अइंग अइंग अइंग अइंग अइंग अइंग अइंग अइंग अइंग अइंग अइंग अइंग अइंग अइंग अइंग अइंग अइंग अइंग अइंग अइंग अइंग अइंग अइंग अइंग अइंग अइंग अइंग अइंग अइंग अइंग रिका तना।,ainga ainga ainga ainga ainga ainga ainga ainga ainga ainga ainga ainga ainga ainga ainga ainga ainga ainga ainga ainga ainga ainga ainga ainga ainga ainga ainga ainga ainga ainga ainga ainga ainga ainga ainga ainga ainga rikaa tanaa.
मुझे आशा है कि आप ठीक हैं.,I hope you are well.,आञ आशा मेनाः चि आम ठीक मेना:।,aanya aashaa menaah chi aama thiika menaa:.
मुझे उम्मीद है कि कल बेहतर होगा.,I hope tomorrow will be better.,आञ उम्मीद मेनाः चि कल बेसे होबाओआ।,aanya ummiida menaah chi kala bese hobaaoaa.
मुझे विवरण भेजें.,Send me the details.,आञ आञ विवरण भेजकेदाञ।,aanya aanya wiwarana bhejakedaanya.
मुझे पता भेजो.,Send me the address.,अइंग अइंग अइंग अइंग अइंग अइंग अइंग अइंग,ainga ainga ainga ainga ainga ainga ainga ainga
मुझे समय सारिणी भेजें.,Send me the schedule.,आञ सोमाए समय सारिणी भेजकेदाञ।,aanya somaae samaya saarinii bhejakedaanya.
मुझे दस्तावेज़ भेजें.,Send me the documents.,अइंग अइंग दस्तावेज़ ओमकेदाए।,ainga ainga dastaaweja़ omakedaae.
उसे संदेश भेजें.,Send him a message.,इनिः आएआः संदेश भेजाएः।,inih aaeaah sandesha bhejaaeh.
यह संदेश उसे अग्रेषित करें.,Forward this message to him.,नेआ संदेश इनिः नेआ संदेश इनिः अग्रेषित ताइकेना।,neaa sandesha inih neaa sandesha inih agreshita taaikenaa.
कृपया मेरे बुलावे का जवाब दें।,Please answer my call.,अइंग अइंगअः बुलावे रेअः जवाब ओड़अः।,ainga aingaah bulaawe reah jawaaba oda़ah.
क्लास के बाद मुझे कॉल करें.,Call me after class.,आञा क्लास तायोमते आञके कॉल केदाञ।,aanyaa klaasa taayomate aanyake kaॉla kedaanya.
स्कूल कार्यालय को कॉल करें.,Call the school office.,ओड़ोः स्कूल कार्यालय के कॉल केदाएः।,oda़oh skuula kaaryaalaya ke kaॉla kedaaeh.
मुझे सही समय बताओ.,Tell me the exact time.,आञ आञ सोबेन समय उदुब केदाञ।,aanya aanya sobena samaya uduba kedaanya.
मुझे मिलने की जगह बताओ.,Tell me the meeting place.,अइंगअः अइंगअः अइंगअः रेअः जगह उदुब केदा।,aingaah aingaah aingaah reah jagaha uduba kedaa.
उसे इंतज़ार करने के लिए कहो.,Tell him to wait.,इनिः इनिःके इंतज़ार रिका केदाएः।,inih inihke intaja़aara rikaa kedaaeh.
उससे कहो मुझे फोन करे.,Tell him to call me.,इनिःते चानाः आञ फोन केदाञ आञ फोन केदाञ।,inihte chaanaah aanya phona kedaanya aanya phona kedaanya.
उन्हें अंदर आने के लिए कहें.,Ask them to come inside.,इनिः के अंदर हिजुः नातिन इनिः के अंदर हिजुःकेदाए।,inih ke andara hijuh naatina inih ke andara hijuhkedaae.
इसके बारे में शिक्षक से पूछें.,Ask the teacher about it.,नेआरा: बारे रे शिक्षक ते पूछव केदा।,neaaraa: baare re shikshashaka te puuchhawa kedaa.
मेरा फ़ोन नंबर लिखो.,Write down my phone number.,आञाः आञाः फ़ोन नंबर लिखोआञ।,aanyaah aanyaah pha़ona nanbara likhoaanya.
इस नंबर को सेव करें.,Save this number.,नेआ नंबर को सेव केदा।,neaa nanbara ko sewa kedaa.
मेरा नंबर साझा न करें.,Don't share my number.,आञाः आञाः नंबर साझा नमोःआञ।,aanyaah aanyaah nanbara saajhaa namohaanya.
संदेश को ध्यान से पढ़ें.,Read the message carefully.,ओड़ोः संदेश के ध्यान ते पढ़ाव जना।,oda़oh sandesha ke dhyaana te padha़aawa janaa.
जब आप फ्री हों तो उत्तर दें।,Please reply when you are free.,मेनदो आम फ्री होबाओःआ दो उत्तर देंगा।,menado aama phrii hobaaohaa do uttara dengaa.
ऐप खोलें.,Open the app.,ओड़ो: ऐप खोब जना।,oda़o: aipa khoba janaa.
ऐप बंद करें.,Close the app.,ओड़ो: ऐप बंद केदाए।,oda़o: aipa banda kedaae.
इंटरनेट से कनेक्ट करें.,connect to the Internet.,इंटरनेट ते कनेक्ट रिकाएआ।,intaraneta te kanekta rikaaeaa.
मोबाइल डेटा चालू करें.,Turn on mobile data.,मोबाइल डेटा चालू रिकाएआ।,mobaaila detaa chaaluu rikaaeaa.
मोबाइल डेटा बंद करें.,Turn off mobile data.,मोबाइल डेटा बंद ताइकेना।,mobaaila detaa banda taaikenaa.
बैटरी लगभग खाली है.,The battery is almost empty.,मेनदो बैटरी लगभग खाली मेना:।,menado baitarii lagabhaga khaalii menaa:.
मेरे फोन को चार्जिंग की जरूरत है.,My phone needs charging.,आञाः फोन चार्जिंग राः जरूड़ी मेना:।,aanyaah phona chaarjinga raah jaruuda़ii menaa:.
स्क्रीन टूट गयी है.,The screen is broken.,मेनदो स्क्रीन टूट जना।,menado skriina tuuta janaa.
स्पीकर बहुत तेज़ है.,The speaker is very loud.,ओड़ो: स्पीकर बेसे तेज़ मेना:।,oda़o: spiikara bese teja़ menaa:.
आवाज कम करें।,Turn down the volume.,आवाज कमि रिकाएआ।,aawaaja kami rikaaeaa.
मात्रा में वृद्धि करो।,increase the volume.,मात्रा रे वृद्धि रिकाओःआ।,maatraraa re wriddhi rikaaohaa.
चार्जर कनेक्ट करें.,Connect the charger.,मेनदो चार्जर कनेक्ट मेनाः।,menado chaarjara kanekta menaah.
चार्जर को अनप्लग करें.,Unplug the charger.,चार्जर के अनप्लग रिकाएआ।,chaarjara ke anaplaga rikaaeaa.
फ़ाइल डाउनलोड हो रही है.,The file is downloading.,मेनदो फाइल डाउनलोड होबाओआ।,menado phaaila daaunaloda hobaaoaa.
फ़ाइल तैयार है.,The file is ready.,नेआ फाइल तैयार मेना:।,neaa phaaila taiyaara menaa:.
दस्तावेज़ खोलें.,Open the document.,एटा: दस्तावेज़ खोलो:वा,etaa: dastaaweja़ kholo:waa
दस्तावेज़ सहेजें.,Save the document.,एटा: दस्तावेज़ सहेजाए।,etaa: dastaaweja़ sahejaae.
फ़ाइल का नाम बदलें.,rename file.,एटा: फ़ाइल रा: नाम बदलाव जना:,etaa: pha़aaila raa: naama badalaawa janaa:
अवांछित फ़ोटो हटाएँ.,Delete unwanted photos.,अवांछित फ़ोटो हटाओआ।,awaanchhita pha़oto hataaoaa.
कोई स्क्रीनशॉट लें।,take a screenshot.,मेनदो जेतन स्क्रीनशॉट लअः केदाएः।,menado jetana skriinashaॉta laah kedaaeh.
कृपया किताब खोलें.,Please open the book.,ओड़ोः उदुब केदा किताब ओमकेदा।,oda़oh uduba kedaa kitaaba omakedaa.
कृपया नोटबुक खोलें.,Please open the notebook.,ओड़ोः नेआ नोटबुक ओमकेदाएः।,oda़oh neaa notabuka omakedaaeh.
कृपया पेंसिल खोलें.,Please open the pencil.,ओड़ो: कृपया पेंसिल खोब जना।,oda़o: kripayaa pensila khoba janaa.
कृपया इरेज़र खोलें.,Please open the eraser.,ओड़ोः इरेज़र खोलकेदाएः।,oda़oh ireja़ra kholakedaaeh.
कृपया रूलर खोलें.,Please open the ruler.,ओड़ो: कृपया रूलर खोब जना।,oda़o: kripayaa ruulara khoba janaa.
कृपया ब्लैकबोर्ड खोलें.,Please open Blackboard.,मेनदो ब्लैकबोर्ड ओलकेदाएः।,menado blaikaborda olakedaaeh.
कृपया डेस्क खोलें.,Please open the desk.,ओड़ोः मेनदो डेस्क ओमकेदाए।,oda़oh menado deska omakedaae.
कृपया कुर्सी खोलो.,Please open the chair.,ओड़ो: कृपया कुर्सी खोलो:आ।,oda़o: kripayaa kursii kholo:aa.
कृपया वर्कशीट खोलें.,Please open the worksheet.,ओड़ो: कृपया वर्कशीट ओमकेदाए।,oda़o: kripayaa warkashiita omakedaae.
कृपया पाठ खोलें.,Please open the text.,ओड़ो: कृपया पाठ खोब जना।,oda़o: kripayaa paatha khoba janaa.
कृपया प्रश्न खोलें.,Please open the question.,ओड़ोः नेआ पेड़ेः लेलकेदाएः।,oda़oh neaa peda़eh lelakedaaeh.
कृपया उत्तर खोलें.,Please open the answer.,ओड़ोः उदुब केदाएः उत्तर खोबोर जना।,oda़oh uduba kedaaeh uttara khobora janaa.
कृपया मानचित्र खोलें.,Please open the map.,ओड़ो: कृपया मानचित्र ओमकेदाए।,oda़o: kripayaa maanachitrara omakedaae.
कृपया चित्र खोलें.,Please open the image.,ओड़ो: कृपया चित्र ओमकेदाए।,oda़o: kripayaa chitrara omakedaae.
कृपया चार्ट खोलें.,Please open the chart.,ओड़ो: कृपया चार्ट खोब जना।,oda़o: kripayaa chaarta khoba janaa.
कृपया शब्दकोश खोलें.,Please open the dictionary.,ओड़ोः नेआ शब्दकोश खोबोर जना।,oda़oh neaa shabdakosha khobora janaa.
कृपया पेज खोलें.,Please open the page.,ओड़ोः चिलका पेज ओमकेदाएः।,oda़oh chilakaa peja omakedaaeh.
कृपया अभ्यास खोलें.,Please open the practice.,ओड़ो: कृपया अभ्यास खोब जना।,oda़o: kripayaa abhyaasa khoba janaa.
कृपया कहानी खोलें.,Please open the story.,ओड़ोः नेआ कहानी खोबोर जना।,oda़oh neaa kahaanii khobora janaa.
कृपया कविता खोलें.,Please open the poem.,ओड़ोः नेआ कविता खोबोर जना।,oda़oh neaa kawitaa khobora janaa.
कृपया नंबर खोलें.,Please open the number.,ओड़ो: कृपया नंबर ओमकेदा।,oda़o: kripayaa nanbara omakedaa.
कृपया शब्द खोलें.,Please open the word.,ओड़ो: कृपया शब्द खोब जना।,oda़o: kripayaa shabda khoba janaa.
कृपया वाक्य खोलें.,Please open the sentence.,ओड़ोः नेआ वाक्य खोबोर जना।,oda़oh neaa waakya khobora janaa.
कृपया उदाहरण खोलें.,Please open the example.,नेया उदाहरण ओमकेदाए।,neyaa udaaharana omakedaae.
कृपया होमवर्क खोलें.,Please open the homework.,ओड़ोः मेनदो होमवर्क खोब जना।,oda़oh menado homawarka khoba janaa.
कृपया पुस्तक बंद करें.,Please close the book.,ओड़ो: कृपया पुस्तक बंद ताइकेना।,oda़o: kripayaa pustaka banda taaikenaa.
कृपया नोटबुक बंद करें.,Please close the notebook.,मेनदो नोटबुक बंद ताइकेना।,menado notabuka banda taaikenaa.
कृपया पेंसिल बंद करें.,Please turn off the pencil.,मेनदो कृपया पेंसिल बंद ताइकेना।,menado kripayaa pensila banda taaikenaa.
कृपया इरेज़र बंद कर दें.,Please turn off the eraser.,ओड़ोः कृपया इरेज़र बंद केदाएः।,oda़oh kripayaa ireja़ra banda kedaaeh.
कृपया रूलर बंद करें.,Please close the ruler.,ओड़ो: कृपया रूलर बंद ताइकेना।,oda़o: kripayaa ruulara banda taaikenaa.
कृपया ब्लैकबोर्ड बंद करें.,Please close Blackboard.,मेनदो ब्लैकबोर्ड बंद रिकाकेदाएः।,menado blaikaborda banda rikaakedaaeh.
कृपया डेस्क बंद करें.,Please close the desk.,ओड़ोः कृपया डेस्क बंद ताइकेना।,oda़oh kripayaa deska banda taaikenaa.
कृपया कुर्सी बंद कर दीजिए.,Please close the chair.,ओड़ोः कृपया कुर्सी बंद केदाएः।,oda़oh kripayaa kursii banda kedaaeh.
कृपया वर्कशीट बंद करें.,Please close the worksheet.,ओड़ोः कृपया वर्कशीट बंद केदाएः।,oda़oh kripayaa warkashiita banda kedaaeh.
कृपया पाठ बंद करें.,Please close the text.,ओड़ो: कृपया पाठ बंद ताइकेना।,oda़o: kripayaa paatha banda taaikenaa.
कृपया प्रश्न बंद करें.,Please close the question.,ओड़ोः चिलका प्रश्न बंद रिकाएः।,oda़oh chilakaa prashna banda rikaaeh.
कृपया उत्तर बंद करें.,Please close the answer.,ओड़ोः नेआ उत्तर बंद केदाएः।,oda़oh neaa uttara banda kedaaeh.
कृपया मानचित्र बंद करें.,Please close the map.,ओड़ो: कृपया मानचित्र बंद ताइकेना।,oda़o: kripayaa maanachitrara banda taaikenaa.
कृपया चित्र बंद करें.,Please close the picture.,ओड़ो: कृपया चित्र बंद ताइकेना।,oda़o: kripayaa chitrara banda taaikenaa.
कृपया चार्ट बंद करें.,Please close the chart.,मेनदो कृपया चार्ट बंद केदाएः।,menado kripayaa chaarta banda kedaaeh.
कृपया शब्दकोश बंद करें.,Please close the dictionary.,ओड़ोः कृपया शब्दकोश बंद केदाएः।,oda़oh kripayaa shabdakosha banda kedaaeh.
कृपया पेज बंद करें.,Please close the page.,ओड़ो: कृपया पेज बंद रिकाएआ।,oda़o: kripayaa peja banda rikaaeaa.
कृपया अभ्यास बंद करें.,Please stop practicing.,ओड़ो: कृपया अभ्यास बंद ताइकेना।,oda़o: kripayaa abhyaasa banda taaikenaa.
कृपया कहानी बंद करें.,Please stop the story.,मेनदो कृपया कहानी बंद केदाएः।,menado kripayaa kahaanii banda kedaaeh.
कृपया कविता बंद करें.,Please stop the poem.,ओड़ोः कृपया कविता बंद केदाएः।,oda़oh kripayaa kawitaa banda kedaaeh.
कृपया नंबर बंद करें.,Please turn off the number.,मेनदो कृपया नंबर बंद केदाएः।,menado kripayaa nanbara banda kedaaeh.
कृपया शब्द बंद करें.,Please stop the words.,ओड़ो: कृपया शब्द बंद ताइकेना।,oda़o: kripayaa shabda banda taaikenaa.
कृपया वाक्य बंद करें.,Please close the sentence.,ओड़ोः कृपया वाक्य बंदाओःआ।,oda़oh kripayaa waakya bandaaohaa.
कृपया उदाहरण बंद करें.,Please close the example.,ओड़ोः नेआ उदाहरण बंद ताइकेना।,oda़oh neaa udaaharana banda taaikenaa.
कृपया होमवर्क बंद करें.,Please stop homework.,ओड़ोः कृपया होमवर्क बंद ताइकेना।,oda़oh kripayaa homawarka banda taaikenaa.
कृपया पुस्तक लायें.,Please bring the book.,मेनदो कृपया पुस्तक लअः तइकेना।,menado kripayaa pustaka laah taikenaa.
कृपया नोटबुक लाएँ।,Please bring a notebook.,मेनदो कृपया नोटबुक लाएः।,menado kripayaa notabuka laaeh.
कृपया पेंसिल लाओ.,Please bring a pencil.,ओड़ोः कृपया पेंसिल लाओःआ।,oda़oh kripayaa pensila laaohaa.
कृपया इरेज़र लाएँ।,Please bring an eraser.,ओड़ो: कृपया इरेज़र लाए:।,oda़o: kripayaa ireja़ra laae:.
कृपया शासक लाओ.,Please bring the ruler.,ओड़ो: कृपया शासक लाओःआ।,oda़o: kripayaa shaasaka laaohaa.
कृपया ब्लैकबोर्ड लाएँ।,Please bring the blackboard.,ओड़ोः चिलका ब्लैकबोर्ड लाएः।,oda़oh chilakaa blaikaborda laaeh.
कृपया डेस्क लाएँ।,Please bring a desk.,ओड़ो: कृपया डेस्क लाए:।,oda़o: kripayaa deska laae:.
कृपया कुर्सी लायें.,Please bring a chair.,ओड़ोः मेनदो कुर्सी लअः जना।,oda़oh menado kursii laah janaa.
कृपया वर्कशीट लाएँ।,Please bring the worksheet.,ओड़ो: कृपया वर्कशीट लाए:।,oda़o: kripayaa warkashiita laae:.
कृपया पाठ लाओ.,Please bring the text.,मेनदो कृपया पाठ लाओःआ।,menado kripayaa paatha laaohaa.
कृपया प्रश्न लेकर आएं।,Please bring questions.,ओड़ोः नुतुम लेलकेआते हिजुःजाना।,oda़oh nutuma lelakeaate hijuhjaanaa.
कृपया उत्तर लेकर आएं।,Please come up with an answer.,ओड़ो: कृपया उत्तर लेलकेआते हिजु: जना।,oda़o: kripayaa uttara lelakeaate hiju: janaa.
कृपया नक्शा लायें.,Please bring a map.,ओड़ोः नेआ नक्शा लअः तइना।,oda़oh neaa nakshaa laah tainaa.
कृपया चित्र लाएँ.,Please bring pictures.,ओड़ो: कृपया चित्र लांदा।,oda़o: kripayaa chitrara laandaa.
कृपया चार्ट लेकर आएं।,Please bring the chart.,ओड़ो: कृपया चार्ट लेलकेआते हिजु: जना।,oda़o: kripayaa chaarta lelakeaate hiju: janaa.
कृपया शब्दकोश लाएँ।,Please bring a dictionary.,ओड़ोः कृपया शब्दकोश लाएः।,oda़oh kripayaa shabdakosha laaeh.
कृपया पेज लाएँ.,Please bring up the page.,ओड़ो: कृपया पेज लाए:।,oda़o: kripayaa peja laae:.
कृपया व्यायाम लाएँ।,Please bring exercises.,ओड़ो: कृपया व्यायाम लांदा।,oda़o: kripayaa wyaayaama laandaa.
कृपया कहानी लायें.,Please bring the story.,ओड़ोः मेनदो कहानी लअः तइन केना।,oda़oh menado kahaanii laah taina kenaa.
कृपया कविता लाओ.,Please bring the poem.,ओड़ो: कृपया कविता लाओःआ।,oda़o: kripayaa kawitaa laaohaa.
कृपया नंबर लायें.,Please bring the number.,मेनदो कृपया नंबर लअः नंबर लअः।,menado kripayaa nanbara laah nanbara laah.
कृपया शब्द लाओ.,Please bring the words.,ओड़ो: कृपया शब्द लाओ:आ।,oda़o: kripayaa shabda laao:aa.
कृपया वाक्य लाओ.,Please bring the sentence.,ओड़ो: कृपया वाक्य लाओ:वा,oda़o: kripayaa waakya laao:waa
कृपया उदाहरण लायें.,Please provide examples.,ओड़ोः नेआ उदाहरण लअः तइना।,oda़oh neaa udaaharana laah tainaa.
कृपया होमवर्क लेकर आएं।,Please bring your homework.,नुतुम होमवर्क लेलकेआते हिजुःजाना।,nutuma homawarka lelakeaate hijuhjaanaa.
कृपया पुस्तक को मेज़ पर रखें।,Please put the book on the table.,ओड़ो: कृपया पुस्तक को मेज़ रे ताइकेना।,oda़o: kripayaa pustaka ko meja़ re taaikenaa.
कृपया नोटबुक को मेज़ पर रखें।,Please put the notebook on the table.,मेनदो नोटबुक के मेज़ रे रिकाएः।,menado notabuka ke meja़ re rikaaeh.
कृपया पेंसिल को मेज पर रखें।,Please put the pencil on the table.,ओड़ोः कृपया पेंसिल को मेज रे ताइकेना।,oda़oh kripayaa pensila ko meja re taaikenaa.
कृपया इरेज़र को मेज पर रखें।,Please put the eraser on the table.,इरेज़र के मेज रे ताइकेना।,ireja़ra ke meja re taaikenaa.
कृपया रूलर को मेज पर रखें।,Please put the ruler on the table.,ओड़ो: कृपया रूलर के मेज रे ताइकेना।,oda़o: kripayaa ruulara ke meja re taaikenaa.
कृपया ब्लैकबोर्ड को मेज़ पर रखें।,Please put the blackboard on the table.,नुतुम ब्लैकबोर्ड के मेज़ रे ताइकेना।,nutuma blaikaborda ke meja़ re taaikenaa.
कृपया डेस्क को मेज पर रखें।,Please put the desk on the table.,ओड़ो: कृपया डेस्क के मेज रे ताइकेना।,oda़o: kripayaa deska ke meja re taaikenaa.
कृपया कुर्सी को मेज पर रखें।,Please place the chair at the table.,ओड़ो: कृपया कुर्सी के मेज रे ताइकेना।,oda़o: kripayaa kursii ke meja re taaikenaa.
कृपया वर्कशीट को मेज पर रखें।,Please place the worksheet on the table.,ओड़ोः मेनदो वर्कशीट को मेज रे ताइकेना।,oda़oh menado warkashiita ko meja re taaikenaa.
कृपया पाठ को मेज पर रखें।,Please put the text on the table.,ओड़ो: कृपया पाठ को मेज रे ताइकेना।,oda़o: kripayaa paatha ko meja re taaikenaa.
कृपया प्रश्न को पटल पर रखें।,Please table the question.,ओड़ो: कृपया प्रश्न को पटल रे ताइकेना।,oda़o: kripayaa prashna ko patala re taaikenaa.
कृपया उत्तर पटल पर रखें।,Please put the answer on the table.,ओड़ो: कृपया उत्तर पटल रे ताइकेना।,oda़o: kripayaa uttara patala re taaikenaa.
कृपया मानचित्र को मेज पर रखें।,Please put the map on the table.,ओड़ो: कृपया मानचित्र को मेज रे ताइकेना।,oda़o: kripayaa maanachitrara ko meja re taaikenaa.
कृपया चित्र मेज पर रखें।,Please put the picture on the table.,ओड़ो: कृपया चित्र मेज रे ताइकेना।,oda़o: kripayaa chitrara meja re taaikenaa.
कृपया चार्ट को मेज पर रखें।,Please place the chart on the table.,ओड़ोः कृपया चार्ट को मेज रे ताइकेना।,oda़oh kripayaa chaarta ko meja re taaikenaa.
कृपया शब्दकोष मेज पर रखें।,Please put the dictionary on the table.,ओड़ो: कृपया शब्दकोष मेज रे ताइकेना।,oda़o: kripayaa shabdakosha meja re taaikenaa.
कृपया पृष्ठ को मेज पर रखें।,Please put the page on the table.,मेनदो कृपया पृष्ठ के मेज रे ताइकेना।,menado kripayaa prishtha ke meja re taaikenaa.
कृपया व्यायाम को मेज पर रखें।,Please put the exercise on the table.,ओड़ो: कृपया व्यायाम को मेज रे ताइकेना।,oda़o: kripayaa wyaayaama ko meja re taaikenaa.
कृपया कहानी को पटल पर रखें।,Please keep the story on the table.,ओड़ो: कृपया कहानी को पटल रे ताइकेना।,oda़o: kripayaa kahaanii ko patala re taaikenaa.
कृपया कविता को मेज पर रखें।,Please put the poem on the table.,ओड़ोः कविता को मेज रे ताइकेना।,oda़oh kawitaa ko meja re taaikenaa.
कृपया संख्या पटल पर रखें।,Please put the number on the table.,ओड़ो: कृपया संख्या पटल रे ताइकेना।,oda़o: kripayaa sankhyaa patala re taaikenaa.
कृपया बात को पटल पर रखें।,Please put the matter on the table.,मेनदो कृपया जागार को पटल रे रिकाएआ।,menado kripayaa jaagaara ko patala re rikaaeaa.
कृपया वाक्य को पटल पर रखें।,Please put the sentence on the table.,ओड़ो: कृपया वाक्य को पटल रे ताइकेना।,oda़o: kripayaa waakya ko patala re taaikenaa.
कृपया उदाहरण पटल पर रखें।,Please put examples on the table.,मेनदो उदाहरण पटल रे ताइकेना।,menado udaaharana patala re taaikenaa.
कृपया होमवर्क मेज पर रखें।,Please put your homework on the table.,मेनदो होमवर्क मेज रे ताइकेना।,menado homawarka meja re taaikenaa.
कृपया पुस्तक को ध्यानपूर्वक जांचें।,Please check the book carefully.,ओड़ोः कृपया पुस्तक के ध्यानपूर्वक जांच केदा।,oda़oh kripayaa pustaka ke dhyaanapuurwaka jaancha kedaa.
कृपया नोटबुक को ध्यान से जांचें।,Please check the notebook carefully.,मेनदो नोटबुक के ध्यान ते जांच केदाएः।,menado notabuka ke dhyaana te jaancha kedaaeh.
कृपया पेंसिल को ध्यान से जांचें।,Please check the pencil carefully.,ओड़ोः कृपया पेंसिल के ध्यान ते जांच जना।,oda़oh kripayaa pensila ke dhyaana te jaancha janaa.
कृपया इरेज़र को ध्यान से जांचें।,Please check the eraser carefully.,इरेज़र के ध्यान ते जांच केदाएः।,ireja़ra ke dhyaana te jaancha kedaaeh.
कृपया रूलर की सावधानीपूर्वक जांच करें।,Please check the ruler carefully.,ओड़ो: कृपया रूलर रा: सावधानीपूर्वक जांच रिकाएआ।,oda़o: kripayaa ruulara raa: saawadhaaniipuurwaka jaancha rikaaeaa.
कृपया ब्लैकबोर्ड को ध्यानपूर्वक जांचें।,Please check the blackboard carefully.,मेनदो ब्लैकबोर्ड के ध्यानपूर्वक जांच केदाएः।,menado blaikaborda ke dhyaanapuurwaka jaancha kedaaeh.
कृपया डेस्क की सावधानीपूर्वक जांच करें।,Please examine the desk carefully.,ओड़ोः कृपया डेस्क राः सावधानीपूर्वक जांच केदाएः।,oda़oh kripayaa deska raah saawadhaaniipuurwaka jaancha kedaaeh.
कृपया कुर्सी की सावधानीपूर्वक जांच करें।,Please examine the chair carefully.,ओड़ो: कृपया कुर्सी रा: सावधानीपूर्वक जांच रिकाएआ।,oda़o: kripayaa kursii raa: saawadhaaniipuurwaka jaancha rikaaeaa.
कृपया वर्कशीट को ध्यान से जांचें।,Please check the worksheet carefully.,ओड़ो: कृपया वर्कशीट के ध्यान ते जांच केदा।,oda़o: kripayaa warkashiita ke dhyaana te jaancha kedaa.
कृपया पाठ को ध्यानपूर्वक जांचें।,Please check the text carefully.,ओड़ोः कृपया पाठ के ध्यानपूर्वक जांच केदा।,oda़oh kripayaa paatha ke dhyaanapuurwaka jaancha kedaa.
कृपया प्रश्न को ध्यानपूर्वक जांचें।,Please check the question carefully.,ओड़ो: कृपया प्रश्न के ध्यानपूर्वक जांच केदा।,oda़o: kripayaa prashna ke dhyaanapuurwaka jaancha kedaa.
कृपया उत्तर को ध्यानपूर्वक जांचें।,Please check the answer carefully.,ओड़ोः कृपया उत्तर के ध्यानपूर्वक जांच केदा।,oda़oh kripayaa uttara ke dhyaanapuurwaka jaancha kedaa.
कृपया मानचित्र को ध्यानपूर्वक जांचें।,Please check the map carefully.,ओड़ो: कृपया मानचित्र के ध्यानपूर्वक जांच केदा।,oda़o: kripayaa maanachitrara ke dhyaanapuurwaka jaancha kedaa.
कृपया चित्र को ध्यानपूर्वक जांचें।,Please check the picture carefully.,ओड़ोः कृपया चित्र के ध्यानपूर्वक जांच केदा।,oda़oh kripayaa chitrara ke dhyaanapuurwaka jaancha kedaa.
कृपया चार्ट को ध्यानपूर्वक जांचें।,Please check the chart carefully.,ओड़ोः कृपया चार्ट के ध्यानपूर्वक जांच केदा।,oda़oh kripayaa chaarta ke dhyaanapuurwaka jaancha kedaa.
कृपया शब्दकोश को ध्यानपूर्वक जांचें।,Please check the dictionary carefully.,ओड़ोः कृपया शब्दकोश के ध्यानपूर्वक जांच केदाएः।,oda़oh kripayaa shabdakosha ke dhyaanapuurwaka jaancha kedaaeh.
कृपया पृष्ठ को ध्यानपूर्वक जांचें।,Please check the page carefully.,ओड़ोः कृपया पृष्ठ के ध्यानपूर्वक जांच केदा।,oda़oh kripayaa prishtha ke dhyaanapuurwaka jaancha kedaa.
कृपया अभ्यास की सावधानीपूर्वक जाँच करें।,Please check the exercises carefully.,ओड़ो: कृपया अभ्यास रा: सावधानीपूर्वक जाँच रिकाएआ।,oda़o: kripayaa abhyaasa raa: saawadhaaniipuurwaka jaancha rikaaeaa.
कृपया कहानी को ध्यान से जांचें।,Please check the story carefully.,ओड़ोः कृपया कहानी के ध्यान ते जांच केदा।,oda़oh kripayaa kahaanii ke dhyaana te jaancha kedaa.
कृपया कविता को ध्यान से जांचें।,Please check the poem carefully.,ओड़ोः कृपया कविता के ध्यान ते जांच केदाएः।,oda़oh kripayaa kawitaa ke dhyaana te jaancha kedaaeh.
कृपया नंबर को ध्यान से जांचें।,Please check the number carefully.,ओड़ो: कृपया नंबर के ध्यान ते जांच केदा।,oda़o: kripayaa nanbara ke dhyaana te jaancha kedaa.
कृपया शब्द को ध्यानपूर्वक जांचें।,Please check the wording carefully.,ओड़ो: कृपया शब्द के ध्यानपूर्वक जांच केदा।,oda़o: kripayaa shabda ke dhyaanapuurwaka jaancha kedaa.
कृपया वाक्य को ध्यानपूर्वक जांचें।,Please check the sentence carefully.,ओड़ोः कृपया वाक्य के ध्यानपूर्वक जांच केदाएः।,oda़oh kripayaa waakya ke dhyaanapuurwaka jaancha kedaaeh.
कृपया उदाहरण को ध्यानपूर्वक जांचें।,Please check the example carefully.,नेआ उदाहरण के ध्यानपूर्वक जांच केदा।,neaa udaaharana ke dhyaanapuurwaka jaancha kedaa.
कृपया होमवर्क ध्यानपूर्वक जांचें।,Please check your homework carefully.,मेनदो होमवर्क ध्यानपूर्वक जांच केदाएः।,menado homawarka dhyaanapuurwaka jaancha kedaaeh.
कृपया पुस्तक को ज़ोर से पढ़ें।,Please read the book out loud.,ओड़ो: कृपया पुस्तक के जोर ते पढ़व केदा।,oda़o: kripayaa pustaka ke jora te padha़wa kedaa.
कृपया नोटबुक को ज़ोर से पढ़ें।,Please read the notebook out loud.,ओड़ो: कृपया नोटबुक के जोर ते पढ़व केदा।,oda़o: kripayaa notabuka ke jora te padha़wa kedaa.
कृपया पेंसिल को ज़ोर से पढ़ें।,Please read the pencil out loud.,ओड़ो: कृपया पेंसिल के जोर ते पढ़व केदा।,oda़o: kripayaa pensila ke jora te padha़wa kedaa.
कृपया इरेज़र को ज़ोर से पढ़ें।,Please read the eraser out loud.,ओड़ो: कृपया इरेज़र के जोर ते पढ़व केदा।,oda़o: kripayaa ireja़ra ke jora te padha़wa kedaa.
कृपया रूलर को ज़ोर से पढ़ें।,Please read the ruler out loud.,ओड़ो: कृपया रूलर के जोर ते पढ़व केदा।,oda़o: kripayaa ruulara ke jora te padha़wa kedaa.
कृपया ब्लैकबोर्ड को ज़ोर से पढ़ें।,Please read the blackboard out loud.,ओड़ो: कृपया ब्लैकबोर्ड के जोर ते पढ़व केदा।,oda़o: kripayaa blaikaborda ke jora te padha़wa kedaa.
कृपया डेस्क को ज़ोर से पढ़ें।,Please read the desk aloud.,ओड़ो: कृपया डेस्क के जोर ते पढ़व केदा।,oda़o: kripayaa deska ke jora te padha़wa kedaa.
कृपया कुर्सी को जोर से पढ़ें।,Please read aloud to the chair.,ओड़ो: कृपया कुर्सी के जोर ते पढ़व केदा।,oda़o: kripayaa kursii ke jora te padha़wa kedaa.
कृपया वर्कशीट को ज़ोर से पढ़ें।,Please read the worksheet aloud.,ओड़ो: कृपया वर्कशीट के जोर ते पढ़व केदा।,oda़o: kripayaa warkashiita ke jora te padha़wa kedaa.
कृपया पाठ को ज़ोर से पढ़ें।,Please read the text out loud.,ओड़ो: कृपया पाठ के जोर ते पढ़व केदा।,oda़o: kripayaa paatha ke jora te padha़wa kedaa.
कृपया प्रश्न को ज़ोर से पढ़ें।,Please read the question out loud.,ओड़ो: कृपया प्रश्न के जोर ते पढ़व केदा।,oda़o: kripayaa prashna ke jora te padha़wa kedaa.
कृपया उत्तर को ज़ोर से पढ़ें।,Please read the answer out loud.,ओड़ोः कृपया उत्तर को ते पढ़व जना।,oda़oh kripayaa uttara ko te padha़wa janaa.
कृपया मानचित्र को ज़ोर से पढ़ें।,Please read the map out loud.,ओड़ो: कृपया मानचित्र के जोर ते पढ़व केदा।,oda़o: kripayaa maanachitrara ke jora te padha़wa kedaa.
कृपया चित्र को ज़ोर से पढ़ें।,Please read the picture out loud.,ओड़ो: कृपया चित्र के जोर ते पढ़व केदा।,oda़o: kripayaa chitrara ke jora te padha़wa kedaa.
कृपया चार्ट को ज़ोर से पढ़ें।,Please read the chart out loud.,ओड़ो: कृपया चार्ट के जोर ते पढ़व केदा।,oda़o: kripayaa chaarta ke jora te padha़wa kedaa.
कृपया शब्दकोश को ज़ोर से पढ़ें।,Please read the dictionary out loud.,ओड़ो: कृपया शब्दकोश के जोर ते पढ़ाव केदा।,oda़o: kripayaa shabdakosha ke jora te padha़aawa kedaa.
कृपया पृष्ठ को ज़ोर से पढ़ें।,Please read the page out loud.,ओड़ो: कृपया पृष्ठ के जोर ते पढ़व केदा।,oda़o: kripayaa prishtha ke jora te padha़wa kedaa.
कृपया अभ्यास को ज़ोर से पढ़ें।,Please read the exercise out loud.,ओड़ो: कृपया अभ्यास के जोर ते पढ़ाव जना।,oda़o: kripayaa abhyaasa ke jora te padha़aawa janaa.
कृपया कहानी ज़ोर से पढ़ें.,Please read the story aloud.,ओड़ो: कृपया कहानी ते पढ़ाव जना।,oda़o: kripayaa kahaanii te padha़aawa janaa.
कृपया कविता को ज़ोर से पढ़ें।,Please read the poem out loud.,ओड़ो: कृपया कविता के जोर ते पढ़व केदा।,oda़o: kripayaa kawitaa ke jora te padha़wa kedaa.
कृपया संख्या को ज़ोर से पढ़ें.,Please read the number out loud.,ओड़ो: कृपया संख्या ते पढ़ाव जना।,oda़o: kripayaa sankhyaa te padha़aawa janaa.
कृपया शब्द को ज़ोर से पढ़ें।,Please read the word out loud.,ओड़ो: कृपया शब्द के जोर ते पढ़व केदा।,oda़o: kripayaa shabda ke jora te padha़wa kedaa.
कृपया वाक्य को ज़ोर से पढ़ें।,Please read the sentence out loud.,ओड़ो: कृपया वाक्य के जोर ते पढ़व केदा।,oda़o: kripayaa waakya ke jora te padha़wa kedaa.
कृपया उदाहरण को ज़ोर से पढ़ें।,Please read the example out loud.,नेआ उदाहरण के जोर ते पढ़व केदा।,neaa udaaharana ke jora te padha़wa kedaa.
कृपया होमवर्क ज़ोर से पढ़ें।,Please read the homework out loud.,ओड़ो: कृपया होमवर्क जोर ते पढ़ाव जना।,oda़o: kripayaa homawarka jora te padha़aawa janaa.
कृपया पुस्तक में लिखें.,Please write in the book.,ओड़ो: कृपया पुस्तक रे ओलकेदाए।,oda़o: kripayaa pustaka re olakedaae.
कृपया नोटबुक में लिखें.,Please write in your notebook.,ओड़ो: कृपया नोटबुक रे ओलकेदाए।,oda़o: kripayaa notabuka re olakedaae.
कृपया पेंसिल में लिखें.,Please write in pencil.,ओड़ो: कृपया पेंसिल रे ओल केदाए।,oda़o: kripayaa pensila re ola kedaae.
कृपया इरेज़र में लिखें.,Please write in the eraser.,ओड़ो: कृपया इरेज़र रे लिखव केदा।,oda़o: kripayaa ireja़ra re likhawa kedaa.
कृपया रूलर में लिखें.,Please write in the ruler.,ओड़ो: कृपया रूलर रे ओलकेदाए।,oda़o: kripayaa ruulara re olakedaae.
कृपया ब्लैकबोर्ड पर लिखें.,Please write on the blackboard.,ओड़ो: कृपया ब्लैकबोर्ड रे ओलकेदाए।,oda़o: kripayaa blaikaborda re olakedaae.
कृपया डेस्क में लिखें.,Please write in the desk.,ओड़ो: कृपया डेस्क रे ओल केदाए।,oda़o: kripayaa deska re ola kedaae.
कृपया कुर्सी पर बैठ कर लिखें।,Please sit on a chair and write.,ओड़ो: कृपया कुर्सी रे बैठ केदाए।,oda़o: kripayaa kursii re baitha kedaae.
कृपया वर्कशीट में लिखें.,Please write in the worksheet.,ओड़ो: कृपया वर्कशीट रे ओलकेदाए।,oda़o: kripayaa warkashiita re olakedaae.
कृपया पाठ में लिखें.,Please write in text.,ओड़ो: कृपया पाठ रे ओलकेदाए।,oda़o: kripayaa paatha re olakedaae.
कृपया प्रश्न में लिखें.,Please write in the question.,ओड़ो: कृपया प्रश्न रे ओलकेदाए।,oda़o: kripayaa prashna re olakedaae.
कृपया उत्तर में लिखें.,Please write in the answer.,ओड़ो: कृपया उत्तर रे ओलकेदाए।,oda़o: kripayaa uttara re olakedaae.
कृपया मानचित्र में लिखें.,Please write on the map.,ओड़ो: कृपया मानचित्र रे ओलकेदाए।,oda़o: kripayaa maanachitrara re olakedaae.
कृपया चित्र में लिखें.,Please write in the picture.,ओड़ो: कृपया चित्र रे ओलकेदाए।,oda़o: kripayaa chitrara re olakedaae.
कृपया चार्ट में लिखें.,Please write in the chart.,ओड़ो: कृपया चार्ट रे ओलकेदाए।,oda़o: kripayaa chaarta re olakedaae.
कृपया शब्दकोश में लिखें।,Please write in the dictionary.,ओड़ो: कृपया शब्दकोश रे ओलकेदाए।,oda़o: kripayaa shabdakosha re olakedaae.
कृपया पेज में लिखें.,Please write in the page.,ओड़ो: कृपया पेज रे ओल केदाए।,oda़o: kripayaa peja re ola kedaae.
कृपया अभ्यास में लिखें.,Please write in the exercise.,ओड़ो: कृपया अभ्यास रे ओलकेदाए।,oda़o: kripayaa abhyaasa re olakedaae.
कृपया कहानी में लिखें.,Please write in the story.,ओड़ो: कृपया कहानी रे ओलकेदाए।,oda़o: kripayaa kahaanii re olakedaae.
कृपया कविता में लिखें.,Please write in poetry.,ओड़ो: कृपया कविता रे ओलकेदाए।,oda़o: kripayaa kawitaa re olakedaae.
कृपया संख्या में लिखें.,Please write in numbers.,ओड़ो: कृपया संख्या रे ओलकेदाए।,oda़o: kripayaa sankhyaa re olakedaae.
कृपया शब्द में लिखें.,Please write in words.,ओड़ो: कृपया शब्द रे ओलकेदाए।,oda़o: kripayaa shabda re olakedaae.
कृपया वाक्य में लिखें.,Please write in sentences.,ओड़ो: कृपया वाक्य रे ओलकेदाए।,oda़o: kripayaa waakya re olakedaae.
कृपया उदाहरण में लिखें.,Please write in the example.,नेआ उदाहरण रे ओलकेदाएः।,neaa udaaharana re olakedaaeh.
कृपया होमवर्क में लिखें.,Please write in the homework.,ओड़ो: कृपया होमवर्क रे ओलकेदाए।,oda़o: kripayaa homawarka re olakedaae.
कृपया पुस्तक देखें.,Please see the book.,ओड़ो: कृपया पुस्तक लेल केदा।,oda़o: kripayaa pustaka lela kedaa.
कृपया नोटबुक देखें.,Please see the notebook.,मेनदो कृपया नोटबुक लेलकेदाए।,menado kripayaa notabuka lelakedaae.
कृपया पेंसिल को देखें.,Please look at the pencil.,ओड़ो: कृपया पेंसिल को लेल केदा।,oda़o: kripayaa pensila ko lela kedaa.
कृपया इरेज़र को देखें.,Please look at the eraser.,एटा: इरेज़र के ओमकेदाए।,etaa: ireja़ra ke omakedaae.
कृपया शासक को देखें.,Please refer to the ruler.,ओड़ो: कृपया शासक को लेल केदा।,oda़o: kripayaa shaasaka ko lela kedaa.
कृपया ब्लैकबोर्ड को देखें.,Please look at the blackboard.,मेनदो ब्लैकबोर्ड को लेलकेदाएः।,menado blaikaborda ko lelakedaaeh.
कृपया डेस्क को देखें.,Please look at the desk.,ओड़ो: कृपया डेस्क को लेल केदा।,oda़o: kripayaa deska ko lela kedaa.
कृपया कुर्सी को देखें.,Please look at the chair.,ओड़ो: कृपया कुर्सी को लेल केदा।,oda़o: kripayaa kursii ko lela kedaa.
कृपया वर्कशीट देखें.,Please see the worksheet.,ओड़ो: कृपया वर्कशीट लेलकेदाए।,oda़o: kripayaa warkashiita lelakedaae.
कृपया पाठ को देखें.,Please see the text.,ओड़ो: कृपया पाठ को लेल केदा।,oda़o: kripayaa paatha ko lela kedaa.
कृपया प्रश्न देखें.,Please see the question.,ओड़ो: कृपया प्रश्न लेल केदा।,oda़o: kripayaa prashna lela kedaa.
कृपया उत्तर देखें.,Please see the answer.,ओड़ो: कृपया उत्तर लेलकेदाए।,oda़o: kripayaa uttara lelakedaae.
कृपया मानचित्र देखें.,Please see the map.,ओड़ो: कृपया मानचित्र लेलकेदाए।,oda़o: kripayaa maanachitrara lelakedaae.
कृपया चित्र देखें.,Please see the picture.,मेनदो कृपया चित्र लेलकेदाएः।,menado kripayaa chitrara lelakedaaeh.
कृपया चार्ट देखें.,Please see the chart.,मेनदो कृपया चार्ट लेलकेदाए।,menado kripayaa chaarta lelakedaae.
कृपया शब्दकोश देखें.,Please see the dictionary.,ओड़ो: कृपया शब्दकोश लेल केदा।,oda़o: kripayaa shabdakosha lela kedaa.
कृपया पृष्ठ देखें.,Please see the page.,ओड़ो: कृपया पृष्ठ लेल केदा।,oda़o: kripayaa prishtha lela kedaa.
कृपया अभ्यास देखें.,Please see the exercise.,ओड़ो: कृपया अभ्यास लेल केदा।,oda़o: kripayaa abhyaasa lela kedaa.
कृपया कहानी देखें.,Please see the story.,ओड़ो: कृपया कहानी लेलकेदाए।,oda़o: kripayaa kahaanii lelakedaae.
कृपया कविता देखें.,Please see the poem.,ओड़ो: कृपया कविता लेलकेदाए।,oda़o: kripayaa kawitaa lelakedaae.
कृपया संख्या देखें.,Please see the number.,ओड़ो: कृपया संख्या लेलकेदाए।,oda़o: kripayaa sankhyaa lelakedaae.
कृपया शब्द को देखें.,Please look at the word.,ओड़ो: कृपया शब्द को लेल केदा।,oda़o: kripayaa shabda ko lela kedaa.
कृपया वाक्य को देखें.,Please see the sentence.,ओड़ोः नेआ वाक्य लेलकेदाएः।,oda़oh neaa waakya lelakedaaeh.
कृपया उदाहरण देखें.,Please see the example.,ओड़ो: कृपया उदाहरण लेल केदा।,oda़o: kripayaa udaaharana lela kedaa.
कृपया होमवर्क देखें।,Please see the homework.,ओड़ो: कृपया होमवर्क लेल केदा।,oda़o: kripayaa homawarka lela kedaa.
कृपया पुस्तक को अपने साथी के साथ साझा करें।,Please share the book with your partner.,ओड़ो: कृपया पुस्तक के आपान साथी ते साझा केदा।,oda़o: kripayaa pustaka ke aapaana saathii te saajhaa kedaa.
कृपया नोटबुक को अपने साथी के साथ साझा करें।,Please share the notebook with your partner.,आपान नोटबुक के आपान साथी ते साझा केदा।,aapaana notabuka ke aapaana saathii te saajhaa kedaa.
कृपया पेंसिल को अपने साथी के साथ साझा करें।,Please share the pencil with your partner.,आपान पेंसिल के आपान साथी ते साझाओआ।,aapaana pensila ke aapaana saathii te saajhaaoaa.
कृपया इरेज़र को अपने साथी के साथ साझा करें।,Please share the eraser with your partner.,इरेज़र आपान साथी ते साझा केदाएः।,ireja़ra aapaana saathii te saajhaa kedaaeh.
कृपया रूलर को अपने साथी के साथ साझा करें।,Please share the ruler with your partner.,नुतुम रूलर आपान साथी ते साझा केदाएः।,nutuma ruulara aapaana saathii te saajhaa kedaaeh.
कृपया ब्लैकबोर्ड को अपने साथी के साथ साझा करें।,Please share Blackboard with your partner.,मेनदो ब्लैकबोर्ड आपान साथी ते साझा केदाएः।,menado blaikaborda aapaana saathii te saajhaa kedaaeh.
कृपया अपने साथी के साथ डेस्क साझा करें।,Please share your desk with your partner.,आपान साथी ते डेस्क साझा केदाएः।,aapaana saathii te deska saajhaa kedaaeh.
कृपया अपने साथी के साथ कुर्सी साझा करें।,Please share a chair with your partner.,ओड़ोः आपान साथी ते कुर्सी साझा केदा।,oda़oh aapaana saathii te kursii saajhaa kedaa.
कृपया वर्कशीट को अपने साथी के साथ साझा करें।,Please share the worksheet with your partner.,आपान वर्कशीट के आपान साथी ते साझाओआ।,aapaana warkashiita ke aapaana saathii te saajhaaoaa.
कृपया पाठ को अपने साथी के साथ साझा करें।,Please share the text with your partner.,ओड़ो: कृपया पाठ के आपान साथी ते साझाओआ।,oda़o: kripayaa paatha ke aapaana saathii te saajhaaoaa.
कृपया प्रश्न को अपने साथी के साथ साझा करें।,Please share the question with your partner.,ओड़ोः नुतुम आपान साथी ते साझाओःआ।,oda़oh nutuma aapaana saathii te saajhaaohaa.
कृपया उत्तर अपने साथी के साथ साझा करें।,Please share the answer with your partner.,आपान उत्तर आपान साथी ते साझाओआ।,aapaana uttara aapaana saathii te saajhaaoaa.
कृपया मानचित्र को अपने साथी के साथ साझा करें।,Please share the map with your partner.,ओड़ो: कृपया मानचित्र के आपान साथी ते साझा केदा।,oda़o: kripayaa maanachitrara ke aapaana saathii te saajhaa kedaa.
कृपया तस्वीर को अपने साथी के साथ साझा करें।,Please share the picture with your friends.,आपान तस्वीर के आपान साथी ते साझाओआ।,aapaana taswiira ke aapaana saathii te saajhaaoaa.
कृपया चार्ट को अपने साथी के साथ साझा करें।,Please share the chart with your partner.,आपान चार्ट के आपान साथी ते साझाओआ।,aapaana chaarta ke aapaana saathii te saajhaaoaa.
कृपया शब्दकोश को अपने साथी के साथ साझा करें।,Please share the dictionary with your partner.,ओड़ोः नेआ शब्दकोश के आपान साथी ते साझाओःआ।,oda़oh neaa shabdakosha ke aapaana saathii te saajhaaohaa.
कृपया पेज को अपने साथी के साथ साझा करें।,Please share the page with your friends.,आपान पेज के आपान साथी ते साझाओआ।,aapaana peja ke aapaana saathii te saajhaaoaa.
कृपया व्यायाम को अपने साथी के साथ साझा करें।,Please share the exercise with your partner.,ओड़ो: कृपया व्यायाम के आपान साथी ते साझा केदा।,oda़o: kripayaa wyaayaama ke aapaana saathii te saajhaa kedaa.
कृपया कहानी अपने साथी के साथ साझा करें।,Please share the story with your partner.,ओड़ोः नेआ कहानी आपान साथी ते साझाओःआ।,oda़oh neaa kahaanii aapaana saathii te saajhaaohaa.
कृपया कविता को अपने साथी के साथ साझा करें।,Please share the poem with your friend.,आपान कविता के आपान साथी ते साझाओआ।,aapaana kawitaa ke aapaana saathii te saajhaaoaa.
कृपया अपने साथी के साथ नंबर साझा करें।,Please share the number with your partner.,आपान साथी ते नंबर साझाओआ।,aapaana saathii te nanbara saajhaaoaa.
कृपया अपने साथी के साथ यह बात साझा करें।,Please share this with your partner.,आपान साथी ते नेआ जागार साझा केदाएः।,aapaana saathii te neaa jaagaara saajhaa kedaaeh.
कृपया वाक्य को अपने साथी के साथ साझा करें।,Please share the sentence with your partner.,ओड़ोः नेआ वाक्य के आपान साथी ते साझाओःआ।,oda़oh neaa waakya ke aapaana saathii te saajhaaohaa.
कृपया अपने साथी के साथ उदाहरण साझा करें।,Please share examples with your partner.,आपान साथी ते उदाहरण साझाओआ।,aapaana saathii te udaaharana saajhaaoaa.
कृपया होमवर्क अपने साथी के साथ साझा करें।,Please share the homework with your partner.,आपान होमवर्क आपान साथी ते साझाओआ।,aapaana homawarka aapaana saathii te saajhaaoaa.
कृपया दोपहर के भोजन से पहले किताब ख़त्म कर लें।,Please finish the book before lunch.,नेपहर राः भोजन ते सिदा किताब ओमकेदाएः।,nepahara raah bhojana te sidaa kitaaba omakedaaeh.
कृपया लंच से पहले नोटबुक ख़त्म कर लें।,Please finish the notebook before lunch.,नुतुम लंच ते सिदा नोटबुक ओमकेदाएः।,nutuma lancha te sidaa notabuka omakedaaeh.
कृपया लंच से पहले पेंसिल ख़त्म कर लें।,Please finish your pencils before lunch.,ओड़ो: कृपया लंच ते सिदा पेंसिल ख़त्म केदा।,oda़o: kripayaa lancha te sidaa pensila kha़tma kedaa.
कृपया दोपहर के भोजन से पहले इरेज़र ख़त्म कर लें।,Please finish the eraser before lunch.,नेपहर राः भोजन ते सिदा इरेज़र ओमकेदाएः।,nepahara raah bhojana te sidaa ireja़ra omakedaaeh.
कृपया दोपहर के भोजन से पहले रूलर समाप्त करें।,Please finish the ruler before lunch.,नेपहर राः भोजन ते सिदा रूलर समाप्त केदा।,nepahara raah bhojana te sidaa ruulara samaapta kedaa.
कृपया दोपहर के भोजन से पहले ब्लैकबोर्ड समाप्त कर लें।,Please finish Blackboard before lunch.,नेपहर राः भोजन ते सिदा ब्लैकबोर्ड समाप्त केदाएः।,nepahara raah bhojana te sidaa blaikaborda samaapta kedaaeh.
कृपया दोपहर के भोजन से पहले डेस्क समाप्त करें।,Please finish your desk before lunch.,नेपहर राः भोजन ते सिदा डेस्क समाप्त केदा।,nepahara raah bhojana te sidaa deska samaapta kedaa.
कृपया दोपहर के भोजन से पहले कुर्सी ख़त्म कर लें।,Please finish the chair before lunch.,मेनदो दोपहर राः भोजन ते सिदा कुर्सी ओमकेदाएः।,menado dopahara raah bhojana te sidaa kursii omakedaaeh.
कृपया दोपहर के भोजन से पहले वर्कशीट समाप्त करें।,Please finish the worksheet before lunch.,नेपहर राः भोजन ते सिदा वर्कशीट समाप्त केदा।,nepahara raah bhojana te sidaa warkashiita samaapta kedaa.
कृपया दोपहर के भोजन से पहले पाठ समाप्त करें।,Please finish the lesson before lunch.,नेपहर राः भोजन ते सिदा पाठ समाप्त केदा।,nepahara raah bhojana te sidaa paatha samaapta kedaa.
कृपया दोपहर के भोजन से पहले प्रश्न समाप्त करें।,Please finish the questions before lunch.,नेपहर राः भोजन ते सिदा प्रश्न समाप्त केदा।,nepahara raah bhojana te sidaa prashna samaapta kedaa.
कृपया दोपहर के भोजन से पहले उत्तर समाप्त करें।,Please finish the answer before lunch.,नेपहर राः भोजन ते सिदा उत्तर समाप्त केदा।,nepahara raah bhojana te sidaa uttara samaapta kedaa.
कृपया दोपहर के भोजन से पहले मानचित्र समाप्त करें।,Please finish the map before lunch.,नेपहर राः भोजन ते सिदा मानचित्र समाप्त केदा।,nepahara raah bhojana te sidaa maanachitrara samaapta kedaa.
कृपया दोपहर के भोजन से पहले चित्र समाप्त करें।,Please finish the drawing before lunch.,नेपहर राः भोजन ते सिदा चित्र समाप्त केदा।,nepahara raah bhojana te sidaa chitrara samaapta kedaa.
कृपया दोपहर के भोजन से पहले चार्ट समाप्त करें।,Please finish the chart before lunch.,नेपहर राः भोजन ते सिदा चार्ट समाप्त केदा।,nepahara raah bhojana te sidaa chaarta samaapta kedaa.
कृपया दोपहर के भोजन से पहले शब्दकोश समाप्त कर लें।,Please finish the dictionary before lunch.,नेपहर राः भोजन ते सिदा शब्दकोश समाप्त केदाएः।,nepahara raah bhojana te sidaa shabdakosha samaapta kedaaeh.
कृपया दोपहर के भोजन से पहले पृष्ठ समाप्त करें।,Please finish the page before lunch.,नेपहर राः भोजन ते सिदा पृष्ठ समाप्त केदा।,nepahara raah bhojana te sidaa prishtha samaapta kedaa.
कृपया दोपहर के भोजन से पहले व्यायाम समाप्त करें।,Please finish your exercise before lunch.,नेपहर राः भोजन ते सिदा व्यायाम समाप्त केदा।,nepahara raah bhojana te sidaa wyaayaama samaapta kedaa.
कृपया दोपहर के भोजन से पहले कहानी समाप्त करें।,Please finish the story before lunch.,नेपहर राः भोजन ते सिदा कहानी समाप्त केदाएः।,nepahara raah bhojana te sidaa kahaanii samaapta kedaaeh.
कृपया दोपहर के भोजन से पहले कविता समाप्त करें।,Please finish the poem before lunch.,नेपहर राः भोजन ते सिदा कविता समाप्त केदा।,nepahara raah bhojana te sidaa kawitaa samaapta kedaa.
कृपया दोपहर के भोजन से पहले संख्या समाप्त करें।,Please finish the number before lunch.,नेपहर राः भोजन ते सिदा संख्या समाप्त केदा।,nepahara raah bhojana te sidaa sankhyaa samaapta kedaa.
कृपया दोपहर के भोजन से पहले शब्द समाप्त करें।,Please finish the term before lunch.,नेपहर राः भोजन ते सिदा शब्द समाप्त केदा।,nepahara raah bhojana te sidaa shabda samaapta kedaa.
कृपया दोपहर के भोजन से पहले वाक्य समाप्त करें।,Please finish the sentence before lunch.,नेपहर राः भोजन ते सिदा वाक्य समाप्त केदा।,nepahara raah bhojana te sidaa waakya samaapta kedaa.
कृपया दोपहर के भोजन से पहले उदाहरण समाप्त करें।,Please finish the example before lunch.,नेपहर राः भोजन ते सिदा उदाहरण समाप्त केदा।,nepahara raah bhojana te sidaa udaaharana samaapta kedaa.
कृपया दोपहर के भोजन से पहले होमवर्क पूरा कर लें।,Please finish your homework before lunch.,मेनदो दोपहर राः भोजन ते सिदा होमवर्क पूरा केदाएः।,menado dopahara raah bhojana te sidaa homawarka puuraa kedaaeh.
कृपया दरवाज़ा साफ़ करें.,Please clear the door.,ओड़ो: कृपया दरवाज़ा साफ़ रिकाएआ।,oda़o: kripayaa darawaaja़aa saapha़ rikaaeaa.
कृपया खिड़की साफ़ करें.,Please clean the window.,ओड़ोः कृपया खिड़की साफ़ केदाएः।,oda़oh kripayaa khida़kii saapha़ kedaaeh.
कृपया रसोईघर साफ़ करें.,Please clean the kitchen.,मेनदो कृपया रसोईघर साफ केदाएः।,menado kripayaa rasoiighara saapha kedaaeh.
कृपया शयनकक्ष साफ़ करें.,Please clean the bedroom.,ओड़ो: कृपया शयनकक्ष साफ़ रिकाएआ।,oda़o: kripayaa shayanakakshasha saapha़ rikaaeaa.
कृपया बाथरूम साफ़ करें.,Please clean the bathroom.,ओड़ो: कृपया बाथरूम साफ़ रिकाएआ।,oda़o: kripayaa baatharuuma saapha़ rikaaeaa.
कृपया फर्श साफ़ करें.,Please clean the floor.,ओड़ो: कृपया फर्श साफ़ रिकाएआ।,oda़o: kripayaa pharsha saapha़ rikaaeaa.
कृपया छत साफ़ करें.,Please clean the roof.,ओड़ो: कृपया छत साफ़ रिकाएआ।,oda़o: kripayaa chhata saapha़ rikaaeaa.
कृपया बगीचे को साफ़ करें।,Please clean the garden.,ओड़ोः नुतुम बगीचे को साफ रिकाएआ।,oda़oh nutuma bagiiche ko saapha rikaaeaa.
कृपया बाल्टी साफ़ करें.,Please clean the bucket.,ओड़ो: कृपया बाल्टी साफ़ रिकाएआ।,oda़o: kripayaa baaltii saapha़ rikaaeaa.
कृपया प्लेट साफ़ करें.,Please clear the plate.,ओड़ो: कृपया प्लेट साफ़ रिकाएआ।,oda़o: kripayaa pleta saapha़ rikaaeaa.
कृपया कप साफ़ करें.,Please clean the cup.,ओड़ो: कृपया कप साफ़ रिकाएआ।,oda़o: kripayaa kapa saapha़ rikaaeaa.
कृपया चम्मच साफ़ करें.,Please clean the spoon.,ओड़ो: कृपया चम्मच साफ़ केदा।,oda़o: kripayaa chammacha saapha़ kedaa.
कृपया कंबल साफ़ करें.,Please clean the blanket.,ओड़ो: कृपया कंबल साफ़ रिकाएआ।,oda़o: kripayaa kanbala saapha़ rikaaeaa.
कृपया तकिया साफ़ करें.,Please clean the pillow.,ओड़ो: कृपया तकिया साफ़ रिकाएआ।,oda़o: kripayaa takiyaa saapha़ rikaaeaa.
कृपया तौलिया साफ़ करें.,Please clean the towel.,ओड़ो: कृपया तौलिया साफ़ रिकाएआ।,oda़o: kripayaa tauliyaa saapha़ rikaaeaa.
कृपया दीपक साफ़ करें.,Please clean the lamp.,ओड़ो: कृपया दीपक साफ़ रिकाएआ।,oda़o: kripayaa diipaka saapha़ rikaaeaa.
कृपया पंखा साफ़ करें.,Please clean the fan.,ओड़ो: कृपया पंखा साफ़ रिकाएआ।,oda़o: kripayaa pankhaa saapha़ rikaaeaa.
कृपया मेज़ साफ़ करें.,Please clear the table.,ओड़ो: कृपया मेज़ साफ़ रिकाएआ।,oda़o: kripayaa meja़ saapha़ rikaaeaa.
कृपया अलमारी साफ़ करें.,Please clean the cupboard.,ओड़ो: कृपया अलमारी साफ़ रिकाएआ।,oda़o: kripayaa alamaarii saapha़ rikaaeaa.
कृपया कुंजी साफ़ करें.,Please clear the key.,ओड़ो: कृपया कुंजी साफ़ रिकाएआ।,oda़o: kripayaa kunjii saapha़ rikaaeaa.
कृपया ताला साफ़ करें.,Please clear the lock.,ओड़ो: ताला साफ रिकाएआ।,oda़o: taalaa saapha rikaaeaa.
कृपया बैग साफ़ करें.,Please clean the bag.,ओड़ो: कृपया बैग साफ़ रिकाएआ।,oda़o: kripayaa baiga saapha़ rikaaeaa.
कृपया कपड़े साफ़ करें.,Please clean the clothes.,ओड़ो: कृपया कपड़ा साफ़ रिकाएआ।,oda़o: kripayaa kapada़aa saapha़ rikaaeaa.
कृपया जूते साफ़ करें.,Please clean your shoes.,ओड़ोः नुतुम जूता साफ रिकाएः।,oda़oh nutuma juutaa saapha rikaaeh.
कृपया चटाई साफ़ करें.,Please clean the mat.,ओड़ो: कृपया चटाई साफ़ रिकाएआ।,oda़o: kripayaa chataaii saapha़ rikaaeaa.
कृपया दरवाज़ा खोलें।,Please open the door.,मेनदो कृपया दरवाजा ओमकेदाए।,menado kripayaa darawaajaa omakedaae.
कृपया खिड़की खोल दें।,Please open the window.,ओड़ो: कृपया खिड़की खोल केदा।,oda़o: kripayaa khida़kii khola kedaa.
कृपया रसोई खोलें.,Please open the kitchen.,ओड़ोः रसोई ओमकेदाएः।,oda़oh rasoii omakedaaeh.
कृपया शयनकक्ष खोलें.,Please open the bedroom.,ओड़ो: कृपया शयनकक्ष ओमकेदाए।,oda़o: kripayaa shayanakakshasha omakedaae.
कृपया बाथरूम खोलें.,Please open the bathroom.,ओड़ो: कृपया बाथरूम ओमकेदाए।,oda़o: kripayaa baatharuuma omakedaae.
कृपया फर्श खोलें.,Please open the floor.,ओड़ो: कृपया फर्श खोब जना।,oda़o: kripayaa pharsha khoba janaa.
कृपया छत खोलें.,Please open the roof.,ओड़ो: कृपया छत खोब जना।,oda़o: kripayaa chhata khoba janaa.
कृपया बगीचा खोलो.,Please open the garden.,ओड़ो: कृपया बगीचा खोलो:आ।,oda़o: kripayaa bagiichaa kholo:aa.
कृपया बाल्टी खोलें.,Please open the bucket.,ओड़ो: कृपया बाल्टी खोब जना।,oda़o: kripayaa baaltii khoba janaa.
कृपया प्लेट खोलें.,Please open the plate.,ओड़ो: कृपया प्लेट खोब जना।,oda़o: kripayaa pleta khoba janaa.
कृपया कप खोलें.,Please open the cup.,ओड़ो: कृपया कप खोब जना।,oda़o: kripayaa kapa khoba janaa.
कृपया चम्मच खोलें.,Please open the spoon.,ओड़ो: कृपया चम्मच ओमकेदा।,oda़o: kripayaa chammacha omakedaa.
कृपया कम्बल खोलो.,Please open the blanket.,ओड़ोः मेनदो कम्बल खोलोओःआ।,oda़oh menado kambala kholoohaa.
कृपया तकिया खोलो.,Please open the pillow.,ओड़ो: कृपया तकिया खोलो:।,oda़o: kripayaa takiyaa kholo:.
कृपया तौलिया खोलें.,Please open the towel.,ओड़ोः मेनदो तौलिया ओमकेदाए।,oda़oh menado tauliyaa omakedaae.
कृपया लैंप खोलें.,Please open the lamp.,ओड़ोः चिलका लैंप ओमकेदाएः।,oda़oh chilakaa lainpa omakedaaeh.
कृपया पंखा खोलो.,Please turn on the fan.,ओड़ो: कृपया पंखा खोलो:आ।,oda़o: kripayaa pankhaa kholo:aa.
कृपया टेबल खोलें.,Please open the table.,ओड़ो: कृपया टेबल खोब जना।,oda़o: kripayaa tebala khoba janaa.
कृपया अलमारी खोलें.,Please open the cupboard.,ओड़ोः मेनदो अलमारी खोलोःआ।,oda़oh menado alamaarii kholohaa.
कृपया कुंजी खोलें.,Please open the key.,ओड़ोः नेआ कुंजी खोब जना।,oda़oh neaa kunjii khoba janaa.
कृपया ताला खोलें.,Please open the lock.,ओड़ोः चिलका ताला खोलोःआ।,oda़oh chilakaa taalaa kholohaa.
कृपया बैग खोलें.,Please open the bag.,ओड़ोः मेनदो बैग खोलाओःआ।,oda़oh menado baiga kholaaohaa.
प्लीज़ कपड़े खोलो.,Please take off your clothes.,ओड़ो: प्लीज़ कपड़े खोलो:आ।,oda़o: pliija़ kapada़e kholo:aa.
कृपया जूते खोलो.,Please take off your shoes.,ओड़ो: कृपया जूता खोलो:आ।,oda़o: kripayaa juutaa kholo:aa.
कृपया चटाई खोलें.,Please open the mat.,ओड़ो: कृपया चटाई खोब जना।,oda़o: kripayaa chataaii khoba janaa.
कृपया दरवाज़ा बंद करें।,Please close the door.,मेनदो कृपया दरवाजा बंद ताइकेना।,menado kripayaa darawaajaa banda taaikenaa.
कृपया विंडो बंद करें।,Please close the window.,मेनदो कृपया विंडो बंद ताइकेना।,menado kripayaa windo banda taaikenaa.
कृपया रसोई बंद कर दीजिए.,Please close the kitchen.,मेनदो कृपया रसोई बंद केदाएः।,menado kripayaa rasoii banda kedaaeh.
कृपया शयनकक्ष बंद कर दें.,Please close the bedroom.,ओड़ो: कृपया शयनकक्ष बंद केदाए।,oda़o: kripayaa shayanakakshasha banda kedaae.
कृपया बाथरूम बंद कर दें.,Please close the bathroom.,ओड़ोः कृपया बाथरूम बंद केदाएः।,oda़oh kripayaa baatharuuma banda kedaaeh.
कृपया फर्श बंद कर दें.,Please close the floor.,ओड़ोः कृपया फर्श बंद केदाएः।,oda़oh kripayaa pharsha banda kedaaeh.
कृपया छत बंद कर दें.,Please close the roof.,ओड़ोः कृपया छत बंद केदाएः।,oda़oh kripayaa chhata banda kedaaeh.
कृपया बगीचा बंद कर दें.,Please close the garden.,ओड़ोः कृपया बगीचा बंद केदाएः।,oda़oh kripayaa bagiichaa banda kedaaeh.
कृपया बाल्टी बंद करें.,Please close the bucket.,ओड़ो: कृपया बाल्टी बंद ताइकेना।,oda़o: kripayaa baaltii banda taaikenaa.
कृपया प्लेट बंद कर दें.,Please turn off the plate.,ओड़ोः कृपया प्लेट बंद केदाएः।,oda़oh kripayaa pleta banda kedaaeh.
कृपया कप बंद कर दें.,Please close the cup.,ओड़ोः कृपया कप बंद केदाएः।,oda़oh kripayaa kapa banda kedaaeh.
कृपया चम्मच बंद कर दें.,Please put down the spoon.,ओड़ो: कृपया चम्मच बंद केदाए।,oda़o: kripayaa chammacha banda kedaae.
कृपया कंबल बंद कर दें.,Please turn off the blanket.,ओड़ोः कृपया कंबल बंद केदाएः।,oda़oh kripayaa kanbala banda kedaaeh.
कृपया तकिया बंद कर दें.,Please turn off the pillow.,ओड़ो: कृपया तकिया बंद केदाए।,oda़o: kripayaa takiyaa banda kedaae.
कृपया तौलिया बंद कर दें.,Please towel off.,ओड़ोः कृपया तौलिया बंद केदाएः।,oda़oh kripayaa tauliyaa banda kedaaeh.
कृपया लैंप बंद करें.,Please turn off the lamp.,मेनदो लैंप बंद ताइकेना।,menado lainpa banda taaikenaa.
कृपया पंखा बंद कर दें.,Please turn off the fan.,ओड़ो: कृपया पंखा बंद केदाए।,oda़o: kripayaa pankhaa banda kedaae.
कृपया तालिका बंद करें.,Please close the table.,मेनदो कृपया तालिका बंद ताइकेना।,menado kripayaa taalikaa banda taaikenaa.
कृपया अलमारी बंद कर दीजिए.,Please close the cupboard.,ओड़ोः कृपया अलमारी बंद केदाएः।,oda़oh kripayaa alamaarii banda kedaaeh.
कृपया कुंजी बंद करें.,Please turn off the key.,ओड़ो: कृपया कुंजी बंद ताइकेना।,oda़o: kripayaa kunjii banda taaikenaa.
कृपया ताला बंद कर दें.,Please lock the door.,ओड़ो: कृपया ताला बंद केदाए।,oda़o: kripayaa taalaa banda kedaae.
कृपया बैग बंद कर दें.,Please close the bag.,ओड़ोः कृपया बैग बंद केदाएः।,oda़oh kripayaa baiga banda kedaaeh.
कृपया कपड़े बंद कर लें.,Please take off your clothes.,ओड़ो: कृपया कपड़ा बंद केदाए।,oda़o: kripayaa kapada़aa banda kedaae.
कृपया जूते बंद कर दें.,Please take your shoes off.,ओड़ो: कृपया जूता बंद केदाए।,oda़o: kripayaa juutaa banda kedaae.
कृपया चटाई बंद कर दें.,Please turn off the mat.,ओड़ोः कृपया चटाई बंद केदाएः।,oda़oh kripayaa chataaii banda kedaaeh.
कृपया दरवाज़ा सावधानी से हिलाएँ।,Please move the door carefully.,ओड़ोः नेआ दरवाजा सावधानी ते हिलाओःआ।,oda़oh neaa darawaajaa saawadhaanii te hilaaohaa.
कृपया खिड़की को सावधानी से हिलाएँ।,Please move the window carefully.,मेनदो खिड़की के सावधानी ते हिलाओआ।,menado khida़kii ke saawadhaanii te hilaaoaa.
कृपया रसोई को सावधानी से हिलाएं।,Please move the kitchen with caution.,अदिका रसोई के सावधानी ते हिलाओआ।,adikaa rasoii ke saawadhaanii te hilaaoaa.
कृपया शयनकक्ष को सावधानी से हिलाएँ।,Please move the bedroom carefully.,अदिका शयनकक्ष के सावधानी ते हिलाओआ।,adikaa shayanakakshasha ke saawadhaanii te hilaaoaa.
कृपया बाथरूम को सावधानी से हिलाएँ।,Please move the bathroom carefully.,ओड़ोः नुतुम बाथरूम के सावधानी ते हिलाओःआ।,oda़oh nutuma baatharuuma ke saawadhaanii te hilaaohaa.
कृपया फर्श को सावधानी से हिलाएं।,Please move the floor carefully.,ओड़ो: कृपया फर्श के सावधानी ते हिलाओआ।,oda़o: kripayaa pharsha ke saawadhaanii te hilaaoaa.
कृपया छत को सावधानी से हिलाएं।,Please move the roof carefully.,ओड़ोः कृपया छत के सावधानी ते हिलाओःआ।,oda़oh kripayaa chhata ke saawadhaanii te hilaaohaa.
कृपया बगीचे को सावधानी से हटाएँ।,Please remove the garden with care.,ओड़ोःगे बगीचे सावधानी ते हटाओआ।,oda़ohge bagiiche saawadhaanii te hataaoaa.
कृपया बाल्टी को सावधानी से हिलाएँ।,Please shake the bucket carefully.,नुतुम बाल्टी के सावधानी ते हिलाओआ।,nutuma baaltii ke saawadhaanii te hilaaoaa.
कृपया प्लेट को सावधानी से हिलाएं.,Please move the plate carefully.,ओड़ोः कृपया प्लेट के सावधानी ते हिलाओःआ।,oda़oh kripayaa pleta ke saawadhaanii te hilaaohaa.
कृपया कप को सावधानी से हिलाएँ।,Please shake the cup carefully.,चिलका कप के सावधानी ते हिलाओआ।,chilakaa kapa ke saawadhaanii te hilaaoaa.
कृपया चम्मच को सावधानी से हिलाएँ।,Please stir the spoon carefully.,मेनदो चम्मच के सावधानी ते हिलाओआ।,menado chammacha ke saawadhaanii te hilaaoaa.
कृपया कंबल को सावधानी से हिलाएं।,Please move the blanket carefully.,ओड़ोः कृपया कंबल के सावधानी ते हिलाओःआ।,oda़oh kripayaa kanbala ke saawadhaanii te hilaaohaa.
कृपया तकिये को सावधानी से हिलाएं।,Please move the pillow carefully.,नुतुम तकिये के सावधानी ते हिलाओआ।,nutuma takiye ke saawadhaanii te hilaaoaa.
कृपया तौलिये को सावधानी से हिलाएं।,Please move the towel carefully.,ओड़ोः कृपया तौलिये के सावधानी ते हिलाओआ।,oda़oh kripayaa tauliye ke saawadhaanii te hilaaoaa.
कृपया लैंप को सावधानी से हिलाएं।,Please move the lamp carefully.,नुतुम लैंप के सावधानी ते हिलाओआ।,nutuma lainpa ke saawadhaanii te hilaaoaa.
कृपया पंखा सावधानी से चलाएँ।,Please operate the fan carefully.,ओड़ोः चिलका पंखा सावधानी ते चलाव जना।,oda़oh chilakaa pankhaa saawadhaanii te chalaawa janaa.
कृपया टेबल को सावधानी से हिलाएं।,Please move the table carefully.,नुतुम टेबल के सावधानी ते हिलाओआ।,nutuma tebala ke saawadhaanii te hilaaoaa.
कृपया अलमारी को सावधानी से हिलाएं।,Please move the cupboard carefully.,नुतुम अलमारी के सावधानी ते हिलाओआ।,nutuma alamaarii ke saawadhaanii te hilaaoaa.
कृपया चाबी को सावधानी से हिलाएँ।,Please move the key carefully.,नुतुम चाबी के सावधानी ते हिलाओआ।,nutuma chaabii ke saawadhaanii te hilaaoaa.
कृपया ताला सावधानी से हटाएँ।,Please remove the lock carefully.,नेया ताला सावधानी ते हटाओआ।,neyaa taalaa saawadhaanii te hataaoaa.
कृपया बैग को सावधानी से हिलाएँ।,Please shake the bag carefully.,ओड़ोः चिलका बैग के सावधानी ते हिलाओःआ।,oda़oh chilakaa baiga ke saawadhaanii te hilaaohaa.
कृपया कपड़ों को सावधानी से हिलाएं।,Please move the clothing carefully.,ओड़ोः कृपया कपड़ को सावधानी ते हिलाओःआ।,oda़oh kripayaa kapada़ ko saawadhaanii te hilaaohaa.
कृपया जूते सावधानी से हिलाएं।,Please move the shoes carefully.,चिलका जूता सावधानी ते हिलाओआ।,chilakaa juutaa saawadhaanii te hilaaoaa.
कृपया चटाई को सावधानी से हिलाएं।,Please move the mat carefully.,ओड़ो: कृपया चटाई के सावधानी ते हिलाओआ।,oda़o: kripayaa chataaii ke saawadhaanii te hilaaoaa.
कृपया यहां दरवाजा लगाएं.,Please put the door here.,नेता: रे दरवाजा लगाव केदा।,netaa: re darawaajaa lagaawa kedaa.
कृपया यहां विंडो लगाएं.,Please put a window here.,नेता: रे विंडो लगाव केदा।,netaa: re windo lagaawa kedaa.
कृपया रसोईघर यहाँ रखें।,Please keep the kitchen here.,मेनदो रसोईघर नेता: रसोईघर नेता: रिकाएआ।,menado rasoiighara netaa: rasoiighara netaa: rikaaeaa.
कृपया शयनकक्ष यहीं रखें।,Please keep the bedroom here.,नेता: रा: कृपया शयनकक्ष नेता: रिकाकेदाए।,netaa: raa: kripayaa shayanakakshasha netaa: rikaakedaae.
कृपया बाथरूम यहीं रखें.,Please keep the bathroom here.,ओड़ो: कृपया बाथरूम नेता: ताइकेना।,oda़o: kripayaa baatharuuma netaa: taaikenaa.
कृपया यहां फर्श लगाएं।,Please put the floor here.,नेता: रे फर्श लगाव जना।,netaa: re pharsha lagaawa janaa.
कृपया यहां छत डाल दीजिए.,Please put a roof here.,नेता: रे छत डाल केदाए।,netaa: re chhata daala kedaae.
कृपया यहां बगीचा लगाएं।,Please plant a garden here.,नेता: रे बगीचा लगातिंगा।,netaa: re bagiichaa lagaatingaa.
कृपया बाल्टी यहाँ रख दें।,Please put the bucket here.,ओड़ो: कृपया बाल्टी नेता: लेल रिकाएआ।,oda़o: kripayaa baaltii netaa: lela rikaaeaa.
कृपया थाली यहाँ रख दें।,Please put the plate here.,नेता: रे रिका ताइकेना नेता: रिका केदाए।,netaa: re rikaa taaikenaa netaa: rikaa kedaae.
कृपया प्याला यहाँ रख दें।,Please put the cup here.,ओड़ोः चिलका प्याला नेताः रिकाएःआ।,oda़oh chilakaa pyaalaa netaah rikaaehaa.
कृपया चम्मच यहाँ रखें।,Please put the spoon here.,नेता: रे मेनदो चम्मच नेता: रिकाएआ।,netaa: re menado chammacha netaa: rikaaeaa.
कृपया कम्बल यहीं डाल दीजिए.,Please put the blanket here.,ओड़ो: कृपया कम्बल नेता: रिकाकेदाए।,oda़o: kripayaa kambala netaa: rikaakedaae.
कृपया तकिया यहाँ रख दें।,Please put the pillow here.,नेता: रे तकिया नेता: रिकाएआ।,netaa: re takiyaa netaa: rikaaeaa.
कृपया तौलिया यहाँ रख दें।,Please put the towel here.,ओड़ोःगे तौलिया नेताः रिकाकेदाएः।,oda़ohge tauliyaa netaah rikaakedaaeh.
कृपया यहां दीपक लगाएं.,Please light a lamp here.,नेता: रे दीपक लगाव केदा।,netaa: re diipaka lagaawa kedaa.
कृपया यहाँ पंखा लगा दीजिए।,Please put a fan here.,नेता: रे पंखा लगातिंगा।,netaa: re pankhaa lagaatingaa.
कृपया टेबल यहां लगाएं.,Please place the table here.,नेता: रे नुतुम टेबल नेता: लगाव जना।,netaa: re nutuma tebala netaa: lagaawa janaa.
कृपया अलमारी यहीं रख दीजिए.,Please keep the cupboard here.,ओड़ो: कृपया अलमारी नेता: रिकाएआ।,oda़o: kripayaa alamaarii netaa: rikaaeaa.
कृपया कुंजी यहां रखें.,Please put the key here.,नेता: रे पुरा: कुंजी नेता: रे ताइकेना।,netaa: re puraa: kunjii netaa: re taaikenaa.
कृपया यहां ताला लगा दें.,Please lock this place.,नेता: ताला लगातिंगा।,netaa: taalaa lagaatingaa.
कृपया बैग यहाँ रख दें।,Please put the bag here.,ओड़ो: कृपया बैग नेता: रिकाएआ।,oda़o: kripayaa baiga netaa: rikaaeaa.
कृपया कपड़े यहीं रख दीजिए.,Please keep the clothes here.,ओड़ो: कृपया कपड़ा नेता: रिकाकेदाए।,oda़o: kripayaa kapada़aa netaa: rikaakedaae.
कृपया जूते यहाँ रख दें।,Please put your shoes here.,ओड़ो: कृपया जूते नेता रआः ताइकेना।,oda़o: kripayaa juute netaa raaah taaikenaa.
कृपया यहां चटाई बिछा दीजिए.,Please spread a mat here.,नेता: रे चटाई बिछा केदाए।,netaa: re chataaii bichhaa kedaae.
कृपया आज दरवाजा धो लें.,Please wash the door today.,मेनदो तिसिङ दरवाजा धोकेदाए।,menado tisinga darawaajaa dhokedaae.
कृपया आज खिड़की धो लें।,Please wash the window today.,नेआ खिड़की धोकेदाएः।,neaa khida़kii dhokedaaeh.
कृपया आज रसोई साफ़ कर लें।,Please clean the kitchen today.,मेनदो तिसिङ रसोई साफ केदाएः।,menado tisinga rasoii saapha kedaaeh.
कृपया आज शयनकक्ष धो लें।,Please wash the bedroom today.,नेआ शयनकक्ष धोकेदा तिसिङ शयनकक्ष धोकेदा।,neaa shayanakakshasha dhokedaa tisinga shayanakakshasha dhokedaa.
कृपया आज बाथरूम धो लें.,Please wash the bathroom today.,मेनदो तिसिंग बाथरूम धोकेदाएः।,menado tisinga baatharuuma dhokedaaeh.
कृपया आज फर्श धो लें।,Please wash the floor today.,ओड़ोः नेआ फर्श धोकेदाएः।,oda़oh neaa pharsha dhokedaaeh.
कृपया आज छत धो लें।,Please wash the roof today.,ओड़ोः नेआ छत धोकेदाएः।,oda़oh neaa chhata dhokedaaeh.
कृपया आज बगीचे को धो लें।,Please mow the garden today.,मेनदो तिसिङ बगीचे के धोकेदाएः।,menado tisinga bagiiche ke dhokedaaeh.
कृपया आज बाल्टी धो लें।,Please wash the bucket today.,नेआ बाल्टी धोकेदाएः।,neaa baaltii dhokedaaeh.
कृपया आज थाली धो लें.,Please wash the plate today.,नेआ थाली धोकेदाएः।,neaa thaalii dhokedaaeh.
कृपया आज कप धो लें।,Please wash the cup today.,ओड़ोः नेआ कप धोकेदाएः।,oda़oh neaa kapa dhokedaaeh.
कृपया आज चम्मच धो लें।,Please wash the spoon today.,नेया चम्मच धोकेदाए तिसिङ चम्मच धोकेदा।,neyaa chammacha dhokedaae tisinga chammacha dhokedaa.
कृपया आज कम्बल धो लें।,Please wash the blanket today.,ओड़ोः नेआ कम्बल धोकेदाएः।,oda़oh neaa kambala dhokedaaeh.
कृपया आज तकिया धो लें।,Please wash the pillow today.,मेनदो तिसिङ तकिया धोकेदाए।,menado tisinga takiyaa dhokedaae.
कृपया आज तौलिया धो लें।,Please wash the towel today.,मेनदो तिसिङ तौलिया धोकेदाएः।,menado tisinga tauliyaa dhokedaaeh.
कृपया आज दीपक को धो लें.,Please wash the lamp today.,नेआ दीपक के धोकेदा तिसिङ दीपक के धोकेदा।,neaa diipaka ke dhokedaa tisinga diipaka ke dhokedaa.
कृपया आज पंखा धो लें.,Please wash the fan today.,नेआ पंखा धोकेआते तिसिङ पंखा धोकेदाए।,neaa pankhaa dhokeaate tisinga pankhaa dhokedaae.
कृपया आज मेज़ धो लें।,Please wash the table today.,नेआ मेज़ धोकेदा तिसिङ मेज़ धोकेदा।,neaa meja़ dhokedaa tisinga meja़ dhokedaa.
कृपया आज अलमारी धो लें।,Please wash the cupboard today.,मेनदो तिसिङ अलमारी धोकेदाएः।,menado tisinga alamaarii dhokedaaeh.
कृपया आज चाबी धो लें.,Please wash the keys today.,नेआ चाबी धोकेआते तिसिङ चाबी धोकेदाएः।,neaa chaabii dhokeaate tisinga chaabii dhokedaaeh.
कृपया आज ताला धो लें.,Please wash the lock today.,नेआ ताला धोकेदा तिसिङ ताला धोकेदाएः।,neaa taalaa dhokedaa tisinga taalaa dhokedaaeh.
कृपया आज बैग धो लें.,Please wash the bag today.,मेनदो तिसिङ बैग धोकेदाएः।,menado tisinga baiga dhokedaaeh.
कृपया आज कपड़े धो लें.,Please wash the clothes today.,मेनदो तिसिङ कपड़े धोकेदाएः।,menado tisinga kapada़e dhokedaaeh.
कृपया आज जूते धो लें।,Please wash your shoes today.,नेआ जूता धोकेदा तिसिङ जूते धोकेदा।,neaa juutaa dhokedaa tisinga juute dhokedaa.
कृपया आज चटाई धो लें।,Please wash the mat today.,नेया चटाई धोकेआते तिसिङ चटाई धोकेदा।,neyaa chataaii dhokeaate tisinga chataaii dhokedaa.
कृपया जाने से पहले दरवाज़ा जाँच लें।,Please check the door before leaving.,सिदा दरवाजा जाँच ते सिदा दरवाजा जाँच जना।,sidaa darawaajaa jaancha te sidaa darawaajaa jaancha janaa.
कृपया जाने से पहले विंडो जांच लें।,Please check the window before leaving.,सिदा विंडो जांच ते सिदा विंडो जांच जना,sidaa windo jaancha te sidaa windo jaancha janaa
कृपया जाने से पहले रसोई की जाँच कर लें।,Please check the kitchen before leaving.,सिदा रसोई राः जाँच केदाएः।,sidaa rasoii raah jaancha kedaaeh.
कृपया जाने से पहले शयनकक्ष की जांच कर लें।,Please check the bedroom before leaving.,सिदा शयनकक्ष राः जांच रिकाकेदाएः।,sidaa shayanakakshasha raah jaancha rikaakedaaeh.
कृपया जाने से पहले बाथरूम की जाँच कर लें।,Please check the bathroom before leaving.,सिदा बाथरूम राः जाँच रिकाकेदाएः।,sidaa baatharuuma raah jaancha rikaakedaaeh.
कृपया जाने से पहले फर्श की जांच कर लें।,Please check the floor before leaving.,सिदा फर्श राः जांच रिकाकेदाएः।,sidaa pharsha raah jaancha rikaakedaaeh.
कृपया जाने से पहले छत की जाँच कर लें।,Please check the roof before leaving.,सिदा छत रा: जाँच ते सिदा छत रा: जाँच जना,sidaa chhata raa: jaancha te sidaa chhata raa: jaancha janaa
कृपया जाने से पहले बगीचे की जाँच करें।,Please check the garden before leaving.,सिदा बगीचे रआः जाँच केदाएः।,sidaa bagiiche raaah jaancha kedaaeh.
कृपया जाने से पहले बाल्टी की जांच कर लें।,Please check the bucket before leaving.,सिदा बाल्टी रआः जांच केदाएः।,sidaa baaltii raaah jaancha kedaaeh.
कृपया जाने से पहले प्लेट की जाँच कर लें।,Please check the plate before leaving.,सिदा प्लेट रा: जाँच ते सिदा प्लेट रा: जाँच जना,sidaa pleta raa: jaancha te sidaa pleta raa: jaancha janaa
कृपया जाने से पहले कप की जांच कर लें।,Please check the cup before leaving.,सिदा कपरा: जांच ते सिदा कपरा: जांच रिकाकेदाए।,sidaa kaparaa: jaancha te sidaa kaparaa: jaancha rikaakedaae.
कृपया जाने से पहले चम्मच की जाँच कर लें।,Please check the spoon before leaving.,नुतुम ते सिदा चम्मच राः जाँच केदाएः।,nutuma te sidaa chammacha raah jaancha kedaaeh.
कृपया जाने से पहले कंबल की जांच कर लें।,Please check the blanket before leaving.,सिदा कंबल रआः जांच केदाएः।,sidaa kanbala raaah jaancha kedaaeh.
कृपया जाने से पहले तकिये की जांच कर लें।,Please check the pillow before leaving.,सिदा सिदा तकिये राः जांच केदाएः।,sidaa sidaa takiye raah jaancha kedaaeh.
कृपया जाने से पहले तौलिया जांच लें।,Please check your towel before leaving.,सिदा सिदा तौलिया जांच जना।,sidaa sidaa tauliyaa jaancha janaa.
कृपया जाने से पहले लैंप की जांच कर लें।,Please check the lamp before leaving.,सिदा लैंप रआः जांच केदाएः।,sidaa lainpa raaah jaancha kedaaeh.
कृपया जाने से पहले पंखा जांच लें।,Please check the fan before leaving.,सिदा पंखा जांच ते सिदा पंखा जांच जना।,sidaa pankhaa jaancha te sidaa pankhaa jaancha janaa.
कृपया जाने से पहले तालिका की जाँच करें।,Please check the table before leaving.,सिदा तालिका राः जाँच रिका ते सिदा तालिका राः जाँच केदा।,sidaa taalikaa raah jaancha rikaa te sidaa taalikaa raah jaancha kedaa.
कृपया जाने से पहले अलमारी की जाँच करें।,Please check the cupboard before leaving.,सिदा अलमारी रआः जाँच ताइकेना।,sidaa alamaarii raaah jaancha taaikenaa.
कृपया जाने से पहले चाबी की जाँच कर लें।,Please check the key before leaving.,सिदा चाबी रआः जाँच ते सिदा चाबी राः जाँच केदा।,sidaa chaabii raaah jaancha te sidaa chaabii raah jaancha kedaa.
कृपया जाने से पहले ताला जांच लें।,Please check the lock before leaving.,सिदा ताला जांच ते सिदा ताला जांच केदा।,sidaa taalaa jaancha te sidaa taalaa jaancha kedaa.
कृपया जाने से पहले बैग की जाँच कर लें।,Please check bags before leaving.,सिदा बैगरा: जाँच ते सिदा बैगरा: जाँच केदा।,sidaa baigaraa: jaancha te sidaa baigaraa: jaancha kedaa.
कृपया जाने से पहले कपड़े जांच लें।,Please check your clothes before leaving.,ओड़ोः ते सिदा कपड़ा जांच जना।,oda़oh te sidaa kapada़aa jaancha janaa.
कृपया जाने से पहले जूते जांच लें।,Please check your shoes before leaving.,सिदा जूता ते सिदा जूते जांच जना।,sidaa juutaa te sidaa juute jaancha janaa.
कृपया जाने से पहले चटाई की जांच कर लें।,Please check the mat before leaving.,सिदा चटाई राः जांच रिकाकेदाएः।,sidaa chataaii raah jaancha rikaakedaaeh.
कृपया दरवाज़ा अपनी जगह पर रखें.,Please keep the door in place.,ओड़ो: कृपया दरवाजा आपान जगह रे ताइकेना।,oda़o: kripayaa darawaajaa aapaana jagaha re taaikenaa.
कृपया खिड़की को उसके स्थान पर रखें।,Please put the window in its place.,नुतुम खिड़की इनिःअ स्थान रे तइन केना।,nutuma khida़kii iniha sthaana re taina kenaa.
कृपया रसोईघर को यथास्थान रखें।,Please keep the kitchen in place.,मेनदो रसोईघर के यथास्थान रिकाकेदाएः।,menado rasoiighara ke yathaasthaana rikaakedaaeh.
कृपया शयनकक्ष को यथास्थान रखें।,Please keep the bedroom in place.,ओड़ो: कृपया शयनकक्ष के यथास्थान रिकाएआ।,oda़o: kripayaa shayanakakshasha ke yathaasthaana rikaaeaa.
कृपया बाथरूम को उसके स्थान पर रखें।,Please keep the bathroom in its place.,ओड़ोः नुतुम बाथरूम के इनिःअ स्थान रे तइन केना।,oda़oh nutuma baatharuuma ke iniha sthaana re taina kenaa.
कृपया फर्श को उसके स्थान पर रखें।,Please put the floor in its place.,ओड़ो: कृपया फर्श के इनि: स्थान रे ताइकेना।,oda़o: kripayaa pharsha ke ini: sthaana re taaikenaa.
कृपया छत को अपनी जगह पर रखें.,Please keep the roof in place.,ओड़ो: कृपया छत के आपान जगह रे ताइकेना।,oda़o: kripayaa chhata ke aapaana jagaha re taaikenaa.
कृपया बगीचे को उसकी जगह पर रखें।,Please keep the garden in its place.,ओड़ोः नुतुम बगीचे इनिःअ जगह रे तइन केना।,oda़oh nutuma bagiiche iniha jagaha re taina kenaa.
कृपया बाल्टी को उसके स्थान पर रखें।,Please put the bucket in its place.,ओड़ोः नुतुम बाल्टी के इनिःअ स्थान रे तइन केना।,oda़oh nutuma baaltii ke iniha sthaana re taina kenaa.
कृपया प्लेट को अपनी जगह पर रखें.,Please keep the plate in place.,ओड़ो: कृपया प्लेट के आपान जगह रे ताइकेना।,oda़o: kripayaa pleta ke aapaana jagaha re taaikenaa.
कृपया कप को उसके स्थान पर रखें।,Please put the cup in its place.,ओड़ो: कृपया कप के इनि: स्थान रे ताइकेना।,oda़o: kripayaa kapa ke ini: sthaana re taaikenaa.
कृपया चम्मच को अपनी जगह पर रखें.,Please keep the spoon in its place.,आपान चम्मच के आपान जगह रे ताइकेना।,aapaana chammacha ke aapaana jagaha re taaikenaa.
कृपया कम्बल को उसके स्थान पर रखें।,Please put the blanket in its place.,ओड़ोः मेनदो कम्बल के इनिः रआः स्थान रे ताइकेना।,oda़oh menado kambala ke inih raaah sthaana re taaikenaa.
कृपया तकिये को उसकी जगह पर रखें।,Please put the pillow in its place.,नुतुम तकिये इनिःअ जगह रे तइन केना।,nutuma takiye iniha jagaha re taina kenaa.
कृपया तौलिया को उसके स्थान पर रखें।,Please put the towel in its place.,ओड़ोः तौलिया इनिःआ स्थान रे ताइकेना।,oda़oh tauliyaa inihaa sthaana re taaikenaa.
कृपया दीपक को यथास्थान रखें.,Please keep the lamp in its place.,ओड़ो: कृपया दीपक के यथास्थान रिकाएआ।,oda़o: kripayaa diipaka ke yathaasthaana rikaaeaa.
कृपया पंखे को उसके स्थान पर रखें।,Please place the fan in its place.,ओड़ोः नेआ स्थान रे ताइकेना।,oda़oh neaa sthaana re taaikenaa.
कृपया टेबल को उसके स्थान पर रखें।,Please put the table in its place.,ओड़ो: कृपया टेबल के इनी: स्थान रे ताइकेना।,oda़o: kripayaa tebala ke inii: sthaana re taaikenaa.
कृपया अलमारी को यथास्थान रखें।,Please keep the cupboard in its place.,ओड़ो: कृपया अलमारी के यथास्थान रिकाएआ।,oda़o: kripayaa alamaarii ke yathaasthaana rikaaeaa.
कृपया चाबी को उसके स्थान पर रखें।,Please put the key in its place.,ओड़ोः नुतुम चाबी इनिःआ स्थान रे ताइकेना।,oda़oh nutuma chaabii inihaa sthaana re taaikenaa.
कृपया ताला अपनी जगह पर रखें.,Please keep the lock in place.,ओड़ो: कृपया ताला आपान जगह रे ताइकेना।,oda़o: kripayaa taalaa aapaana jagaha re taaikenaa.
कृपया बैग को उसके स्थान पर रखें।,Please put the bag in its place.,ओड़ोः एटाः बैग के इनिःअ स्थान रे तइन केना।,oda़oh etaah baiga ke iniha sthaana re taina kenaa.
कृपया कपड़े यथास्थान रखें।,Please keep your clothes in place.,ओड़ो: कृपया कपड़ा यथास्थान रिकाएआ।,oda़o: kripayaa kapada़aa yathaasthaana rikaaeaa.
कृपया जूते अपनी जगह पर रखें।,Please keep your shoes in their place.,नुतुम जूता आपान जगह रे ताइकेना।,nutuma juutaa aapaana jagaha re taaikenaa.
कृपया चटाई को उसके स्थान पर रखें।,Please put the mat in its place.,ओड़ो: कृपया चटाई को इनि:आ स्थान रे ताइकेना।,oda़o: kripayaa chataaii ko ini:aa sthaana re taaikenaa.
कृपया दरवाजे की शीघ्र मरम्मत करें।,Please repair the door immediately.,ओड़ोः कृपया दरवाजे राः शीघ्र मरम्मत ताइकेना।,oda़oh kripayaa darawaaje raah shiighra marammata taaikenaa.
कृपया खिड़की की शीघ्र मरम्मत करें।,Please repair the window immediately.,ओड़ोः कृपया खिड़की राः शीघ्र मरम्मत ताइकेना।,oda़oh kripayaa khida़kii raah shiighra marammata taaikenaa.
कृपया रसोई की मरम्मत शीघ्र करायें।,Please get the kitchen repaired soon.,मेनदो रसोई राः मरम्मत शीघ्र केदाएः।,menado rasoii raah marammata shiighra kedaaeh.
कृपया शयनकक्ष की मरम्मत शीघ्र करायें।,Please get the bedroom repaired soon.,ओड़ोः कृपया शयनकक्ष राः मरम्मत शीघ्र केदाएः।,oda़oh kripayaa shayanakakshasha raah marammata shiighra kedaaeh.
कृपया बाथरूम की मरम्मत शीघ्र करायें।,Please get the bathroom repaired soon.,ओड़ोः कृपया बाथरूम राः मरम्मत शीघ्र केदाएः।,oda़oh kripayaa baatharuuma raah marammata shiighra kedaaeh.
कृपया फर्श की मरम्मत शीघ्र करायें।,Please get the floor repaired immediately.,ओड़ो: कृपया फर्श रा: मरम्मत शीघ्र केदा।,oda़o: kripayaa pharsha raa: marammata shiighra kedaa.
कृपया छत की शीघ्र मरम्मत करायें।,Please get the roof repaired immediately.,ओड़ोः कृपया छत राः शीघ्र मरम्मत केदाएः।,oda़oh kripayaa chhata raah shiighra marammata kedaaeh.
कृपया बगीचे की शीघ्र मरम्मत करें।,Please repair the garden soon.,ओड़ोः कृपया बगीचे रआः शीघ्र मरम्मत ताइकेना।,oda़oh kripayaa bagiiche raaah shiighra marammata taaikenaa.
कृपया बाल्टी की शीघ्र मरम्मत करें।,Please repair the bucket immediately.,ओड़ोः कृपया बाल्टी राः शीघ्र मरम्मत ताइकेना।,oda़oh kripayaa baaltii raah shiighra marammata taaikenaa.
कृपया प्लेट की शीघ्र मरम्मत करायें।,Please get the plate repaired immediately.,मेनदो प्लेटरा: शीघ्र मरम्मत रिका केदा।,menado pletaraa: shiighra marammata rikaa kedaa.
कृपया कप की शीघ्र मरम्मत करें।,Please repair the cup quickly.,ओड़ोः कृपया कप राः शीघ्र मरम्मत ताइकेना।,oda़oh kripayaa kapa raah shiighra marammata taaikenaa.
कृपया चम्मच को शीघ्र ठीक करा लें।,Please get the spoon repaired soon.,ओड़ोः मेनदो चम्मच के शीघ्र ठीक केदाएः।,oda़oh menado chammacha ke shiighra thiika kedaaeh.
कृपया कम्बल की मरम्मत शीघ्र करायें।,Please get the blanket repaired immediately.,मेनदो कम्बलरा: मरम्मत शीघ्र केदाए।,menado kambalaraa: marammata shiighra kedaae.
कृपया जल्द ही तकिये की मरम्मत कराएं।,Please have the pillow repaired soon.,ओड़ोः चिलका तेगे तकिये राः मरम्मत केदाएः।,oda़oh chilakaa tege takiye raah marammata kedaaeh.
कृपया तौलिये को शीघ्र ठीक करा लें।,Please get the towel fixed soon.,ओड़ोः कृपया तौलिये के शीघ्र ठीक केदाएः।,oda़oh kripayaa tauliye ke shiighra thiika kedaaeh.
कृपया लैंप की शीघ्र मरम्मत करें।,Please repair the lamp immediately.,ओड़ोः कृपया लैंप राः शीघ्र मरम्मत ताइकेना।,oda़oh kripayaa lainpa raah shiighra marammata taaikenaa.
कृपया पंखा शीघ्र ठीक करा लें।,Please get the fan repaired immediately.,ओड़ोः कृपया पंखा शीघ्र ठीक ताइकेना।,oda़oh kripayaa pankhaa shiighra thiika taaikenaa.
कृपया टेबल की शीघ्र मरम्मत करें।,Please repair the table immediately.,ओड़ोः कृपया टेबल राः शीघ्र मरम्मत ताइकेना।,oda़oh kripayaa tebala raah shiighra marammata taaikenaa.
कृपया जल्दी से अलमारी की मरम्मत करा लें.,Please get the cupboard repaired quickly.,मेनदो जल्दी ते अलमारीरा: मरम्मत रिकाकेदाए।,menado jaldii te alamaariiraa: marammata rikaakedaae.
कृपया चाबी शीघ्र ठीक करा लें।,Please get the key repaired immediately.,ओड़ोः चाबी शीघ्र ठीक केदाएः।,oda़oh chaabii shiighra thiika kedaaeh.
कृपया जल्द ही ताला ठीक करा लें।,Please get the lock repaired soon.,ओड़ोः ताला जल्दगे ताला ठीक केदाएः।,oda़oh taalaa jaldage taalaa thiika kedaaeh.
कृपया बैग की शीघ्र मरम्मत करें।,Please repair the bag immediately.,ओड़ोः कृपया बैग रेअः शीघ्र मरम्मत तइन केना।,oda़oh kripayaa baiga reah shiighra marammata taina kenaa.
कृपया जल्दी से कपड़े ठीक करा लें.,Please get your clothes fixed quickly.,ओड़ोः चिलका जल्दीते कपड़ा ठीक केदाएः।,oda़oh chilakaa jaldiite kapada़aa thiika kedaaeh.
कृपया जूतों की शीघ्र मरम्मत कराएँ।,Please get the shoes repaired immediately.,ओड़ोः कृपया जूतोंआः शीघ्र मरम्मत केदाएः।,oda़oh kripayaa juutonaah shiighra marammata kedaaeh.
कृपया चटाई की शीघ्र मरम्मत करें।,Please repair the mat promptly.,ओड़ोः कृपया चटाई राः शीघ्र मरम्मत ताइकेना।,oda़oh kripayaa chataaii raah shiighra marammata taaikenaa.
कृपया दूसरे कमरे से दरवाज़ा लाएँ।,Please bring the door from the other room.,ओड़ोः नेआ कमरा ते दरवाजा लाएः।,oda़oh neaa kamaraa te darawaajaa laaeh.
कृपया दूसरे कमरे से खिड़की लाएँ।,Please bring a window from another room.,ओड़ोः नेआ कमरा ते खिड़की लाएः।,oda़oh neaa kamaraa te khida़kii laaeh.
कृपया दूसरे कमरे से रसोई ले आइये.,Please bring the kitchen from the other room.,ओड़ोः नेआ कमरा ते रसोई केदाएः।,oda़oh neaa kamaraa te rasoii kedaaeh.
कृपया दूसरे कमरे से शयनकक्ष ले आइये।,Please bring the bedroom from the other room.,ओड़ोः नेआ कमरा ते शयनकक्ष लेलकेदाएः।,oda़oh neaa kamaraa te shayanakakshasha lelakedaaeh.
कृपया दूसरे कमरे से बाथरूम ले आएं।,Please bring the bathroom from another room.,ओड़ोः नेआ कमरा ते बाथरूम ते हिजुःजाना।,oda़oh neaa kamaraa te baatharuuma te hijuhjaanaa.
कृपया दूसरे कमरे से फर्श लाएँ।,Please bring flooring from the other room.,ओड़ोः नेआ कमरा ते फर्श लाएः।,oda़oh neaa kamaraa te pharsha laaeh.
कृपया दूसरे कमरे से छत ले आइये.,Please bring the roof from the other room.,ओड़ोः नेआ कमरा ते छत लेलकेदाएः।,oda़oh neaa kamaraa te chhata lelakedaaeh.
कृपया दूसरे कमरे से बगीचा ले आओ।,Please bring the garden from the other room.,ओड़ोः नेआ कमरा ते बगीचा लेलकेदाएः।,oda़oh neaa kamaraa te bagiichaa lelakedaaeh.
कृपया दूसरे कमरे से बाल्टी ले आइये.,Please bring a bucket from the other room.,ओड़ोः नेआ कमरा ते बाल्टी लेलकेदाएः।,oda़oh neaa kamaraa te baaltii lelakedaaeh.
कृपया दूसरे कमरे से थाली ले आइये.,Please bring the plate from the other room.,ओड़ोः नेआ कमरा ते थाली लेलकेदाएः।,oda़oh neaa kamaraa te thaalii lelakedaaeh.
कृपया दूसरे कमरे से कप ले आओ।,Please bring the cup from the other room.,ओड़ोः नेआ कमरा ते कप लेल केदा।,oda़oh neaa kamaraa te kapa lela kedaa.
कृपया दूसरे कमरे से चम्मच ले आइये.,Please bring a spoon from the other room.,ओड़ोः नेआ कमरा ते चम्मच लेल केदा।,oda़oh neaa kamaraa te chammacha lela kedaa.
कृपया दूसरे कमरे से कम्बल ले आओ।,Please bring a blanket from the other room.,ओड़ोः नेआ कमरा ते कम्बल लेलकेदाएः।,oda़oh neaa kamaraa te kambala lelakedaaeh.
कृपया दूसरे कमरे से तकिया ले आएं।,Please bring a pillow from the other room.,ओड़ोः नेआ कमरा ते तकिया लेलकेदाएः।,oda़oh neaa kamaraa te takiyaa lelakedaaeh.
कृपया दूसरे कमरे से तौलिया लायें।,Please bring a towel from the other room.,ओड़ोः नेआ कमरा ते तौलिया लइकेना।,oda़oh neaa kamaraa te tauliyaa laikenaa.
कृपया दूसरे कमरे से दीपक ले आओ।,Please bring a lamp from the other room.,ओड़ोः नेआ कमराते दीपक लेलकेदाएः।,oda़oh neaa kamaraate diipaka lelakedaaeh.
प्लीज़ दूसरे कमरे से पंखा ले आओ.,Please bring a fan from the other room.,ओड़ो: प्लीज़ एटा: कमरा ते पंखा लेलकेदाए।,oda़o: pliija़ etaa: kamaraa te pankhaa lelakedaae.
कृपया दूसरे कमरे से टेबल लाएँ।,Please bring a table from the other room.,ओड़ोः नेआ कमरा ते टेबल लाएः।,oda़oh neaa kamaraa te tebala laaeh.
कृपया दूसरे कमरे से अलमारी ले आओ।,Please bring the cupboard from the other room.,ओड़ोः नेआ कमरा ते अलमारी लेलकेदाएः।,oda़oh neaa kamaraa te alamaarii lelakedaaeh.
कृपया दूसरे कमरे से चाबी लायें।,Please bring the key from the other room.,ओड़ोः नेआ कमरा ते चाबी लअः तइना।,oda़oh neaa kamaraa te chaabii laah tainaa.
प्लीज़ दूसरे कमरे से ताला ले आओ.,Please bring the lock from the other room.,ओड़ो: प्लीज़ एटा: कमरा ते ताला ते हिजु: केदा।,oda़o: pliija़ etaa: kamaraa te taalaa te hiju: kedaa.
कृपया दूसरे कमरे से बैग ले आइये.,Please bring the bag from the other room.,ओड़ोः नेआ कमरा ते बैग लेलकेदाएः।,oda़oh neaa kamaraa te baiga lelakedaaeh.
प्लीज़ दूसरे कमरे से कपड़े ले आओ.,Please bring clothes from the other room.,ओड़ो: प्लीज़ एटा: कमरा ते कपड़े लेलकेदाए।,oda़o: pliija़ etaa: kamaraa te kapada़e lelakedaae.
कृपया दूसरे कमरे से जूते ले आओ।,Please bring your shoes from the other room.,ओड़ोः नेआ कमरा ते जूता लेलकेदाएः।,oda़oh neaa kamaraa te juutaa lelakedaaeh.
कृपया दूसरे कमरे से चटाई लायें।,Please bring a mat from the other room.,ओड़ोः नेआ कमरा ते चटाई केदाएः।,oda़oh neaa kamaraa te chataaii kedaaeh.
मुझे कुछ चावल चाहिए.,I would like some rice.,आञ आञ कुछ चावल लागातिङा।,aanya aanya kuchha chaawala laagaatingaa.
मुझे कुछ रोटी चाहिए.,I want some bread.,आञ आञ कुछ रोटी लागातिङा।,aanya aanya kuchha rotii laagaatingaa.
मुझे थोड़ा दूध चाहिए.,I need some milk.,अइंग अइंग थोड़ा दूध लागातिङा।,ainga ainga thoda़aa duudha laagaatingaa.
मुझे कुछ चाय चाहिए.,I would like some tea.,आञ आञ कुछ चाय लागातिङा।,aanya aanya kuchha chaaya laagaatingaa.
मुझे थोड़ा दही चाहिए.,I would like some yogurt.,अइंग अइंग थोड़ा दही लागातिङा।,ainga ainga thoda़aa dahii laagaatingaa.
मुझे कुछ फल चाहिए.,I want some fruit.,आञ आञ कुछ फल लागातिङा।,aanya aanya kuchha phala laagaatingaa.
मुझे कुछ सब्जियाँ चाहिए.,I need some vegetables.,आञ जांए सोबेन सब्जियाँ लागातिङा।,aanya jaane sobena sabjiyaan laagaatingaa.
मुझे कुछ दाल चाहिए.,I need some lentils.,आञ आञ कुछ दाल लागातिङा।,aanya aanya kuchha daala laagaatingaa.
मुझे कुछ फलियाँ चाहिए।,I'd like some beans.,आञ आञ कुछ फलियाँ लागातिङा।,aanya aanya kuchha phaliyaan laagaatingaa.
मुझे कुछ आलू चाहिए.,I would like some potatoes.,आञ आञ कुछ आलू लागातिङा।,aanya aanya kuchha aaluu laagaatingaa.
मुझे कुछ टमाटर चाहिए.,I would like some tomatoes.,आञ कुछ टमाटर लागातिङा।,aanya kuchha tamaatara laagaatingaa.
मुझे कुछ प्याज चाहिए.,I need some onions.,आञ आञ कुछ प्याज लागातिङाञ।,aanya aanya kuchha pyaaja laagaatingaanya.
मुझे कुछ केले चाहिए.,I want some bananas.,आञ आञ कुछ केला लागातिङा।,aanya aanya kuchha kelaa laagaatingaa.
मुझे कुछ आम चाहिए.,I want some mangoes.,आञ आञ कुछ आम लागातिङा।,aanya aanya kuchha aama laagaatingaa.
मुझे कुछ संतरे चाहिए.,I would like some oranges.,आञ आञ कुछ संतरे लागातिङा।,aanya aanya kuchha santare laagaatingaa.
मुझे कुछ सेब चाहिए.,I would like some apples.,आञ आञ कुछ सेब लागातिङा।,aanya aanya kuchha seba laagaatingaa.
मुझे कुछ अंडे चाहिए.,I need some eggs.,आञ आञ कुछ अंडे लागातिङा।,aanya aanya kuchha ande laagaatingaa.
मुझे थोड़ा नमक चाहिए.,I need some salt.,आञ आञ थोड़ा नमक लागातिङा।,aanya aanya thoda़aa namaka laagaatingaa.
मुझे थोड़ी चीनी चाहिए.,I need some sugar.,आञ आञ थोड़ी चीनी लागातिङा।,aanya aanya thoda़ii chiinii laagaatingaa.
मुझे थोड़ा तेल चाहिए.,I need some oil.,आञ आञ थोड़ा तेल लागातिङा।,aanya aanya thoda़aa tela laagaatingaa.
मुझे थोड़ा आटा चाहिए.,I need some flour.,आञ आञ थोड़ा आटा लागातिङा।,aanya aanya thoda़aa aataa laagaatingaa.
मुझे कुछ नारियल चाहिए.,I would like some coconut.,आञ आञ कुछ नारियल लागातिङा।,aanya aanya kuchha naariyala laagaatingaa.
मुझे कुछ मूंगफली चाहिए.,I would like some peanuts.,आञ कुछ मूंगफली लागातिङा।,aanya kuchha muungaphalii laagaatingaa.
मुझे कुछ मक्का चाहिए.,I want some corn.,आञ आञ कुछ मक्का लागातिङाञ।,aanya aanya kuchha makkaa laagaatingaanya.
हमारे पास पर्याप्त चावल है.,We have enough rice.,आलेआ: ता: रे पर्याप्त चावल मेना:।,aaleaa: taa: re paryaapta chaawala menaa:.
हमारे पास पर्याप्त रोटी है.,We have enough bread.,आलेआ: ता: रे पर्याप्त रोटी मेना:।,aaleaa: taa: re paryaapta rotii menaa:.
हमारे पास पर्याप्त दूध है.,We have enough milk.,आलेआ: तायोमते पर्याप्त दूध मेना:।,aaleaa: taayomate paryaapta duudha menaa:.
हमारे पास पर्याप्त पानी है.,We have enough water.,आलेआः तायोमते पर्याप्त पानी मेना:।,aaleaah taayomate paryaapta paanii menaa:.
हमारे पास पर्याप्त चाय है.,We have enough tea.,आलेआः तायोमते पर्याप्त चाय मेना:।,aaleaah taayomate paryaapta chaaya menaa:.
हमारे पास पर्याप्त दही है.,We have enough curd.,आलेआः तायोमते पर्याप्त दही मेना:।,aaleaah taayomate paryaapta dahii menaa:.
हमारे पास पर्याप्त फल हैं.,We have enough fruits.,आले आलेआ: तायोमते पर्याप्त फल मेना:।,aale aaleaa: taayomate paryaapta phala menaa:.
हमारे पास पर्याप्त सब्जियां हैं.,We have enough vegetables.,आलेआः तायोमते पर्याप्त सब्जियां मेना:।,aaleaah taayomate paryaapta sabjiyaan menaa:.
हमारे पास पर्याप्त दाल है.,We have enough pulses.,आलेआ: ता: रे पर्याप्त दाल मेना:।,aaleaa: taa: re paryaapta daala menaa:.
हमारे पास पर्याप्त फलियाँ हैं।,We have enough beans.,आले आलेआ: तायोमते पर्याप्त फल को मेना:।,aale aaleaa: taayomate paryaapta phala ko menaa:.
हमारे पास पर्याप्त आलू हैं.,We have enough potatoes.,आलेआ: तायोमते पर्याप्त आलू मेना:।,aaleaa: taayomate paryaapta aaluu menaa:.
हमारे पास पर्याप्त टमाटर हैं.,We have enough tomatoes.,आलेआ: ता: रे पर्याप्त टमाटर मेना:।,aaleaa: taa: re paryaapta tamaatara menaa:.
हमारे पास पर्याप्त प्याज है.,We have enough onions.,आले आलेआ: तायोमते पर्याप्त प्याज मेना:।,aale aaleaa: taayomate paryaapta pyaaja menaa:.
हमारे पास पर्याप्त केले हैं.,We have enough bananas.,आलेआः तायोमते पर्याप्त केला मेना:।,aaleaah taayomate paryaapta kelaa menaa:.
हमारे पास पर्याप्त आम हैं.,We have enough mangoes.,आले आलेआ: तायोमते पर्याप्त आम मेना:।,aale aaleaa: taayomate paryaapta aama menaa:.
हमारे पास पर्याप्त संतरे हैं.,We have enough oranges.,आले आलेआः तायोमते पर्याप्त संतरा मेना:।,aale aaleaah taayomate paryaapta santaraa menaa:.
हमारे पास पर्याप्त सेब हैं.,We have enough apples.,आलेआ: तायोमते पर्याप्त सेब मेना:।,aaleaa: taayomate paryaapta seba menaa:.
हमारे पास पर्याप्त अंडे हैं.,We have enough eggs.,आलेआ: ता: रे पर्याप्त अंडे मेना:।,aaleaa: taa: re paryaapta ande menaa:.
हमारे पास पर्याप्त नमक है.,We have enough salt.,आलेआ: ता: रे पर्याप्त नमक मेना:।,aaleaa: taa: re paryaapta namaka menaa:.
हमारे पास पर्याप्त चीनी है.,We have enough sugar.,आलेआः तायोमते पर्याप्त चीनी मेना:।,aaleaah taayomate paryaapta chiinii menaa:.
हमारे पास पर्याप्त तेल है.,We have enough oil.,आलेआ: तायोमते पर्याप्त तेल मेना:।,aaleaa: taayomate paryaapta tela menaa:.
हमारे पास पर्याप्त आटा है.,We have enough flour.,आलेआ: तायोमते पर्याप्त आटा मेना:।,aaleaa: taayomate paryaapta aataa menaa:.
हमारे पास पर्याप्त नारियल है.,We have enough coconuts.,आलेआ: ता: रे पर्याप्त नारियल मेना:।,aaleaa: taa: re paryaapta naariyala menaa:.
हमारे पास पर्याप्त मूंगफली है.,We have enough peanuts.,आलेआ: ता: रे पर्याप्त मूंगफली मेना:।,aaleaa: taa: re paryaapta muungaphalii menaa:.
हमारे पास पर्याप्त मक्का है.,We have enough corn.,आलेआ: ता: रे पर्याप्त मक्का मेना:।,aaleaa: taa: re paryaapta makkaa menaa:.
कृपया कुछ चावल खरीदें।,Please buy some rice.,ओड़ोः चिलका चावल खरीद केदा।,oda़oh chilakaa chaawala khariida kedaa.
कृपया कुछ रोटी खरीदें।,Please buy some bread.,ओड़ोः चिलका रोटी खरीद केदा।,oda़oh chilakaa rotii khariida kedaa.
कृपया कुछ दूध खरीदें।,Please buy some milk.,ओड़ो: कृपया कुछ दूध खरीद केदा।,oda़o: kripayaa kuchha duudha khariida kedaa.
कृपया कुछ पानी खरीद लें।,Please buy some water.,मेनदो चिलका पानी खरीद केदाएः।,menado chilakaa paanii khariida kedaaeh.
कृपया कुछ चाय खरीदें।,Please buy some tea.,ओड़ोः चिलका चाय खरीद केदाएः।,oda़oh chilakaa chaaya khariida kedaaeh.
कृपया कुछ दही खरीद लें.,Please buy some yogurt.,ओड़ोः नेआ दही खरीद केदाएः।,oda़oh neaa dahii khariida kedaaeh.
कृपया कुछ फल खरीदें।,Please buy some fruit.,ओड़ोः चिलका फल खरीद केदाएः।,oda़oh chilakaa phala khariida kedaaeh.
कृपया कुछ सब्जियाँ खरीद लें।,Please buy some vegetables.,ओड़ोः नेआ सोबेन सब्जिया खरीद केदाएः।,oda़oh neaa sobena sabjiyaa khariida kedaaeh.
कृपया कुछ दालें खरीद लें।,Please buy some pulses.,ओड़ोः चिलका दालें खरीद केदा।,oda़oh chilakaa daalen khariida kedaa.
कृपया कुछ फलियाँ खरीदें।,Please buy some beans.,ओड़ोः चिलका फलियाँ खरीद केदा।,oda़oh chilakaa phaliyaan khariida kedaa.
कृपया कुछ आलू खरीदें।,Please buy some potatoes.,ओड़ोः चिलका आलू खरीद केदा।,oda़oh chilakaa aaluu khariida kedaa.
कृपया कुछ टमाटर खरीदें।,Please buy some tomatoes.,नुतुम चिलका टमाटर खरीद केदा।,nutuma chilakaa tamaatara khariida kedaa.
कृपया कुछ प्याज खरीद लें.,Please buy some onions.,ओड़ोः चिलका प्याज खरीद केदाएः।,oda़oh chilakaa pyaaja khariida kedaaeh.
कृपया कुछ केले खरीदें.,Please buy some bananas.,मेनदो कुछ केला खरीद केदाएः।,menado kuchha kelaa khariida kedaaeh.
कृपया कुछ आम खरीद लें.,Please buy some mangoes.,ओड़ोः चिलका आम खरीद नमोःआ।,oda़oh chilakaa aama khariida namohaa.
कृपया कुछ संतरे खरीदें।,Please buy some oranges.,ओड़ोः चिलका संतरे खरीद केदा।,oda़oh chilakaa santare khariida kedaa.
कृपया कुछ सेब खरीदें।,Please buy some apples.,ओड़ोः चिलका सेब खरीद केदा।,oda़oh chilakaa seba khariida kedaa.
कृपया कुछ अंडे खरीदें।,Please buy some eggs.,ओड़ो: कृपया कुछ अंडे खरीद केदा।,oda़o: kripayaa kuchha ande khariida kedaa.
कृपया कुछ नमक खरीदें।,Please buy some salt.,मेनदो कृपया कुछ नमक खरीद केदा।,menado kripayaa kuchha namaka khariida kedaa.
कृपया कुछ चीनी खरीदें।,Please buy some sugar.,मेनदो चिलका चीनी खरीद केदा।,menado chilakaa chiinii khariida kedaa.
कृपया कुछ तेल खरीद लें.,Please buy some oil.,मेनदो चिलका तेल खरीद केदाएः।,menado chilakaa tela khariida kedaaeh.
कृपया कुछ आटा खरीद लें।,Please buy some flour.,मेनदो चिलका आटा खरीद केदाएः।,menado chilakaa aataa khariida kedaaeh.
कृपया कुछ नारियल खरीद लें।,Please buy some coconuts.,मेनदो कुछ नारियल खरीद केदाएः।,menado kuchha naariyala khariida kedaaeh.
कृपया कुछ मूंगफली खरीदें।,Please buy some peanuts.,ओड़ोः चिलका मूंगफली खरीद केदाएः।,oda़oh chilakaa muungaphalii khariida kedaaeh.
कृपया कुछ मक्का खरीदें।,Please buy some corn.,ओड़ोः चिलका मक्का खरीद केदाएः।,oda़oh chilakaa makkaa khariida kedaaeh.
कृपया पहले चावल धो लें.,Please wash the rice first.,मेनदो सिदा चावल धोकेदाएः।,menado sidaa chaawala dhokedaaeh.
कृपया पहले रोटी धो लें.,Please wash the bread first.,नेआ सिदा रोटी धोकेदाएः।,neaa sidaa rotii dhokedaaeh.
कृपया पहले दूध धो लें.,Please wash the milk first.,नेआ सिदा दूध धोकेदाएः।,neaa sidaa duudha dhokedaaeh.
कृपया पहले पानी से धो लें.,Please wash with water first.,नेआ सिदा पानी ते धोकेदाएः।,neaa sidaa paanii te dhokedaaeh.
कृपया पहले चाय धो लें.,Please wash the tea first.,नेआ चाय धोकेदा सिदा चाय धोकेदा।,neaa chaaya dhokedaa sidaa chaaya dhokedaa.
सबसे पहले दही को धो लीजिये.,First of all wash the curd.,सोबेन सोबेनते सिदा दही को धोकेदाए।,sobena sobenate sidaa dahii ko dhokedaae.
कृपया पहले फल धो लें.,Please wash the fruit first.,नेआ सिदा फल धोकेदाएः।,neaa sidaa phala dhokedaaeh.
कृपया पहले सब्जियाँ धो लें।,Please wash the vegetables first.,नेआ सिदा सब्जिया धोकेदाएः।,neaa sidaa sabjiyaa dhokedaaeh.
कृपया पहले दाल को धो लें.,Please wash the lentils first.,मेनदो सिदा दाल के धोकेदाएः।,menado sidaa daala ke dhokedaaeh.
कृपया पहले फलियाँ धो लें।,Please wash the beans first.,नेआ सिदा फलियाँ धोकेदाएः।,neaa sidaa phaliyaan dhokedaaeh.
कृपया पहले आलू धो लें.,Please wash the potatoes first.,नेआ सिदा आलू धोकेदाएः।,neaa sidaa aaluu dhokedaaeh.
कृपया पहले टमाटरों को धो लें.,Please wash the tomatoes first.,मेनदो सिदा टमाटर को धोकेदाएः।,menado sidaa tamaatara ko dhokedaaeh.
कृपया पहले प्याज धो लें.,Please wash the onions first.,नेआ सिदा प्याज धोकेदाएः।,neaa sidaa pyaaja dhokedaaeh.
कृपया पहले केले धो लें.,Please wash the bananas first.,ओड़ोः नेलेका सिदा रे धोकेदाएः।,oda़oh nelekaa sidaa re dhokedaaeh.
कृपया पहले आमों को धो लें.,Please wash the mangoes first.,सिदा आम को धोकेदा सिदा आम को धोकेदा।,sidaa aama ko dhokedaa sidaa aama ko dhokedaa.
कृपया पहले संतरे धो लें.,Please wash the oranges first.,नेआ सिदा संतरे धोकेदाएः।,neaa sidaa santare dhokedaaeh.
कृपया पहले सेब धो लें.,Please wash the apples first.,मेनदो सिदा सेब धोकेदाएः सिदा सेब धोकेदा।,menado sidaa seba dhokedaaeh sidaa seba dhokedaa.
कृपया पहले अंडे धो लें.,Please wash the eggs first.,नेआ सिदा अंडे धोकेदाए।,neaa sidaa ande dhokedaae.
कृपया पहले नमक धो लें.,Please wash off the salt first.,नेआ सिदा नमक धोकेदाएः।,neaa sidaa namaka dhokedaaeh.
कृपया पहले चीनी धो लें.,Please wash the sugar first.,नेआ सिदा चीनी धोकेदाएः।,neaa sidaa chiinii dhokedaaeh.
कृपया पहले तेल धो लें.,Please wash off the oil first.,नेआ सिदा तेल धोकेदाएः।,neaa sidaa tela dhokedaaeh.
कृपया पहले आटा धो लें.,Please wash the flour first.,नेआ सिदा आटा धोकेदाएः।,neaa sidaa aataa dhokedaaeh.
सबसे पहले नारियल को धो लें.,First of all wash the coconut.,सोबेन सोबेनते सिदा नारियल के धोकेदा।,sobena sobenate sidaa naariyala ke dhokedaa.
कृपया पहले मूंगफली को धो लें.,Please wash the peanuts first.,ओड़ोः सिदा मूंगफली को धोकेदा।,oda़oh sidaa muungaphalii ko dhokedaa.
कृपया पहले मक्के को धो लें.,Please wash the corn first.,नेआ सिदा मक्के के धोकेदाएः।,neaa sidaa makke ke dhokedaaeh.
हमें आज चावल पकाना चाहिए.,We should cook rice today.,आले तिसिङ चावल पकाना लागातिङा।,aale tisinga chaawala pakaanaa laagaatingaa.
हमें आज रोटी बनानी चाहिए.,We should make roti today.,आले तिसिङ रोटी बाइआकान ताइकेना।,aale tisinga rotii baaiaakaana taaikenaa.
हमें आज दूध पकाना चाहिए.,We should cook milk today.,आले तिसिङ दूध पकाना लागातिङा।,aale tisinga duudha pakaanaa laagaatingaa.
हमें आज पानी पकाना चाहिए.,We should cook water today.,आले तिसिङ पानी पकाना लागातिङा।,aale tisinga paanii pakaanaa laagaatingaa.
हमें आज चाय बनानी चाहिए.,We should make tea today.,आले तिसिंग चाय बाइआकान ताइकेना।,aale tisinga chaaya baaiaakaana taaikenaa.
हमें आज दही पकाना चाहिए.,We should cook curd today.,आले तिसिङ दही पकाना लागातिङा।,aale tisinga dahii pakaanaa laagaatingaa.
हमें आज फल पकाना चाहिए.,We should cook the fruit today.,आले तिसिङ फल पकाना लागातिङा।,aale tisinga phala pakaanaa laagaatingaa.
हमें आज सब्जियाँ पकानी चाहिए।,We should cook vegetables today.,आले तिसिङ सब्जिया पकानी लागातिङा।,aale tisinga sabjiyaa pakaanii laagaatingaa.
हमें आज दाल पकानी चाहिए.,We should cook lentils today.,आले तिसिङ दाल पकानी लागातिङा।,aale tisinga daala pakaanii laagaatingaa.
हमें आज फलियाँ पकानी चाहिए।,We should cook the beans today.,आले तिसिङ फलियाँ पकानी लागातिङा।,aale tisinga phaliyaan pakaanii laagaatingaa.
हमें आज आलू पका लेने चाहिए.,We should cook potatoes today.,आले तिसिङ आलू पका लागातिङा।,aale tisinga aaluu pakaa laagaatingaa.
हमें आज टमाटर पका लेने चाहिए.,We should cook tomatoes today.,आले तिसिङ टमाटर पका लागातिङा।,aale tisinga tamaatara pakaa laagaatingaa.
हमें आज प्याज पकाना चाहिए.,We should cook onions today.,आले तिसिङ प्याज पकाना लागातिङा।,aale tisinga pyaaja pakaanaa laagaatingaa.
हमें आज केले पकाने चाहिए.,We should cook bananas today.,आले तिसिङ केला पकाव लागातिङा।,aale tisinga kelaa pakaawa laagaatingaa.
हमें आज आम पकाना चाहिए.,We should ripen mangoes today.,आले तिसिंग आम पकाना लागातिङा।,aale tisinga aama pakaanaa laagaatingaa.
हमें आज संतरे पकाने चाहिए.,We should cook oranges today.,आले तिसिङ संतरे पकाव लागातिङा।,aale tisinga santare pakaawa laagaatingaa.
हमें आज सेब पकाना चाहिए।,We should cook apples today.,आले तिसिङ सेब पकाना लागातिङा।,aale tisinga seba pakaanaa laagaatingaa.
हमें आज अंडे पकाने चाहिए.,We should cook eggs today.,आले तिसिङ अंडे पकाव लागातिङा।,aale tisinga ande pakaawa laagaatingaa.
हमें आज नमक पकाना चाहिए.,We should cook salt today.,आले तिसिङ नमक पकाना लागातिङा।,aale tisinga namaka pakaanaa laagaatingaa.
हमें आज चीनी पकानी चाहिए.,We should cook sugar today.,आले तिसिङ चीनी पकानी लागातिङा।,aale tisinga chiinii pakaanii laagaatingaa.
हमें आज तेल पकाना चाहिए.,We should cook oil today.,आले तिसिङ तेल पकाना लागातिङा।,aale tisinga tela pakaanaa laagaatingaa.
हमें आज आटा पकाना चाहिए.,We should cook flour today.,आले तिसिङ आटा पकाना लागातिङा।,aale tisinga aataa pakaanaa laagaatingaa.
हमें आज नारियल पकाना चाहिए.,We should cook coconut today.,आले तिसिङ नारियल पकाना लागातिङा।,aale tisinga naariyala pakaanaa laagaatingaa.
हमें आज मूंगफली पकानी चाहिए.,We should cook peanuts today.,आले तिसिङ मूंगफली पकानी लागातिङा।,aale tisinga muungaphalii pakaanii laagaatingaa.
हमें आज भुट्टा पकाना चाहिए.,We should cook corn today.,आले तिसिङ भुट्टा पकाना लागातिङा।,aale tisinga bhuttaa pakaanaa laagaatingaa.
रोटी तैयार है.,The roti is ready.,मेनदो रोटी तैयार मेना:।,menado rotii taiyaara menaa:.
दूध तैयार है.,The milk is ready.,मेनदो दूध तैयार मेना:।,menado duudha taiyaara menaa:.
पानी तैयार है.,The water is ready.,ओड़ो: पानी तैयार मेना:,oda़o: paanii taiyaara menaa:
चाय तैयार है.,Tea is ready.,मेनदो चाय तैयार मेना:।,menado chaaya taiyaara menaa:.
दही तैयार है.,The curd is ready.,मेनदो दही तैयार मेना:।,menado dahii taiyaara menaa:.
फल तैयार है.,The fruit is ready.,मेनदो फल तैयार मेना:।,menado phala taiyaara menaa:.
सब्जी तैयार है.,The vegetable is ready.,सब्जी तैयार मेना:।,sabjii taiyaara menaa:.
दाल तैयार है.,The dal is ready.,ओड़ो: दाल तैयार मेना:।,oda़o: daala taiyaara menaa:.
बीन्स तैयार है.,The beans are ready.,मेनदो बीन्स तैयार मेना:।,menado biinsa taiyaara menaa:.
आलू तैयार है.,The potatoes are ready.,आलू तैयार मेना:।,aaluu taiyaara menaa:.
टमाटर तैयार है.,The tomatoes are ready.,टमाटर तैयार मेना:।,tamaatara taiyaara menaa:.
प्याज तैयार है.,The onion is ready.,ओड़ो: प्याज तैयार मेना:।,oda़o: pyaaja taiyaara menaa:.
केले तैयार हैं.,The bananas are ready.,आले केला तैयार मेना:।,aale kelaa taiyaara menaa:.
आम तैयार है.,Mango is ready.,मेनदो आम तैयार मेना:।,menado aama taiyaara menaa:.
संतरे तैयार हैं.,The oranges are ready.,ओड़ो: संतरे तैयार मेना:।,oda़o: santare taiyaara menaa:.
सेब तैयार है.,The apple is ready.,सेब तैयार मेना:।,seba taiyaara menaa:.
अंडे तैयार हैं.,The eggs are ready.,अंडे तैयार मेना:।,ande taiyaara menaa:.
नमक तैयार है.,The salt is ready.,नमक तैयार मेना:।,namaka taiyaara menaa:.
चीनी तैयार है.,The sugar is ready.,चीनी तैयार मेना:।,chiinii taiyaara menaa:.
तेल तैयार है.,The oil is ready.,तेल तेल तैयार मेना:,tela tela taiyaara menaa:
आटा तैयार है.,The dough is ready.,आटा तैयार मेना:।,aataa taiyaara menaa:.
नारियल तैयार है.,The coconut is ready.,नारियल तैयार मेना:,naariyala taiyaara menaa:
मूंगफली तैयार है.,Peanuts are ready.,मेनदो मूंगफली तैयार मेना:।,menado muungaphalii taiyaara menaa:.
मक्का तैयार है.,The corn is ready.,मक्का तैयार मेना:।,makkaa taiyaara menaa:.
चावल की खुशबू ताज़ा है.,The aroma of the rice is refreshing.,चावलरा: खुशबू ताजा मेना:।,chaawalaraa: khushabuu taajaa menaa:.
रोटी की खुशबू ताज़ा है.,The aroma of the bread is fresh.,रोटी रा: खुशबू ताजा मेना:।,rotii raa: khushabuu taajaa menaa:.
दूध से ताज़ा महक आती है.,The milk smells fresh.,ओड़ो: दूध ते ताजा महक हिजु:वा,oda़o: duudha te taajaa mahaka hiju:waa
पानी से ताज़ा खुशबू आती है।,The water smells fresh.,पानी ते ताजा खुशबू हिजुःताना।,paanii te taajaa khushabuu hijuhtaanaa.
चाय की खुशबू ताज़ा है.,The aroma of the tea is refreshing.,चायरा: खुशबू ताजा मेना:।,chaayaraa: khushabuu taajaa menaa:.
दही से ताजी खुशबू आती है.,The curd smells fresh.,ओड़ोः दही ते ताजी खुशबू हिजुःताना।,oda़oh dahii te taajii khushabuu hijuhtaanaa.
फल से ताज़ा खुशबू आती है.,The fruit smells fresh.,फल ते ताजा खुशबू हिजुःताना।,phala te taajaa khushabuu hijuhtaanaa.
सब्जियों से ताज़ी खुशबू आती है।,The vegetables smell fresh.,सोबेन सोबेनको ते ताज़ी खुशबू हिजुःताना।,sobena sobenako te taaja़ii khushabuu hijuhtaanaa.
दाल से ताजी खुशबू आ रही है.,The dal smells fresh.,ताजी दाल ते ताजी खुशबू हिजु: तना:,taajii daala te taajii khushabuu hiju: tanaa:
फलियों से ताज़ा खुशबू आती है।,The beans smell fresh.,फलीको ते ताजा खुशबू हिजुःताना।,phaliiko te taajaa khushabuu hijuhtaanaa.
आलू से ताजी खुशबू आ रही है.,The potatoes smell fresh.,आलू ते ताजी खुशबू हिजुःताना।,aaluu te taajii khushabuu hijuhtaanaa.
टमाटरों से ताज़ी महक आती है।,The tomatoes smell fresh.,टमाटर को ते ताज़ी महक हिजु: तना।,tamaatara ko te taaja़ii mahaka hiju: tanaa.
प्याज से ताजी खुशबू आ रही है.,The onion smells fresh.,ओड़ो: प्याज ते ताजी खुशबू हिजु: तना:,oda़o: pyaaja te taajii khushabuu hiju: tanaa:
केले की खुशबू ताज़ा है.,The scent of banana is refreshing.,ओड़ो: केला रा: खुशबू ताजा मेना:।,oda़o: kelaa raa: khushabuu taajaa menaa:.
आमों से ताज़ा खुशबू आती है।,The mangoes smell fresh.,मेनदो आमको ते ताजा खुशबू हिजुःताना।,menado aamako te taajaa khushabuu hijuhtaanaa.
संतरे से ताज़ी खुशबू आती है।,Oranges smell fresh.,ओड़ो: संतरे ताज़ी खुशबू हिजु: तना।,oda़o: santare taaja़ii khushabuu hiju: tanaa.
सेबों से ताज़ी महक आती है।,The apples smell fresh.,ओड़ो: सेब को ते ताज़ी महक हिजु:वा,oda़o: seba ko te taaja़ii mahaka hiju:waa
अंडों से ताज़ी महक आती है।,The eggs smell fresh.,अंडको ते ताज़ी महक हिजु: तना।,andako te taaja़ii mahaka hiju: tanaa.
नमक की महक ताज़ा है.,The smell of salt is refreshing.,नमक रा: महक ताजा मेना:,namaka raa: mahaka taajaa menaa:
चीनी से ताज़ी महक आती है।,Sugar smells fresh.,चीनी ते ताज़ी महक हिजु:वा,chiinii te taaja़ii mahaka hiju:waa
तेल की खुशबू ताज़ा है.,The scent of the oil is refreshing.,तेल रा: खुशबू ताजा मेना:।,tela raa: khushabuu taajaa menaa:.
आटे से ताजी खुशबू आती है.,The flour smells fresh.,ताजी आटे ते ताजी खुशबू हिजुःताना।,taajii aate te taajii khushabuu hijuhtaanaa.
नारियल की खुशबू ताज़ा है.,The coconut scent is refreshing.,नारियल रा: खुशबू ताजा मेना:।,naariyala raa: khushabuu taajaa menaa:.
मूँगफली से ताज़ी खुशबू आती है।,Peanuts smell fresh.,ओड़ोः मूँगफली ते ताज़ी खुशबू हिजुःताना।,oda़oh muungaphalii te taaja़ii khushabuu hijuhtaanaa.
मक्के से ताज़ी महक आती है।,The corn smells fresh.,मक्के ते ताज़ी महक हिजु:वा,makke te taaja़ii mahaka hiju:waa
चावल मेज पर है.,The rice is on the table.,मेनदो चावल मेज रे मेना:।,menado chaawala meja re menaa:.
रोटी मेज पर है.,The bread is on the table.,मेनदो रोटी मेज रे मेना:।,menado rotii meja re menaa:.
दूध मेज़ पर है.,The milk is on the table.,मेनदो दूध मेज़ रे मेनाइ मेनाः।,menado duudha meja़ re menaai menaah.
पानी मेज़ पर है.,The water is on the table.,पानी मेज़ रे मेनाइ मेनाः।,paanii meja़ re menaai menaah.
चाय मेज पर है.,The tea is on the table.,मेनदो चाय मेज रे मेना:।,menado chaaya meja re menaa:.
दही मेज पर है.,The curd is on the table.,मेनदो दही मेज रे मेना:।,menado dahii meja re menaa:.
फल मेज पर है.,The fruit is on the table.,फल मेज रे मेज रे मेना:,phala meja re meja re menaa:
सब्जियाँ मेज पर हैं.,The vegetables are on the table.,मेनदो सब्जियाँ मेज रे ताइकेना।,menado sabjiyaan meja re taaikenaa.
दाल मेज पर है.,The lentils are on the table.,मेनदो दाल मेज रे मेना:।,menado daala meja re menaa:.
सेम मेज पर है.,The beans are on the table.,सेम मेज रे मेना: मेनाः।,sema meja re menaa: menaah.
आलू मेज पर है.,The potatoes are on the table.,आलू मेज रे मेना:।,aaluu meja re menaa:.
टमाटर मेज़ पर है.,The tomato is on the table.,टमाटर मेज़ रे मेना:।,tamaatara meja़ re menaa:.
प्याज मेज पर है.,The onion is on the table.,प्याज मेज रे मेज रे मेनाः।,pyaaja meja re meja re menaah.
केले मेज पर हैं.,Bananas are on the table.,ओड़ोः केला मेज रे ताइकेना।,oda़oh kelaa meja re taaikenaa.
आम मेज पर है.,The mango is on the table.,मेनदो आम मेज रे मेज रे मेना:।,menado aama meja re meja re menaa:.
संतरे मेज पर हैं.,The oranges are on the table.,मेनदो संतरा मेज रे मेज रे मेना:।,menado santaraa meja re meja re menaa:.
सेब मेज पर है.,The apple is on the table.,मेनदो सेब मेज रे मेना:।,menado seba meja re menaa:.
अंडे मेज पर हैं.,The eggs are on the table.,अंडे मेज रे मेज रे मेना:।,ande meja re meja re menaa:.
नमक मेज पर है.,The salt is on the table.,नमक मेज रे मेना:।,namaka meja re menaa:.
चीनी मेज पर है.,The sugar is on the table.,चीनी मेज रे मेना:,chiinii meja re menaa:
तेल मेज पर है.,The oil is on the table.,तेल मेज रे मेना:।,tela meja re menaa:.
आटा मेज पर है.,The flour is on the table.,आटा मेज रे मेना:।,aataa meja re menaa:.
नारियल मेज पर है.,The coconut is on the table.,नारियल मेज रे मेना: मेज रे मेना:,naariyala meja re menaa: meja re menaa:
मूंगफली मेज पर है.,Peanuts are on the table.,मेनदो मूंगफली मेज रे मेना:।,menado muungaphalii meja re menaa:.
मक्का मेज पर है.,The corn is on the table.,मक्का मेज रे मेना: मेज रे मेना:,makkaa meja re menaa: meja re menaa:
चावल बर्बाद मत करो.,Don't waste the rice.,ओड़ो: चावल बर्बाद रिकाकेदाए।,oda़o: chaawala barbaada rikaakedaae.
रोटी बर्बाद मत करो.,Don't waste the bread.,ओड़ो: रोटी बर्बाद मत केदाए।,oda़o: rotii barbaada mata kedaae.
दूध बर्बाद मत करो.,Don't waste milk.,ओड़ो: दूध बर्बाद मत केदाए।,oda़o: duudha barbaada mata kedaae.
पानी बर्बाद मत करो.,do not waste water.,रआः पानी बर्बाद मताओःआ।,raaah paanii barbaada mataaohaa.
चाय बर्बाद मत करो.,Don't waste the tea.,ओड़ो: चाय बर्बाद रिका केदाए।,oda़o: chaaya barbaada rikaa kedaae.
दही को बर्बाद न करें.,Do not waste the curd.,एटा: दही के बर्बाद रिकाएआ।,etaa: dahii ke barbaada rikaaeaa.
फल बर्बाद मत करो.,Don't waste the fruit.,फल बर्बाद तइकेना।,phala barbaada taikenaa.
सब्जियों को बर्बाद न करें.,Do not waste vegetables.,सोबेन सोबेनको को बर्बाद रिकाएआ।,sobena sobenako ko barbaada rikaaeaa.
दाल बर्बाद मत करो.,Don't waste the lentils.,ओड़ो: दाल बर्बाद रिकाकेदाए।,oda़o: daala barbaada rikaakedaae.
फलियाँ बर्बाद मत करो.,Don't waste the beans.,रआः फलियाँ बर्बाद रिका केदा।,raaah phaliyaan barbaada rikaa kedaa.
आलू बर्बाद मत करो.,Don't waste potatoes.,आलू बर्बाद मत रिकाएआ।,aaluu barbaada mata rikaaeaa.
टमाटर बर्बाद मत करो.,Don't waste tomatoes.,टमाटर बर्बाद मत केदा।,tamaatara barbaada mata kedaa.
प्याज को बर्बाद मत करो.,Don't waste the onions.,ओड़ो: प्याज के बर्बाद रिकाएआ।,oda़o: pyaaja ke barbaada rikaaeaa.
केले बर्बाद मत करो.,Don't waste bananas.,आले केला केला बर्बाद मताओआ।,aale kelaa kelaa barbaada mataaoaa.
आम बर्बाद मत करो.,Don't waste mangoes.,मेनदो आम बर्बाद मत केदाएः।,menado aama barbaada mata kedaaeh.
संतरे बर्बाद मत करो.,Don't waste oranges.,ओड़ो: संतरे बर्बाद ताइकेना।,oda़o: santare barbaada taaikenaa.
सेब बर्बाद मत करो.,Don't waste the apples.,आब सेब बर्बाद रिकाएआ।,aaba seba barbaada rikaaeaa.
अंडे बर्बाद मत करो.,Don't waste eggs.,अंडे बर्बाद रिकाएआ।,ande barbaada rikaaeaa.
नमक बर्बाद मत करो.,Don't waste salt.,नमक बर्बाद मत रिकाएआ।,namaka barbaada mata rikaaeaa.
चीनी बर्बाद मत करो.,Don't waste sugar.,चीनी बर्बाद दाड़िआ।,chiinii barbaada daada़iaa.
तेल बर्बाद मत करो.,Don't waste oil.,तेल बर्बाद दाड़िओःआ।,tela barbaada daada़iohaa.
आटा बर्बाद मत करो.,Don't waste the flour.,आटा बर्बाद रिका केदाएः।,aataa barbaada rikaa kedaaeh.
नारियल को बर्बाद मत करो.,Don't waste the coconut.,नारियल के बर्बाद मत केदा।,naariyala ke barbaada mata kedaa.
मूंगफली को बर्बाद मत करो.,Don't waste peanuts.,ओड़ोः मूंगफली के बर्बाद मताओःआ।,oda़oh muungaphalii ke barbaada mataaohaa.
मक्के को बर्बाद मत करो.,Don't waste the corn.,मक्के के बर्बाद रिका केदाए।,makke ke barbaada rikaa kedaae.
क्या आप मेरे लिए चावल ला सकते हैं?,Can you bring me some rice?,आञ आञ नातिन चावल लाञा?,aanya aanya naatina chaawala laanyaa?
क्या तुम मेरे लिए रोटी ला सकते हो?,Can you bring me some bread?,आञ आञ आञ नातिन रोटी लाञाञ?,aanya aanya aanya naatina rotii laanyaanya?
क्या तुम मेरे लिए दूध ला सकते हो?,Can you bring me some milk?,अइंग अइंग अइंगअः नातिन दूध ओड़ोः तइना?,ainga ainga aingaah naatina duudha oda़oh tainaa?
क्या आप मेरे लिए पानी ला सकते हैं?,Can you bring me some water?,आञ आञ नातिन पानी लाञाञ?,aanya aanya naatina paanii laanyaanya?
क्या आप मेरे लिए चाय ला सकते हैं?,Can you bring me some tea?,आञ आञ नातिन चाय लाञाञ?,aanya aanya naatina chaaya laanyaanya?
क्या तुम मेरे लिए दही ला सकते हो?,Can you bring me yogurt?,अइंग अइंग अइंगअः नातिन दही लअः तइना?,ainga ainga aingaah naatina dahii laah tainaa?
क्या तुम मेरे लिये फल ला सकते हो?,Can you bring me fruit?,अइंग अइंग अइंग अइंग अइंग अइंग अइंग अइंग अइंग अइंग अइंग अइंग अइंग अइंग अइंग अइंग अइंग अइंग अइंग अइंग अइंग अइंग अइंग अइंग अइंग अइंग अइंग अइंग अइंग अइंग अइंग अइंग अइंग अइंग अइंग अइंग अइंग अइंग अइंग अइंग अइंग अइंग,ainga ainga ainga ainga ainga ainga ainga ainga ainga ainga ainga ainga ainga ainga ainga ainga ainga ainga ainga ainga ainga ainga ainga ainga ainga ainga ainga ainga ainga ainga ainga ainga ainga ainga ainga ainga ainga ainga ainga ainga ainga ainga
क्या आप मेरे लिए सब्जियाँ ला सकते हैं?,Can you bring me some vegetables?,आञ आञ नातिन सब्जियाँ लाञा?,aanya aanya naatina sabjiyaan laanyaa?
क्या आप मेरे लिए दाल ला सकते हैं?,Can you bring me lentils?,आञ आञ नातिन दाल लाञा?,aanya aanya naatina daala laanyaa?
क्या आप मेरे लिए फलियाँ ला सकते हैं?,Can you bring me the beans?,आम आञ आञ नातिन फलियाँ लाञा?,aama aanya aanya naatina phaliyaan laanyaa?
क्या आप मेरे लिए आलू ला सकते हैं?,Can you bring me potatoes?,अइंग अइंग अइंग नातिन आलू लाड़िओआ?,ainga ainga ainga naatina aaluu laada़ioaa?
क्या आप मेरे लिए टमाटर ला सकते हैं?,Can you bring me tomatoes?,आञ आञ नातिन टमाटर लाञाञ?,aanya aanya naatina tamaatara laanyaanya?
क्या आप मेरे लिए प्याज ला सकते हैं?,Can you bring me some onions?,आञ आञ नातिन प्याज लाञाञ?,aanya aanya naatina pyaaja laanyaanya?
क्या आप मेरे लिए केले ला सकते हैं?,Can you bring me bananas?,आञ आञ नातिन केला लाञा?,aanya aanya naatina kelaa laanyaa?
क्या तुम मेरे लिए आम ला सकते हो?,Can you bring me mangoes?,अइंग अइंग अइंग अइंगअः नातिन आम तइना?,ainga ainga ainga aingaah naatina aama tainaa?
क्या आप मेरे लिए संतरे ला सकते हैं?,Can you bring me some oranges?,आञ आञा: नातिन संतरे लाञा?,aanya aanyaa: naatina santare laanyaa?
क्या आप मेरे लिए सेब ला सकते हैं?,Can you bring me an apple?,आञ आञ नातिन सेब लाञा?,aanya aanya naatina seba laanyaa?
क्या आप मेरे लिए अंडे ला सकते हैं?,Can you bring me eggs?,आम आञ आञ नातिन अंडे लाञाञ?,aama aanya aanya naatina ande laanyaanya?
क्या आप मेरे लिए नमक ला सकते हैं?,Can you bring me some salt?,आञ आञ नावा नमक लाञा?,aanya aanya naawaa namaka laanyaa?
क्या आप मेरे लिए चीनी ला सकते हैं?,Can you bring me some sugar?,आञ आञ नातिन चीनी लाञा?,aanya aanya naatina chiinii laanyaa?
क्या आप मेरे लिए तेल ला सकते हैं?,Can you bring me some oil?,आञ आञ नातिन तेल लाञा?,aanya aanya naatina tela laanyaa?
क्या आप मेरे लिए आटा ला सकते हैं?,Can you bring me some flour?,आञ आञ नातिन आटा लाञा?,aanya aanya naatina aataa laanyaa?
क्या तुम मेरे लिए नारियल ला सकते हो?,Can you bring me a coconut?,आञ आञ आञ नारियल लाञाञ?,aanya aanya aanya naariyala laanyaanya?
क्या आप मेरे लिए मूँगफली ला सकते हैं?,Can you bring me peanuts?,आञ आञ नातिन मूँगफली लाञा?,aanya aanya naatina muungaphalii laanyaa?
क्या आप मेरे लिए मक्का ला सकते हैं?,Can you bring me corn?,आञ आञ नातिन मक्का लाञा?,aanya aanya naatina makkaa laanyaa?
मैं पेड़ देख सकता हूँ.,I can see the tree.,आञ पेड़ लेलकेदाञञ।,aanya peda़ lelakedaanyanya.
मैं फूल देख सकता हूँ.,I can see the flowers.,आञ फूल लेलकेदाञञ।,aanya phuula lelakedaanyanya.
मैं नदी देख सकता हूँ.,I can see the river.,आञ नदी लेल तनाञ।,aanya nadii lela tanaanya.
मैं पहाड़ देख सकता हूँ.,I can see the mountains.,आञ पहाड़ लेलकेदाञञ।,aanya pahaada़ lelakedaanyanya.
मैं बादल देख सकता हूँ.,I can see the clouds.,आञ बादल लेल लेल तनाञ।,aanya baadala lela lela tanaanya.
मैं बारिश देख सकता हूँ.,I can see the rain.,आञ बारिश लेल तनाञ।,aanya baarisha lela tanaanya.
मैं हवा देख सकता हूँ.,I can see the wind.,आञ हवा लेल तनाञ।,aanya hawaa lela tanaanya.
मैं सूरज की रोशनी देख सकता हूँ.,I can see the sunlight.,आञ सूरज राः रोशनी लेल केदाञ।,aanya suuraja raah roshanii lela kedaanya.
मैं चाँद देख सकता हूँ.,I can see the moon.,आञ चाँद लेलकेदाञञ।,aanya chaanda lelakedaanyanya.
मैं तारा देख सकता हूं.,I can see the star.,आञ आञ तारा लेलकेदाञञ।,aanya aanya taaraa lelakedaanyanya.
मैं पत्थर देख सकता हूँ.,I can see the stone.,आञ आञ ओड़ाः लेल लेल तनाञञ।,aanya aanya oda़aah lela lela tanaanyanya.
मैं पत्ता देख सकता हूँ.,I can see the leaf.,आञ आञ ओड़ाः लेल तनाञञ।,aanya aanya oda़aah lela tanaanyanya.
मैं शाखा देख सकता हूँ.,I can see the branch.,आञ शाखा लेलकेदाञञ।,aanya shaakhaa lelakedaanyanya.
मैं बीज देख सकता हूँ.,I can see the seeds.,आञ बीज लेल तनाञ।,aanya biija lela tanaanya.
मैं मिट्टी देख सकता हूँ.,I can see the soil.,आञ मिट्टी लेल तनाञ।,aanya mittii lela tanaanya.
मैं जंगल देख सकता हूँ.,I can see the forest.,आञ जंगल लेलकेदाञञ।,aanya jangala lelakedaanyanya.
मैं मैदान देख सकता हूँ.,I can see the field.,आञ आञ मैदान लेल तनाञ।,aanya aanya maidaana lela tanaanya.
मुझे तालाब दिख रहा है.,I can see the pond.,आञ आञके तालाब लेल तनाञ।,aanya aanyake taalaaba lela tanaanya.
मैं झील देख सकता हूँ.,I can see the lake.,आञ झील लेलकेदाञञ।,aanya jhiila lelakedaanyanya.
मैं सड़क देख सकता हूँ.,I can see the road.,आञ सड़क लेलकेदाञञ।,aanya sada़ka lelakedaanyanya.
मैं पुल देख सकता हूँ.,I can see the bridge.,आञ पुल लेलकेदाञञ।,aanya pula lelakedaanyanya.
मैं पहाड़ी देख सकता हूँ.,I can see the hill.,आञ पहाड़ी लेलकेदाञञ।,aanya pahaada़ii lelakedaanyanya.
मैं घाटी देख सकता हूँ.,I can see the valley.,आञ घाटी लेलकेदाञञ।,aanya ghaatii lelakedaanyanya.
मैं बगीचा देख सकता हूँ.,I can see the garden.,आञ बगीचा लेल तनाञ।,aanya bagiichaa lela tanaanya.
मैं रास्ता देख सकता हूँ.,I can see the way.,आञ रास्ता लेल तनाञ।,aanya raastaa lela tanaanya.
पेड़ सुन्दर दिखता है.,The tree looks beautiful.,ओड़ो: पेड़ सुगड़ दिसुम तना:,oda़o: peda़ sugada़ disuma tanaa:
फूल सुन्दर दिखता है.,The flower looks beautiful.,ओड़ो: फूल सुन्दर दिसुम तना:,oda़o: phuula sundara disuma tanaa:
नदी सुन्दर लगती है.,The river looks beautiful.,ओड़ो: नदी सुन्दर लगव तना:,oda़o: nadii sundara lagawa tanaa:
पहाड़ सुन्दर दिखता है.,The mountain looks beautiful.,ओड़ो: पहाड़ सुगाड़ा तना:,oda़o: pahaada़ sugaada़aa tanaa:
बादल सुन्दर दिखता है.,The clouds look beautiful.,बादल सुगड़ दिसुम सुगड़ तनाए।,baadala sugada़ disuma sugada़ tanaae.
बारिश खूबसूरत लग रही है.,The rain looks beautiful.,मेनदो बारिश खूबसूरत लगिन तइना।,menado baarisha khuubasuurata lagina tainaa.
हवा सुन्दर लगती है.,The air feels beautiful.,ओड़ो: हवा सुन्दर लगव तना:,oda़o: hawaa sundara lagawa tanaa:
सूरज की रोशनी खूबसूरत लगती है.,Sunlight looks beautiful.,सूरज रा: रोशनी खूबसूरत लगव तना:,suuraja raa: roshanii khuubasuurata lagawa tanaa:
चांद खूबसूरत लग रहा है.,The moon looks beautiful.,ओड़ो: चांद खूबसूरत लगव तना:,oda़o: chaanda khuubasuurata lagawa tanaa:
तारा सुंदर दिखता है.,Tara looks beautiful.,तारा सुंदर दिसुम तनाए।,taaraa sundara disuma tanaae.
पत्थर सुंदर दिखता है.,The stone looks beautiful.,ओड़ो: होड़ोको सुगड़ तनाए।,oda़o: hoda़oko sugada़ tanaae.
पत्ता सुन्दर दिखता है.,The leaf looks beautiful.,ओड़ोः होड़ोको सुगड़ तन ताइना।,oda़oh hoda़oko sugada़ tana taainaa.
शाखा सुन्दर लगती है.,The branch looks beautiful.,ओड़ो: शाखा सुन्दर लगव तना:,oda़o: shaakhaa sundara lagawa tanaa:
बीज सुन्दर दिखता है.,The seed looks beautiful.,ओड़ो: बीज सुगड़ दिसुम तना:,oda़o: biija sugada़ disuma tanaa:
मिट्टी सुन्दर लगती है.,The soil looks beautiful.,ओड़ो: मिट्टी सुन्दर लगव तना:,oda़o: mittii sundara lagawa tanaa:
जंगल सुन्दर दिखता है.,The forest looks beautiful.,ओड़ो: जंगल सुगड़ तना:,oda़o: jangala sugada़ tanaa:
मैदान खूबसूरत लग रहा है.,The field looks beautiful.,मेनदो मैदान खूबसूरत लगिन तइना।,menado maidaana khuubasuurata lagina tainaa.
तालाब सुन्दर दिखता है.,The pond looks beautiful.,ओड़ो: तालाब सुगड़ तना:,oda़o: taalaaba sugada़ tanaa:
झील खूबसूरत दिखती है.,The lake looks beautiful.,ओड़ो: झील खूबसूरत दिसुम तना:,oda़o: jhiila khuubasuurata disuma tanaa:
सड़क खूबसूरत लग रही है.,The road looks beautiful.,मेनदो सड़क खूबसूरत लगिन तइना।,menado sada़ka khuubasuurata lagina tainaa.
पुल खूबसूरत दिखता है.,The bridge looks beautiful.,पुल खूबसूरत तइना,pula khuubasuurata tainaa
पहाड़ी खूबसूरत दिखती है.,The hill looks beautiful.,ओड़ो: पहाड़ी खूबसूरत लेल तना:,oda़o: pahaada़ii khuubasuurata lela tanaa:
घाटी खूबसूरत दिखती है.,The valley looks beautiful.,ओड़ो: घाटी खूबसूरत दिसुम तना:,oda़o: ghaatii khuubasuurata disuma tanaa:
बगीचा सुन्दर दिखता है.,The garden looks beautiful.,ओड़ोः बगीचा सुगाड़ा सुगाड़ा तन तइना।,oda़oh bagiichaa sugaada़aa sugaada़aa tana tainaa.
रास्ता खूबसूरत लग रहा है.,The road looks beautiful.,मेनदो रास्ता खूबसूरत लगव तना।,menado raastaa khuubasuurata lagawa tanaa.
पेड़ बहुत करीब है.,The tree is very close.,ओड़ो: पेड़ बेसे पुरा: मेना:।,oda़o: peda़ bese puraa: menaa:.
फूल बहुत करीब है.,The flower is very close.,ओड़ो: फूल बेसे पुरा: मेना:।,oda़o: phuula bese puraa: menaa:.
नदी बहुत करीब है.,The river is very close.,नदी बेसे पुराः मेनाः।,nadii bese puraah menaah.
पहाड़ बहुत करीब है.,The mountain is very close.,मेनदो पहाड़ बेसे पुराः तन ताइकेना।,menado pahaada़ bese puraah tana taaikenaa.
बादल बहुत करीब है.,The cloud is very close.,बादल बेसे पुराः मेनाः।,baadala bese puraah menaah.
बारिश बहुत करीब है.,The rain is very close.,मेनदो बारिश बेसे पुराः मेनाः।,menado baarisha bese puraah menaah.
हवा बहुत करीब है.,The air is very close.,ओड़ोः हवा बेसे पुराः मेनाः।,oda़oh hawaa bese puraah menaah.
सूरज की रोशनी बहुत करीब है.,The sunlight is very close.,सूरज राः रोशनी बेसे पुराः मेनाः।,suuraja raah roshanii bese puraah menaah.
चाँद बहुत करीब है.,The moon is very close.,ओड़ो: चाँद बेसे पुरा: मेना:।,oda़o: chaanda bese puraa: menaa:.
तारा बहुत करीब है.,The star is very close.,तारा बेसे पुरा: मेना:।,taaraa bese puraa: menaa:.
पत्थर बहुत करीब है.,The stone is very close.,ओड़ो: होड़ोको बेसे पुरा: मेना:।,oda़o: hoda़oko bese puraa: menaa:.
पत्ता बहुत करीब है.,The leaf is very close.,ओड़ोः होड़ोको बेसे पुराः तनअः।,oda़oh hoda़oko bese puraah tanaah.
शाखा बहुत करीब है.,The branch is very close.,ओड़ो: शाखा बेसे पुरा: मेना:।,oda़o: shaakhaa bese puraa: menaa:.
बीज बहुत करीब है.,The seed is very close.,ओड़ोः बीज बेसे पुराः मेनाः।,oda़oh biija bese puraah menaah.
मिट्टी बहुत करीब है.,The soil is very close.,मेनदो मिट्टी बेसे पुराः मेनाः।,menado mittii bese puraah menaah.
जंगल बहुत करीब है.,The forest is very close.,ओड़ो: जंगल बेसे पुरा: मेना:।,oda़o: jangala bese puraa: menaa:.
मैदान बहुत करीब है.,The ground is very close.,मेनदो मैदान बेसे पुराः मेनाः।,menado maidaana bese puraah menaah.
तालाब बहुत करीब है.,The pond is very close.,तालाब बेसे पुराः मेनाः।,taalaaba bese puraah menaah.
झील बहुत करीब है.,The lake is very close.,ओड़ो: झील बेसे पुरा: मेनाः।,oda़o: jhiila bese puraa: menaah.
सड़क बहुत करीब है.,The road is very close.,ओड़ोः सड़क बेसे पुराः मेनाः।,oda़oh sada़ka bese puraah menaah.
पुल बहुत करीब है.,The bridge is very close.,पुल बेसे पुराः तन ताइकेना।,pula bese puraah tana taaikenaa.
पहाड़ी बहुत करीब है.,The hill is very close.,नेआ पहाड़ी बेसे पुराः मेनाः।,neaa pahaada़ii bese puraah menaah.
घाटी बहुत करीब है.,The valley is very close.,ओड़ो: घाटी बेसे पुरा: मेनाः।,oda़o: ghaatii bese puraa: menaah.
बगीचा बहुत करीब है.,The garden is very close.,ओड़ोः बगीचा बेसे पुराः मेनाः।,oda़oh bagiichaa bese puraah menaah.
रास्ता बहुत करीब है.,The road is very close.,मेनदो रास्ता बेसे पुराः मेनाः।,menado raastaa bese puraah menaah.
हम पेड़ के पास चले गये।,We went near the tree.,आले पेड़ रआः तायोमते हिजुःजाना।,aale peda़ raaah taayomate hijuhjaanaa.
हम फूल के पास चले गए।,We went to the flower.,आले फूल रआः तायोमते हिजुःजाना।,aale phuula raaah taayomate hijuhjaanaa.
हम नदी के पास चले।,We walked near the river.,आले नदी राः तायोमते हिजुःजाना।,aale nadii raah taayomate hijuhjaanaa.
हम पहाड़ के पास चले।,We walked near the mountain.,आले पहाड़ रआः ते हिजुःजाना।,aale pahaada़ raaah te hijuhjaanaa.
हम बादल के पास चले।,We walked towards the cloud.,आले बादल तायोमते हिजुःजाना।,aale baadala taayomate hijuhjaanaa.
हम बारिश के पास चले।,We walked near the rain.,आले बारिश रआः ते हिजुःजाना।,aale baarisha raaah te hijuhjaanaa.
हम हवा के पास चले।,We walked beside the wind.,आले हवा ता: ते हिजु: जना।,aale hawaa taa: te hiju: janaa.
हम सूरज की रोशनी के पास चले।,We walked towards the sunlight.,आले सूरज राः रोशनी तायोमते हिजुःजाना।,aale suuraja raah roshanii taayomate hijuhjaanaa.
हम चाँद के पास चले।,We walked to the moon.,आले चाँद तायोम ते हिजुःजाना।,aale chaanda taayoma te hijuhjaanaa.
हम तारे के पास चले।,We walked to the star.,आले तारा तारे ते हिजुःजाना।,aale taaraa taare te hijuhjaanaa.
हम पत्थर के पास चले गए।,We went to the stone.,आले आले पत्थर तायोमते हिजुःजाना।,aale aale patthara taayomate hijuhjaanaa.
हम पत्ते के पास चले गए।,We went to the leaf.,आले आले पत्ता तायोमते हिजुःजाना।,aale aale pattaa taayomate hijuhjaanaa.
हम शाखा के पास चले गये।,We went to the branch.,आले शाखा तायोम ते हिजुःजाना।,aale shaakhaa taayoma te hijuhjaanaa.
हम बीज के पास चले गये।,We went to the seed.,आले बीज रआः तायोमते हिजुःजाना।,aale biija raaah taayomate hijuhjaanaa.
हम मिट्टी के पास चले गए।,We went to the soil.,आले मिट्टी तायोमते हिजुःजाना।,aale mittii taayomate hijuhjaanaa.
हम जंगल के पास चले।,We walked near the forest.,आले जंगल राः तायोमते हिजुःजाना।,aale jangala raah taayomate hijuhjaanaa.
हम मैदान के पास चले गये।,We went near the field.,आले मैदान रे हिजुःजाना।,aale maidaana re hijuhjaanaa.
हम तालाब के पास चले।,We walked near the pond.,आले तालाब रे हिजुःजाना।,aale taalaaba re hijuhjaanaa.
हम झील के पास चले।,We walked near the lake.,आले झील तायोमते हिजुःजाना।,aale jhiila taayomate hijuhjaanaa.
हम सड़क के पास चले।,We walked near the road.,आले सड़क राः तायोमते हिजुःजाना।,aale sada़ka raah taayomate hijuhjaanaa.
हम पुल के पास चले।,We walked near the bridge.,आले पुल रआः तायोमते हिजुःजाना।,aale pula raaah taayomate hijuhjaanaa.
हम पहाड़ी के पास चले।,We walked near the hill.,आले पहाड़ी तायोम ते हिजुःजाना।,aale pahaada़ii taayoma te hijuhjaanaa.
हम घाटी के पास चले।,We walked along the valley.,आले घाटी रआः ते हिजुःजाना।,aale ghaatii raaah te hijuhjaanaa.
हम बगीचे के पास चले।,We walked near the garden.,आले बगीचे तायोमते हिजुःजाना।,aale bagiiche taayomate hijuhjaanaa.
हम रास्ते के पास चले।,We walked near the path.,आले रासिका रे हिजुःजाना।,aale raasikaa re hijuhjaanaa.
पेड़ पानी से ढका हुआ है.,The tree is covered with water.,ओड़ो: पेड़ पानी ते ढका जना:,oda़o: peda़ paanii te dhakaa janaa:
फूल पानी से ढका हुआ है.,The flower is covered with water.,ओड़ो: फूल पानी ते ढका जना:,oda़o: phuula paanii te dhakaa janaa:
नदी पानी से ढकी हुई है.,The river is covered with water.,नदी पानी ते उड़ुः जना।,nadii paanii te uda़uh janaa.
पहाड़ पानी से ढका हुआ है.,The mountain is covered with water.,ओड़ो: पहाड़ पानी ते ढका जना:,oda़o: pahaada़ paanii te dhakaa janaa:
बादल पानी से ढका हुआ है.,The cloud is covered with water.,बादल पानी ते ढका जना,baadala paanii te dhakaa janaa
बारिश में पानी भर गया है.,The place is flooded with rain.,ओड़ोः बारिश रे पानी भरव जना।,oda़oh baarisha re paanii bharawa janaa.
हवा पानी से ढकी हुई है.,The air is covered with water.,मेनदो हवा पानी ते ढकी जना।,menado hawaa paanii te dhakii janaa.
सूर्य का प्रकाश जल से ढका हुआ है।,Sunlight is obscured by water.,सूर्य राः प्रकाश जल ते ढका जना।,suurya raah prakaasha jala te dhakaa janaa.
चंद्रमा जल से ढका हुआ है.,The moon is covered with water.,चंद्रमा जल ते उड़ुः जना।,chandramaa jala te uda़uh janaa.
तारा पानी से ढका हुआ है।,The star is covered with water.,तारा पानी ते उड़ुः जना।,taaraa paanii te uda़uh janaa.
पत्थर पानी से ढका हुआ है.,The stone is covered with water.,ओड़ो: होड़ो र:अ पत्थर पानी ते उड़ु: जना,oda़o: hoda़o ra:a patthara paanii te uda़u: janaa
पत्ता पानी से ढका हुआ है.,The leaf is covered with water.,ओड़ोः नुतुम पानी ते ढका जना।,oda़oh nutuma paanii te dhakaa janaa.
शाखा पानी से ढकी हुई है।,The branch is covered with water.,एटा: शाखा पानी ते ढकी जना:,etaa: shaakhaa paanii te dhakii janaa:
बीज पानी से ढका हुआ है.,The seed is covered with water.,ओड़ोः बीज पानी ते ढका जना।,oda़oh biija paanii te dhakaa janaa.
मिट्टी पानी से ढकी हुई है.,The soil is covered with water.,मेनदो मिट्टी पानी ते ढकी जना।,menado mittii paanii te dhakii janaa.
जंगल पानी से ढका हुआ है.,The forest is covered with water.,ओड़ो: जंगल पानी ते ढका जना:,oda़o: jangala paanii te dhakaa janaa:
खेत पानी से ढका हुआ है.,The field is covered with water.,ओड़ो: खेत पानी ते ढका जना:,oda़o: kheta paanii te dhakaa janaa:
तालाब पानी से लबालब है।,The pond is full of water.,तालाब पानी ते लबालब मेना:।,taalaaba paanii te labaalaba menaa:.
झील पानी से ढकी हुई है.,The lake is covered with water.,ओड़ो: झील पानी ते ढकी जना:,oda़o: jhiila paanii te dhakii janaa:
सड़क पर पानी भरा हुआ है.,The road is full of water.,मेनदो सड़क रे पानी भरा जना।,menado sada़ka re paanii bharaa janaa.
पुल पानी से ढका हुआ है.,The bridge is covered with water.,पुल पुल पानी ते ढका जना,pula pula paanii te dhakaa janaa
पहाड़ी पानी से ढकी हुई है।,The hill is covered with water.,ओड़ो: पहाड़ी पानी ते ढकी जना:,oda़o: pahaada़ii paanii te dhakii janaa:
घाटी पानी से ढकी हुई है.,The valley is covered with water.,ओड़ो: घाटी पानी ते ढकी जना:,oda़o: ghaatii paanii te dhakii janaa:
बगीचा पानी से ढका हुआ है.,The garden is covered with water.,बगीचा पानी ते बगीचा पानी ते ढका जना,bagiichaa paanii te bagiichaa paanii te dhakaa janaa
रास्ता पानी से भरा हुआ है.,The road is full of water.,ओड़ो: रास्ता पानी ते भरा जना:,oda़o: raastaa paanii te bharaa janaa:
कृपया पेड़ से दूर रहें.,Please stay away from the tree.,ओड़ो: कृपया पेड़ ते दूर ताइकेना।,oda़o: kripayaa peda़ te duura taaikenaa.
कृपया फूल से दूर रहें.,Please stay away from the flower.,ओड़ो: कृपया फूल ते दूर ताइकेना।,oda़o: kripayaa phuula te duura taaikenaa.
कृपया नदी से दूर रहें.,Please stay away from the river.,ओड़ो: कृपया नदी ते दूर ताइकेना।,oda़o: kripayaa nadii te duura taaikenaa.
कृपया पहाड़ से दूर रहें.,Please stay away from the mountain.,ओड़ोः नुतुम सिदा ते ओड़ोः ताइकेना।,oda़oh nutuma sidaa te oda़oh taaikenaa.
कृपया बादल से दूर रहें.,Please stay away from the clouds.,ओड़ो: कृपया बादल ते दूर ताइकेना।,oda़o: kripayaa baadala te duura taaikenaa.
कृपया बारिश से दूर रहें.,Please stay out of the rain.,ओड़ोः नुतुम बारिश ते एटाः ताइकेना।,oda़oh nutuma baarisha te etaah taaikenaa.
कृपया हवा से दूर रहें.,Please stay away from the wind.,ओड़ो: कृपया हवा ते दूर ताइना।,oda़o: kripayaa hawaa te duura taainaa.
कृपया धूप से दूर रहें.,Please stay away from sunlight.,ओड़ो: कृपया धूप ते दूर तइना।,oda़o: kripayaa dhuupa te duura tainaa.
कृपया चंद्रमा से दूर रहें.,Please stay away from the moon.,चंद्रमा ते दूर ताइकेना।,chandramaa te duura taaikenaa.
कृपया स्टार से दूर रहें.,Please stay away from the star.,मेनदो कृपया स्टार ते दूर ताइकेना।,menado kripayaa staara te duura taaikenaa.
कृपया पत्थर से दूर रहें.,Please stay away from the stone.,ओड़ो: कृपया पत्थर ते एटा: ताइकेना।,oda़o: kripayaa patthara te etaa: taaikenaa.
कृपया पत्ते से दूर रहें.,Please stay away from the leaves.,ओड़ो: कृपया पत्ता ते एटा: ताइकेना।,oda़o: kripayaa pattaa te etaa: taaikenaa.
कृपया शाखा से दूर रहें.,Please stay away from the branch.,ओड़ो: कृपया शाखा ते दूर तइना।,oda़o: kripayaa shaakhaa te duura tainaa.
कृपया बीज से दूर रहें.,Please stay away from the seeds.,ओड़ो: कृपया बीज ते दूर ताइना।,oda़o: kripayaa biija te duura taainaa.
कृपया मिट्टी से दूर रहें.,Please stay away from soil.,ओड़ो: कृपया मिट्टी ते दूर तइना।,oda़o: kripayaa mittii te duura tainaa.
कृपया जंगल से दूर रहें.,Please stay away from the forest.,ओड़ो: कृपया जंगल ते दूर ताइकेना।,oda़o: kripayaa jangala te duura taaikenaa.
कृपया मैदान से दूर रहें.,Please stay off the field.,ओड़ो: कृपया मैदान ते दूर ताइकेना।,oda़o: kripayaa maidaana te duura taaikenaa.
कृपया तालाब से दूर रहें.,Please stay away from the pond.,ओड़ो: कृपया तालाब ते दूर ताइकेना।,oda़o: kripayaa taalaaba te duura taaikenaa.
कृपया झील से दूर रहें.,Please stay away from the lake.,ओड़ो: कृपया झील ते दूर ताइकेना।,oda़o: kripayaa jhiila te duura taaikenaa.
कृपया सड़क से दूर रहें.,Please stay off the road.,ओड़ो: कृपया सड़क ते दूर ताइकेना।,oda़o: kripayaa sada़ka te duura taaikenaa.
कृपया पुल से दूर रहें.,Please stay off the bridge.,ओड़ो: कृपया पुल ते दूर ताइकेना।,oda़o: kripayaa pula te duura taaikenaa.
कृपया पहाड़ी से दूर रहें.,Please stay away from the hill.,ओड़ोः नुतुम पहाड़ी ते ओड़ोः ताइकेना।,oda़oh nutuma pahaada़ii te oda़oh taaikenaa.
कृपया घाटी से दूर रहें.,Please stay away from the valley.,ओड़ो: कृपया घाटी ते दूर तइना।,oda़o: kripayaa ghaatii te duura tainaa.
कृपया बगीचे से दूर रहें.,Please stay away from the garden.,नुतुम बगीचे ते दूर ताइकेना।,nutuma bagiiche te duura taaikenaa.
कृपया रास्ते से दूर रहें.,Please stay out of the way.,ओड़ो: कृपया रासिका ते दूर ताइकेना।,oda़o: kripayaa raasikaa te duura taaikenaa.
बारिश के बाद पेड़ बदल गया.,The tree changed after the rain.,बारिश तायोमते पेड़ बदलव केदाएः।,baarisha taayomate peda़ badalawa kedaaeh.
बारिश के बाद फूल बदल गया.,The flower changed after the rain.,बारिश तायोमते फूल बदलव केदाएः।,baarisha taayomate phuula badalawa kedaaeh.
बारिश के बाद नदी का रुख बदल गया.,The direction of the river changed after the rain.,तायोम ते नदी राः रुख बदलव जना।,taayoma te nadii raah rukha badalawa janaa.
बारिश के बाद पहाड़ का मिजाज बदल गया।,The mood of the mountain changed after the rain.,तायोमते पहाड़रा: मिजाज बदली जना।,taayomate pahaada़raa: mijaaja badalii janaa.
बारिश के बाद बादल छा गए।,It became cloudy after the rain.,ओड़ो: बारिश तायोमते बादल हिजु: जना।,oda़o: baarisha taayomate baadala hiju: janaa.
बारिश के बाद मौसम का मिजाज बदल गया।,The weather changed after the rain.,बारिश तायोमते मौसम राः मिजाज बदलव जना।,baarisha taayomate mausama raah mijaaja badalawa janaa.
बारिश के बाद हवा का रुख बदल गया।,The wind direction changed after the rain.,बारिश तायोमते हवा राः रुख बदलव जना।,baarisha taayomate hawaa raah rukha badalawa janaa.
बारिश के बाद धूप का मिजाज बदल गया।,The mood of the sun changed after the rain.,बारिश तायोमते धूपरा: मिजाज बदली जना,baarisha taayomate dhuuparaa: mijaaja badalii janaa
बारिश के बाद चाँद बदल गया।,The moon changed after the rain.,बारिश तायोमते चाँद बदलव जना।,baarisha taayomate chaanda badalawa janaa.
बारिश के बाद तारा बदल गया।,The star changed after the rain.,तारा बदली तारा बदलव केदा।,taaraa badalii taaraa badalawa kedaa.
बारिश के बाद पत्थर बदल गया.,The stone changed after the rain.,ओड़ो: बारिश तायोमते पत्थर बदलव जना।,oda़o: baarisha taayomate patthara badalawa janaa.
बारिश के बाद पत्ता बदल गया.,The leaves changed after the rain.,ओड़ो: बारिश तायोमते होड़ो बदलव जना।,oda़o: baarisha taayomate hoda़o badalawa janaa.
बारिश के बाद शाखा बदल गई।,The branch changed after the rain.,तायोम तायोमते शाखा बदली जना।,taayoma taayomate shaakhaa badalii janaa.
बारिश के बाद बीज बदल गया.,The seeds changed after the rain.,तायोम तायोमते बीज बदली जना।,taayoma taayomate biija badalii janaa.
बारिश के बाद मिट्टी बदल गई।,The soil changed after the rain.,बारिश तायोमते मिट्टी बदली जना।,baarisha taayomate mittii badalii janaa.
बारिश के बाद जंगल का मिजाज बदल गया.,The mood of the forest changed after the rain.,तायोमते जंगल राः मिजाज बदली जना।,taayomate jangala raah mijaaja badalii janaa.
बारिश के बाद मैदान बदल गया.,The ground changed after the rain.,ओड़ो: बारिश तायोमते मैदान बदलाव जना।,oda़o: baarisha taayomate maidaana badalaawa janaa.
बारिश के बाद तालाब की हालत बदल गई।,The condition of the pond changed after the rain.,तायोम तायोमते तालाब राः हालत बदली जना।,taayoma taayomate taalaaba raah haalata badalii janaa.
बारिश के बाद झील का नजारा बदल गया।,The view of the lake changed after the rain.,तायोम ते झील राः नजारा बदली जना।,taayoma te jhiila raah najaaraa badalii janaa.
बारिश के बाद रास्ता बदल गया.,The route changed after the rain.,बारिश तायोमते रास्ता बदलव जना।,baarisha taayomate raastaa badalawa janaa.
बारिश के बाद पुल की हालत बदल गई।,The condition of the bridge changed after the rain.,तायोम ते पुल राः हालत बदली जना।,taayoma te pula raah haalata badalii janaa.
बारिश के बाद पहाड़ी का रंग बदल गया।,The color of the hill changed after the rain.,तायोम तायोमते पहाड़ी राः रंग बदली जना।,taayoma taayomate pahaada़ii raah ranga badalii janaa.
बारिश के बाद घाटी का मिजाज बदल गया.,The mood of the valley changed after the rain.,तायोम तायोमते घाटी राः मिजाज बदली जना।,taayoma taayomate ghaatii raah mijaaja badalii janaa.
बारिश के बाद बगीचा बदल गया।,The garden was transformed after the rain.,बारिश तायोमते बगीचा बदलाव जना।,baarisha taayomate bagiichaa badalaawa janaa.
बारिश के बाद रास्ता बदल गया.,The route changed after the rain.,बारिश तायोमते रास्ता बदलव जना।,baarisha taayomate raastaa badalawa janaa.
हमें फूल की रक्षा करनी चाहिए.,We should protect the flower.,आले फूलरा: रक्षा रिकाएआ।,aale phuularaa: rakshashaa rikaaeaa.
हमें नदी की रक्षा करनी चाहिए।,We should protect the river.,आले नदी रा: रक्षा रिकाएआ।,aale nadii raa: rakshashaa rikaaeaa.
हमें पहाड़ की रक्षा करनी चाहिए.,We should protect the mountain.,आले पहाड़रा: रक्षा रिकाएआ।,aale pahaada़raa: rakshashaa rikaaeaa.
हमें बादल की रक्षा करनी चाहिए.,We must protect the cloud.,आले बादल राः रक्षा केदाएः।,aale baadala raah rakshashaa kedaaeh.
हमें वर्षा का संरक्षण करना चाहिए।,We should conserve rain.,आले वर्षा रा: संरक्षण लागातिङा।,aale warshaa raa: sanrakshashana laagaatingaa.
हमें हवा की रक्षा करनी चाहिए.,We must protect the air.,आले हवा रा: रक्षा रिका लागातिङा।,aale hawaa raa: rakshashaa rikaa laagaatingaa.
हमें सूर्य की रोशनी का बचाव करना चाहिए।,We should protect sunlight.,आले सूर्य राः रोशनी राः बचाव लागातिङा।,aale suurya raah roshanii raah bachaawa laagaatingaa.
हमें चंद्रमा की रक्षा करनी चाहिए.,We must protect the moon.,आले चंद्रमा रआः रक्षा केदाएः।,aale chandramaa raaah rakshashaa kedaaeh.
हमें तारे की रक्षा करनी चाहिए।,We must protect the star.,आले आले तारा रा: रक्षा रिकाएआ।,aale aale taaraa raa: rakshashaa rikaaeaa.
हमें पत्थर की रक्षा करनी चाहिए.,We must protect the stone.,अइंगअः अइंगअः पेड़ेः रेअः रक्षा केदाएः।,aingaah aingaah peda़eh reah rakshashaa kedaaeh.
हमें पत्ते की रक्षा करनी चाहिए.,We should protect the leaves.,अइंगअः अइंगअः नुतुम रेअः रक्षा केदाएः।,aingaah aingaah nutuma reah rakshashaa kedaaeh.
हमें शाखा की रक्षा करनी चाहिए।,We must protect the branch.,आले शाखा रा: रक्षा रिकाएआ।,aale shaakhaa raa: rakshashaa rikaaeaa.
हमें बीज की रक्षा करनी चाहिए।,We must protect the seeds.,आले बीज रआः रक्षा केदाएः।,aale biija raaah rakshashaa kedaaeh.
हमें मिट्टी की रक्षा करनी चाहिए।,We should protect the soil.,आले मिट्टी रआः रक्षा केदाएः।,aale mittii raaah rakshashaa kedaaeh.
हमें जंगल की रक्षा करनी चाहिए.,We should protect the forest.,आले जंगल रा: रक्षा रिकाएआ।,aale jangala raa: rakshashaa rikaaeaa.
हमें खेत की रक्षा करनी चाहिए.,We must protect the farm.,अइंग अइंग ओड़ाः रेअः रक्षा केदाए।,ainga ainga oda़aah reah rakshashaa kedaae.
हमें तालाब का संरक्षण करना चाहिए।,We should conserve the pond.,आले तालाब रा: संरक्षण रिकाएआ।,aale taalaaba raa: sanrakshashana rikaaeaa.
हमें झील की रक्षा करनी चाहिए।,We should protect the lake.,आले झील राः रक्षा केदाएः।,aale jhiila raah rakshashaa kedaaeh.
हमें सड़क की सुरक्षा करनी चाहिए.,We should protect the road.,आले सड़क रा: सुरक्षा रिकाएआ।,aale sada़ka raa: surakshashaa rikaaeaa.
हमें पुल की सुरक्षा करनी चाहिए.,We must protect the bridge.,आले पुल रआः सुरक्षा केदाएः।,aale pula raaah surakshashaa kedaaeh.
हमें पहाड़ी की रक्षा करनी चाहिए.,We must protect the hill.,आले पहाड़ी राः रक्षा केदाएः।,aale pahaada़ii raah rakshashaa kedaaeh.
हमें घाटी की रक्षा करनी चाहिए.,We must protect the valley.,आले घाटी रआः रक्षा केदाएः।,aale ghaatii raaah rakshashaa kedaaeh.
हमें बगीचे की रक्षा करनी चाहिए.,We must protect the garden.,आले बगीचेरा: रक्षा रिकाएआ।,aale bagiicheraa: rakshashaa rikaaeaa.
हमें पथ की रक्षा करनी चाहिए.,We must protect the path.,आले पथरा: रक्षा रिकाएआ।,aale patharaa: rakshashaa rikaaeaa.
पेड़ जीवन से भरपूर है.,The tree is full of life.,ओड़ो: पेड़ जीवन ते भरपूर मेना:,oda़o: peda़ jiiwana te bharapuura menaa:
फूल जीवन से भरपूर है.,The flower is full of life.,फूल जीवन ते भरपूर मेना:,phuula jiiwana te bharapuura menaa:
नदी जीवन से भरपूर है.,The river is full of life.,नदी जीवन ते भरपूर मेना:,nadii jiiwana te bharapuura menaa:
पहाड़ जीवन से भरपूर है.,The mountains are full of life.,नेआ पहाड़ जीवन ते भरपूर मेना:।,neaa pahaada़ jiiwana te bharapuura menaa:.
बादल जीवन से भरा है.,The cloud is full of life.,बादल जीवन ते भरा मेना:,baadala jiiwana te bharaa menaa:
बारिश जीवन से भरपूर है.,Rain is full of life.,बारिश जीवन ते भरपूर मेना:,baarisha jiiwana te bharapuura menaa:
हवा जीवन से भरपूर है.,The air is full of life.,हवा जीवन ते भरपूर मेना:,hawaa jiiwana te bharapuura menaa:
सूरज की रोशनी जीवन से भरपूर है.,Sunlight is full of life.,सूरज रा: रोशनी जीवन ते भरपूर मेना:,suuraja raa: roshanii jiiwana te bharapuura menaa:
चंद्रमा जीवन से भरपूर है.,The moon is full of life.,चंद्रमा जीवन ते भरपूर मेना:।,chandramaa jiiwana te bharapuura menaa:.
तारा जीवन से भरपूर है।,The star is full of life.,तारा जीवन ते भरपूर मेना:।,taaraa jiiwana te bharapuura menaa:.
पत्थर जीवन से भरपूर है.,The stone is full of life.,ओड़ो: होड़ोमो जीवन ते भरपूर मेना:।,oda़o: hoda़omo jiiwana te bharapuura menaa:.
पत्ता जीवन से भरा है.,The leaf is full of life.,ओड़ो: होड़ोको जीवन ते भरा मेना:।,oda़o: hoda़oko jiiwana te bharaa menaa:.
शाखा जीवन से भरपूर है.,The branch is full of life.,मेनदो शाखा जीवन ते भरपूर मेना:।,menado shaakhaa jiiwana te bharapuura menaa:.
बीज जीवन से भरपूर है.,The seed is full of life.,ओड़ोः बीज जीवन ते भरपूर मेना:।,oda़oh biija jiiwana te bharapuura menaa:.
मिट्टी जीवन से भरपूर है.,The soil is full of life.,मेनदो मिट्टी जीवन ते भरपूर मेना:,menado mittii jiiwana te bharapuura menaa:
जंगल जीवन से भरपूर है.,The forest is full of life.,मेनदो जंगल जीवन ते भरपूर मेना:,menado jangala jiiwana te bharapuura menaa:
मैदान जीवन से भरपूर है.,The field is full of life.,नेआ मैदान जीवन ते भरपूर मेना:,neaa maidaana jiiwana te bharapuura menaa:
तालाब जीवन से भरपूर है.,The pond is full of life.,तालाब जीवन ते भरपूर मेना:,taalaaba jiiwana te bharapuura menaa:
झील जीवन से भरपूर है.,The lake is full of life.,नेआ झील जीवन ते भरपूर मेना:।,neaa jhiila jiiwana te bharapuura menaa:.
सड़क जीवन से भरी है.,The street is full of life.,सड़क जीवन ते भरी मेना:,sada़ka jiiwana te bharii menaa:
पुल जीवन से भरपूर है.,The bridge is full of life.,पुल जीवन ते भरपूर मेना:,pula jiiwana te bharapuura menaa:
पहाड़ी जीवन से भरपूर है.,The hill is full of life.,नेआ पहाड़ी जीवन ते भरपूर मेना:।,neaa pahaada़ii jiiwana te bharapuura menaa:.
घाटी जीवन से भरपूर है.,The valley is full of life.,मेनदो घाटी जीवन ते भरपूर मेना:।,menado ghaatii jiiwana te bharapuura menaa:.
बगीचा जीवन से भरपूर है.,The garden is full of life.,बगीचा जीवन ते भरपूर मेना:,bagiichaa jiiwana te bharapuura menaa:
रास्ता जीवन से भरा है.,The path is full of life.,मेनदो रास्ता जीवन ते भरा मेना:।,menado raastaa jiiwana te bharaa menaa:.
क्या आप पेड़ की ओर इशारा कर सकते हैं?,Can you point to the tree?,आम पेड़रा: ओड़ो: ओड़ो: इशारा केदा?,aama peda़raa: oda़o: oda़o: ishaaraa kedaa?
क्या आप फूल की ओर इशारा कर सकते हैं?,Can you point to the flower?,आम फूलरा: ओड़ो: इशारा रिकाएआ?,aama phuularaa: oda़o: ishaaraa rikaaeaa?
क्या आप नदी की ओर इशारा कर सकते हैं?,Can you point to the river?,आम नदी रा: ओड़ो: इशारा रिकाएआ?,aama nadii raa: oda़o: ishaaraa rikaaeaa?
क्या आप पहाड़ की ओर इशारा कर सकते हैं?,Can you point to the mountain?,आम पहाड़रा: ओड़ो: इशारा रिकाएआ?,aama pahaada़raa: oda़o: ishaaraa rikaaeaa?
क्या आप बादल की ओर इशारा कर सकते हैं?,Can you point to the cloud?,आम बादल रा: ओड़ो: इशारा रिकाएआ?,aama baadala raa: oda़o: ishaaraa rikaaeaa?
क्या आप बारिश की ओर इशारा कर सकते हैं?,Can you point to the rain?,आम बारिशरा: ओड़ो: इशारा रिकाएआ?,aama baarisharaa: oda़o: ishaaraa rikaaeaa?
क्या आप हवा की ओर इशारा कर सकते हैं?,Can you point to the wind?,आम हवा रा: ओड़ो: इशारा रिकाएआ?,aama hawaa raa: oda़o: ishaaraa rikaaeaa?
क्या आप सूर्य के प्रकाश की ओर संकेत कर सकते हैं?,Can you point to the sunlight?,आम सूर्यरा: प्रकाशरा: ओड़ो: संकेत रिकाएआ?,aama suuryaraa: prakaasharaa: oda़o: sanketa rikaaeaa?
क्या आप चंद्रमा की ओर इशारा कर सकते हैं?,Can you point to the moon?,आम चंद्रमा रा: ओड़ो: इशारा रिकाएआ?,aama chandramaa raa: oda़o: ishaaraa rikaaeaa?
क्या आप तारे की ओर इशारा कर सकते हैं?,Can you point to the star?,आम तारा रा: ओड़ो: इशारा रिकाएआ?,aama taaraa raa: oda़o: ishaaraa rikaaeaa?
क्या आप पत्थर की ओर इशारा कर सकते हैं?,Can you point to the stone?,अमा: पत्थर रा: ओड़ो: इशारा रिकाएआ?,amaa: patthara raa: oda़o: ishaaraa rikaaeaa?
क्या आप पत्ते की ओर इशारा कर सकते हैं?,Can you point to the leaf?,आमा: ओड़ा: रे इशारा रिकाएआ?,aamaa: oda़aa: re ishaaraa rikaaeaa?
क्या आप शाखा की ओर संकेत कर सकते हैं?,Can you point to the branch?,आम शाखा रा: ओड़ो: संकेत रिकाएआ?,aama shaakhaa raa: oda़o: sanketa rikaaeaa?
क्या आप बीज की ओर संकेत कर सकते हैं?,Can you point to the seed?,आम बीजरा: ओड़ो: संकेत रिकाएआ?,aama biijaraa: oda़o: sanketa rikaaeaa?
क्या आप मिट्टी की ओर इशारा कर सकते हैं?,Can you point to the soil?,आम मिट्टीरा: ओड़ो: इशारा रिका तना?,aama mittiiraa: oda़o: ishaaraa rikaa tanaa?
क्या आप जंगल की ओर इशारा कर सकते हैं?,Can you point to the forest?,आम जंगलरा: ओड़ो: इशारा रिकाएआ?,aama jangalaraa: oda़o: ishaaraa rikaaeaa?
क्या आप फ़ील्ड की ओर संकेत कर सकते हैं?,Can you point to the field?,आम फ़ील्ड रा: ओड़ो: संकेत रिकाएआ?,aama pha़iilda raa: oda़o: sanketa rikaaeaa?
क्या आप तालाब की ओर इशारा कर सकते हैं?,Can you point to the pond?,आम तालाब रा: ओड़ो: इशारा केदा?,aama taalaaba raa: oda़o: ishaaraa kedaa?
क्या आप झील की ओर इशारा कर सकते हैं?,Can you point to the lake?,आम झीलरा: ओड़ो: इशारा रिकाएआ?,aama jhiilaraa: oda़o: ishaaraa rikaaeaa?
क्या आप सड़क की ओर इशारा कर सकते हैं?,Can you point to the road?,आम सड़क रा: ओड़ो: इशारा रिकाएआ?,aama sada़ka raa: oda़o: ishaaraa rikaaeaa?
क्या आप पुल की ओर इशारा कर सकते हैं?,Can you point to the bridge?,आम पुलरा: ओड़ो: इशारा रिकाएआ?,aama pularaa: oda़o: ishaaraa rikaaeaa?
क्या आप पहाड़ी की ओर इशारा कर सकते हैं?,Can you point to the hill?,आम पहाड़ी रा: ओड़ो: इशारा रिकाएआ?,aama pahaada़ii raa: oda़o: ishaaraa rikaaeaa?
क्या आप घाटी की ओर इशारा कर सकते हैं?,Can you point to the valley?,आम घाटीरा: ओड़ो: इशारा रिकाएआ?,aama ghaatiiraa: oda़o: ishaaraa rikaaeaa?
क्या आप बगीचे की ओर इशारा कर सकते हैं?,Can you point to the garden?,आम बगीचेरा: ओड़ो: इशारा रिकाएआ?,aama bagiicheraa: oda़o: ishaaraa rikaaeaa?
क्या आप रास्ता बता सकते हैं?,Can you tell me the way?,आम रास्ता उदुब तना?,aama raastaa uduba tanaa?
बस तैयार है.,It's ready.,मेनदो बस बस तैयार मेना:।,menado basa basa taiyaara menaa:.
ट्रेन तैयार है.,The train is ready.,मेनदो ट्रेन तैयार मेना:।,menado trena taiyaara menaa:.
साइकिल तैयार है.,The bicycle is ready.,मेनदो साइकिल तैयार मेना:।,menado saaikila taiyaara menaa:.
मोटरसाइकिल तैयार है.,The motorcycle is ready.,मोटरसाइकिल तैयार मेना:।,motarasaaikila taiyaara menaa:.
कार तैयार है.,The car is ready.,ओड़ो: कार तैयार मेना:।,oda़o: kaara taiyaara menaa:.
ऑटो रिक्शा तैयार है.,The auto rickshaw is ready.,आटो रिक्शा तैयार मेना:।,aato rikshaa taiyaara menaa:.
नाव तैयार है.,The boat is ready.,नाव तैयार मेना:।,naawa taiyaara menaa:.
टिकट तैयार है.,The ticket is ready.,मेनदो टिकट तैयार मेना:।,menado tikata taiyaara menaa:.
स्टेशन तैयार है.,The station is ready.,मेनदो स्टेशन तैयार मेना:।,menado steshana taiyaara menaa:.
सड़क तैयार है.,The road is ready.,सड़क तैयार मेना:।,sada़ka taiyaara menaa:.
पुल बनकर तैयार है.,The bridge is ready.,पुल बाइकेआते पुल बाइकेआते तैयार मेना:,pula baaikeaate pula baaikeaate taiyaara menaa:
गांव तैयार है.,The village is ready.,ओड़ो: गांव तैयार मेना:।,oda़o: gaanwa taiyaara menaa:.
शहर तैयार है.,The city is ready.,मेनदो शहर तैयार मेना:।,menado shahara taiyaara menaa:.
बाज़ार तैयार है.,The market is ready.,मेनदो बाज़ार तैयार मेना:।,menado baaja़aara taiyaara menaa:.
स्कूल तैयार है.,The school is ready.,मेनदो स्कूल तैयार मेना:।,menado skuula taiyaara menaa:.
अस्पताल तैयार है.,The hospital is ready.,अस्पताल तैयार मेना:।,aspataala taiyaara menaa:.
होटल तैयार है.,The hotel is ready.,ने होटल तैयार मेना:।,ne hotala taiyaara menaa:.
एयरपोर्ट तैयार है.,The airport is ready.,एयरपोर्ट तैयार मेना:।,eyaraporta taiyaara menaa:.
स्टॉप तैयार है.,The stop is ready.,मेनदो स्टॉप तैयार मेना:।,menado staॉpa taiyaara menaa:.
नक्शा तैयार है.,The map is ready.,नक्शा तैयार मेना:।,nakshaa taiyaara menaa:.
बैग तैयार है.,The bag is ready.,मेनदो बैग तैयार मेना:।,menado baiga taiyaara menaa:.
छाता तैयार है.,The umbrella is ready.,ओड़ो: छाता तैयार मेना:।,oda़o: chhaataa taiyaara menaa:.
हेलमेट तैयार है.,The helmet is ready.,मेनदो हेलमेट तैयार मेना:।,menado helameta taiyaara menaa:.
सीट तैयार है.,The seat is ready.,मेनदो सीट तैयार मेना:।,menado siita taiyaara menaa:.
गेट तैयार है.,The gate is ready.,मेनदो गेट तैयार मेना:।,menado geta taiyaara menaa:.
बस कहां है?,Where is the bus?,ओड़ो: बस कहां मेनाः?,oda़o: basa kahaan menaah?
ट्रेन कहां है?,where is the train?,मेनदो ट्रेन कहां मेनाः?,menado trena kahaan menaah?
साइकिल कहाँ है?,Where is the bicycle?,चिलका साइकिल चिलका ते मेना:?,chilakaa saaikila chilakaa te menaa:?
मोटरसाइकिल कहाँ है?,Where is the motorcycle?,मोटरसाइकिल चानाः रे ताइकेना?,motarasaaikila chaanaah re taaikenaa?
कार कहां है?,where is the car?,मेनदो कार कार कहां मेना:?,menado kaara kaara kahaan menaa:?
ऑटो-रिक्शा कहाँ है?,Where is the auto-rickshaw?,ओड़ो: ऑटो-रिक्शा कहाँ मेना:?,oda़o: ऑto-rikshaa kahaan menaa:?
नाव कहाँ है?,Where is the boat?,चिलका नाव चिलका मेनाः?,chilakaa naawa chilakaa menaah?
टिकट कहाँ है?,Where is the ticket?,चिलका टिकट चानाः रे ताइकेना?,chilakaa tikata chaanaah re taaikenaa?
स्टेशन कहाँ हे?,Where is the station?,मेनदो स्टेशन चानाः रे ताइकेना?,menado steshana chaanaah re taaikenaa?
सड़क कहाँ है?,Where is the road?,मेनदो सड़क चानाः रे ताइकेना?,menado sada़ka chaanaah re taaikenaa?
पुल कहाँ है?,Where is the bridge?,पुल चाना: पुल ता: रे मेना:?,pula chaanaa: pula taa: re menaa:?
गाँव कहाँ है?,Where is the village?,चिलका गाँव चिलका मेनाः?,chilakaa gaanwa chilakaa menaah?
शहर कहाँ है?,Where is the city?,ओकोआ शहर चाना: रे मेना:?,okoaa shahara chaanaa: re menaa:?
बाज़ार कहां है?,Where is the market?,मेनदो बाज़ार चानाः मेनाः?,menado baaja़aara chaanaah menaah?
स्कूल कहाँ है?,Where is the school?,चिलका स्कूल चानाः रे ताइकेना?,chilakaa skuula chaanaah re taaikenaa?
अस्पताल कहां है?,where is the hospital?,अस्पताल चीना: अस्पताल कहां मेना:,aspataala chiinaa: aspataala kahaan menaa:
होटल कहां है?,where is the hotel?,मेनदो होटल काजि मेनाः?,menado hotala kaaji menaah?
हवाई अड्डा कहाँ है?,Where is the airport?,हवाई अड्डा चाना: रे मेना:?,hawaaii addaa chaanaa: re menaa:?
स्टॉप कहां है?,Where is the stop?,मेनदो स्टॉप कहां मेना:?,menado staॉpa kahaan menaa:?
नक्शा कहाँ है?,Where is the map?,चिलका नक्शा चिलका मेनाः?,chilakaa nakshaa chilakaa menaah?
बैग कहां है?,where is the bag?,मेनदो बैग काजि मेनाः?,menado baiga kaaji menaah?
छाता कहाँ है?,Where is the umbrella?,ओकोआ छाता ओकोआ चिलका मेनाः?,okoaa chhaataa okoaa chilakaa menaah?
हेलमेट कहाँ है?,Where is the helmet?,मेनदो हेलमेट चिलका ते मेना:?,menado helameta chilakaa te menaa:?
सीट कहाँ है?,Where is the seat?,मेनदो सीट चानाः रे ताइकेना?,menado siita chaanaah re taaikenaa?
गेट कहाँ है?,Where is the gate?,मेनदो गेट चानाः रे ताइकेना?,menado geta chaanaah re taaikenaa?
कृपया बस के पास प्रतीक्षा करें।,Please wait near the bus.,ओड़ोः मेनदो बस तायोम ते प्रतीक्षा रिकाएः।,oda़oh menado basa taayoma te pratiikshashaa rikaaeh.
कृपया ट्रेन के पास प्रतीक्षा करें.,Please wait near the train.,ओड़ोः मेनदो ट्रेन तायोम ते प्रतीक्षा मेनाः।,oda़oh menado trena taayoma te pratiikshashaa menaah.
कृपया साइकिल के पास प्रतीक्षा करें.,Please wait near the bicycle.,नुतुम साइकिल रआः तायोमते प्रतीक्षा मेनाः।,nutuma saaikila raaah taayomate pratiikshashaa menaah.
कृपया मोटरसाइकिल के पास प्रतीक्षा करें।,Please wait near the motorcycle.,नुतुम मोटरसाइकिल तायोमते प्रतीक्षा रिकाएः।,nutuma motarasaaikila taayomate pratiikshashaa rikaaeh.
कृपया कार के पास प्रतीक्षा करें.,Please wait by the car.,ओड़ो: कृपया कार तायोम ते प्रतीक्षा रिकाएआ।,oda़o: kripayaa kaara taayoma te pratiikshashaa rikaaeaa.
कृपया ऑटो-रिक्शा के पास प्रतीक्षा करें।,Please wait near the auto-rickshaw.,ओड़ो: ऑटो-रिक्शा तायोम ते प्रतीक्षा रिकाएआ।,oda़o: ऑto-rikshaa taayoma te pratiikshashaa rikaaeaa.
कृपया नाव के पास प्रतीक्षा करें.,Please wait near the boat.,ओड़ो: कृपया नाव रे प्रतीक्षा रिकाएआ।,oda़o: kripayaa naawa re pratiikshashaa rikaaeaa.
कृपया टिकट के पास प्रतीक्षा करें.,Please wait near the ticket counter.,मेनदो कृपया टिकट तायोम ते प्रतीक्षा मेनाः।,menado kripayaa tikata taayoma te pratiikshashaa menaah.
कृपया स्टेशन के पास प्रतीक्षा करें.,Please wait near the station.,मेनदो कृपया स्टेशन तायोम रे प्रतीक्षा मेनाः।,menado kripayaa steshana taayoma re pratiikshashaa menaah.
कृपया सड़क के पास प्रतीक्षा करें.,Please wait near the road.,ओड़ोः कृपया सड़क राः तायोमते प्रतीक्षा रिकाएः।,oda़oh kripayaa sada़ka raah taayomate pratiikshashaa rikaaeh.
कृपया पुल के पास प्रतीक्षा करें.,Please wait near the bridge.,ओड़ो: कृपया पुल तायोम ते प्रतीक्षा रिकाएआ।,oda़o: kripayaa pula taayoma te pratiikshashaa rikaaeaa.
कृपया गांव के पास प्रतीक्षा करें.,Please wait near the village.,ओड़ो: कृपया गांव रे प्रतीक्षा रिकाएआ।,oda़o: kripayaa gaanwa re pratiikshashaa rikaaeaa.
कृपया शहर के पास प्रतीक्षा करें.,Please wait near the city.,मेनदो शहर ता: रे प्रतीक्षा रिकाएआ।,menado shahara taa: re pratiikshashaa rikaaeaa.
कृपया बाज़ार के पास प्रतीक्षा करें।,Please wait near the market.,ओड़ोः मेनदो बाज़ार तायोमते प्रतीक्षा रिकाएः।,oda़oh menado baaja़aara taayomate pratiikshashaa rikaaeh.
कृपया स्कूल के पास प्रतीक्षा करें.,Please wait near the school.,ओड़ोः मेनदो स्कूल तायोम रे प्रतीक्षा मेनाः।,oda़oh menado skuula taayoma re pratiikshashaa menaah.
कृपया अस्पताल के पास प्रतीक्षा करें।,Please wait near the hospital.,अस्पताल ता: रे प्रतीक्षा रिकाएआ।,aspataala taa: re pratiikshashaa rikaaeaa.
कृपया होटल के पास प्रतीक्षा करें।,Please wait near the hotel.,मेनदो होटल तायोम ते प्रतीक्षा मेनाः।,menado hotala taayoma te pratiikshashaa menaah.
कृपया हवाई अड्डे के पास प्रतीक्षा करें।,Please wait near the airport.,मेनदो हवाई अड्डा ता: रे प्रतीक्षा रिकाएआ।,menado hawaaii addaa taa: re pratiikshashaa rikaaeaa.
कृपया स्टॉप के पास प्रतीक्षा करें.,Please wait at the stop.,ओड़ोः मेनदो स्टॉप तायोमते प्रतीक्षा मेनाः।,oda़oh menado staॉpa taayomate pratiikshashaa menaah.
कृपया मानचित्र के पास प्रतीक्षा करें.,Please wait near the map.,ओड़ो: कृपया मानचित्र तायोम ते प्रतीक्षा रिकाएआ।,oda़o: kripayaa maanachitrara taayoma te pratiikshashaa rikaaeaa.
कृपया बैग के पास प्रतीक्षा करें.,Please wait by the bag.,ओड़ोः नेआ बैग तायोम ते प्रतीक्षा रिकाएः।,oda़oh neaa baiga taayoma te pratiikshashaa rikaaeh.
कृपया छतरी के पास प्रतीक्षा करें।,Please wait near the umbrella.,ओड़ो: कृपया छतरी तायोम रे प्रतीक्षा रिकाएआ।,oda़o: kripayaa chhatarii taayoma re pratiikshashaa rikaaeaa.
कृपया हेलमेट के पास प्रतीक्षा करें.,Please wait near the helmet.,नेलमेट राः तायोमते हेलमेट तायोम ते प्रतीक्षा मेनाः।,nelameta raah taayomate helameta taayoma te pratiikshashaa menaah.
कृपया सीट के पास प्रतीक्षा करें.,Please wait near your seat.,मेनदो कृपया सीट तायोम ते प्रतीक्षा मेनाः।,menado kripayaa siita taayoma te pratiikshashaa menaah.
हम बस से जल्दी पहुँच गये।,We reached early by bus.,आले बस ते जल्दी पहुँच जना।,aale basa te jaldii pahuncha janaa.
हम ट्रेन पर जल्दी पहुंच गये.,We reached the train early.,आले ट्रेन रे जल्दी सेसेनकेदाएः।,aale trena re jaldii sesenakedaaeh.
हम साइकिल से जल्दी पहुँच गये।,We reached there quickly by bicycle.,आले साइकिल ते जल्दी पहुँच जना।,aale saaikila te jaldii pahuncha janaa.
हम मोटरसाइकिल से जल्दी पहुँच गये।,We reached there quickly by motorcycle.,आले मोटरसाइकिल ते जल्दी पहुँच जना।,aale motarasaaikila te jaldii pahuncha janaa.
हम गाड़ी से जल्दी पहुँच गये।,We reached there quickly by car.,आले गाड़ी ते जल्दी पहुँच जना।,aale gaada़ii te jaldii pahuncha janaa.
हम ऑटो-रिक्शा से जल्दी पहुँच गए।,We reached early by auto-rickshaw.,आले ऑटो-रिक्शा ते जल्दी पहुँच जना।,aale ऑto-rikshaa te jaldii pahuncha janaa.
हम नाव पर जल्दी पहुँच गये।,We arrived at the boat early.,आले नाव रे जल्दी सेनोःजाना।,aale naawa re jaldii senohjaanaa.
हम टिकट के लिए जल्दी पहुंच गए।,We arrived early to get our tickets.,आले टिकट नातिन जल्दी सेनोःजाना।,aale tikata naatina jaldii senohjaanaa.
हम जल्दी स्टेशन पहुँच गये।,We reached the station quickly.,आले जल्दी स्टेशन पहुँच जना।,aale jaldii steshana pahuncha janaa.
हम सड़क पर जल्दी पहुँच गये।,We reached the road quickly.,आले सड़क रे जल्दी पहुँच जना।,aale sada़ka re jaldii pahuncha janaa.
हम पुल पर जल्दी पहुँच गये।,We reached the bridge quickly.,आले पुल रे जल्दी पहुँच जना।,aale pula re jaldii pahuncha janaa.
हम जल्दी गांव पहुंच गये.,We reached the village quickly.,आले जल्दी गांव सेसेनकेदाएः।,aale jaldii gaanwa sesenakedaaeh.
हम शहर जल्दी पहुँच गये।,We reached the city early.,आले शहर जल्दी पहुँच जना।,aale shahara jaldii pahuncha janaa.
हम जल्दी बाज़ार पहुँच गये।,We reached the market early.,आले जल्दी बाज़ार सेनोःजाना।,aale jaldii baaja़aara senohjaanaa.
हम लोग जल्दी स्कूल पहुंच गये.,We reached school early.,आले होड़ोको जल्दी स्कूल सेसेनकेदाए।,aale hoda़oko jaldii skuula sesenakedaae.
हम जल्दी अस्पताल पहुँच गये।,We quickly reached the hospital.,आले जल्दी अस्पताल सेनोःजाना।,aale jaldii aspataala senohjaanaa.
हम जल्दी होटल पहुंच गये.,We reached the hotel quickly.,आले जल्दी होटल सेसेनकेदाएः।,aale jaldii hotala sesenakedaaeh.
हम हवाई अड्डे पर जल्दी पहुँच गये।,We reached the airport early.,आले हवाई अड्डेरे जल्दी पहुँचव जना।,aale hawaaii addere jaldii pahunchawa janaa.
हम स्टॉप पर जल्दी पहुँच गये।,We reached the stop early.,आले स्टॉप रे जल्दी पहुँच जना।,aale staॉpa re jaldii pahuncha janaa.
हम मानचित्र पर जल्दी पहुँच गये।,We got on the map quickly.,आले मानचित्र रे जल्दी पहुँच जना।,aale maanachitrara re jaldii pahuncha janaa.
हम बैग तक जल्दी पहुँच गए।,We reached the bag quickly.,आले बैग तायोमते जल्दी सेनोःजाना।,aale baiga taayomate jaldii senohjaanaa.
हम छतरी पर जल्दी पहुँच गये।,We reached the canopy quickly.,आले छतरी रे जल्दी सेनोःजाना।,aale chhatarii re jaldii senohjaanaa.
हम हेल्मेट पर जल्दी पहुँच गये।,We arrived at the helmet early.,आले हेल्मेट रे जल्दी पहुँच जना।,aale helmeta re jaldii pahuncha janaa.
हम जल्दी सीट पर पहुंच गये.,We reached our seats quickly.,आले जल्दी सीट रे हिजुःजाना।,aale jaldii siita re hijuhjaanaa.
हम जल्दी गेट पर पहुंच गये.,We reached the gate quickly.,आले जल्दी गेट रे हिजुःजाना।,aale jaldii geta re hijuhjaanaa.
मैंने अपना बैग बस के पास छोड़ दिया।,I left my bag near the bus.,आञ आपान बैग बस रआः तायोम केदाञ।,aanya aapaana baiga basa raaah taayoma kedaanya.
मैंने अपना बैग ट्रेन के पास छोड़ दिया।,I left my bag near the train.,आञ आपान बैग ट्रेन रआः तायोम केदाञ।,aanya aapaana baiga trena raaah taayoma kedaanya.
मैंने अपना बैग साइकिल के पास छोड़ दिया।,I left my bag near the bicycle.,आञ आपान बैग साइकिल रआः तायोम केदाञ।,aanya aapaana baiga saaikila raaah taayoma kedaanya.
मैंने अपना बैग मोटरसाइकिल के पास छोड़ दिया।,I left my bag near the motorcycle.,आञ आपान बैग मोटरसाइकिल तायोम केदाञ।,aanya aapaana baiga motarasaaikila taayoma kedaanya.
मैंने अपना बैग कार के पास छोड़ दिया।,I left my bag near the car.,आञ आपान बैग कार रआः तायोम केदाञ।,aanya aapaana baiga kaara raaah taayoma kedaanya.
मैंने अपना बैग ऑटो-रिक्शा के पास छोड़ दिया।,I left my bag near the auto-rickshaw.,आञ आपान बैग ऑटो-रिक्शा रआः तायोम केदाञ।,aanya aapaana baiga ऑto-rikshaa raaah taayoma kedaanya.
मैंने अपना बैग नाव के पास छोड़ दिया।,I left my bag near the boat.,आइंग आञ आपान बैग नाव रआः तायोम केदाञ।,aainga aanya aapaana baiga naawa raaah taayoma kedaanya.
मैंने अपना बैग टिकट के पास छोड़ दिया।,I left my bag near the ticket counter.,आञ आपान बैग टिकट रआः तायोम केदाञ।,aanya aapaana baiga tikata raaah taayoma kedaanya.
मैंने अपना बैग स्टेशन के पास छोड़ दिया।,I left my bag near the station.,आञ आपान बैग स्टेशन रआः तायोम केदाञ।,aanya aapaana baiga steshana raaah taayoma kedaanya.
मैंने अपना बैग सड़क के पास छोड़ दिया।,I left my bag near the road.,आञ आपान बैग सड़क रआः तायोम केदाञ।,aanya aapaana baiga sada़ka raaah taayoma kedaanya.
मैंने अपना बैग पुल के पास छोड़ दिया।,I left my bag near the bridge.,आञ आपान बैग पुल रआः तायोम केदाञ।,aanya aapaana baiga pula raaah taayoma kedaanya.
मैंने अपना बैग गाँव के पास छोड़ दिया।,I left my bag near the village.,आइंग आञ आपान बैग गाँव रआः तायोम केदाञ।,aainga aanya aapaana baiga gaanwa raaah taayoma kedaanya.
मैंने अपना बैग शहर के पास छोड़ दिया।,I left my bag near the city.,आञ आपान बैग शहर रआः तायोम केदाञ।,aanya aapaana baiga shahara raaah taayoma kedaanya.
मैंने अपना बैग बाज़ार के पास छोड़ दिया।,I left my bag near the market.,आञ आपान बैग बाज़ार रआः तायोम केदाञ।,aanya aapaana baiga baaja़aara raaah taayoma kedaanya.
मैंने अपना बैग स्कूल के पास छोड़ दिया।,I left my bag near the school.,आइंग आञ आपान बैग स्कूल रआः तायोम केदाञ।,aainga aanya aapaana baiga skuula raaah taayoma kedaanya.
मैंने अपना बैग अस्पताल के पास छोड़ दिया।,I left my bag near the hospital.,आञ आपान बैग अस्पताल रआः तायोम केदाञ।,aanya aapaana baiga aspataala raaah taayoma kedaanya.
मैंने अपना बैग होटल के पास छोड़ दिया।,I left my bag near the hotel.,आञ आपान बैग होटल रआः तायोम केदाञ।,aanya aapaana baiga hotala raaah taayoma kedaanya.
मैंने अपना बैग हवाई अड्डे के पास छोड़ दिया।,I left my bag near the airport.,आञ आपान बैग हवाई अड्डे तायोम ते छोड़ केदाञ।,aanya aapaana baiga hawaaii adde taayoma te chhoda़ kedaanya.
मैंने अपना बैग स्टॉप के पास छोड़ दिया।,I left my bag near the stop.,आञ आपान बैग स्टॉप तायोम केदाञ।,aanya aapaana baiga staॉpa taayoma kedaanya.
मैंने अपना बैग मानचित्र के पास छोड़ दिया।,I left my bag near the map.,आञ आपान बैग मानचित्र रआः तायोम केदाञ।,aanya aapaana baiga maanachitrara raaah taayoma kedaanya.
मैंने अपना बैग बैग के पास ही छोड़ दिया।,I left my bag near the backpack.,आञ आपान बैग बैग रआः तायोमतेगे छोड़ केदाञ।,aanya aapaana baiga baiga raaah taayomatege chhoda़ kedaanya.
मैंने अपना बैग छतरी के पास छोड़ दिया।,I left my bag near the umbrella.,आञ आञ आपान बैग छतरी तायोमते छोड़ केदाञ।,aanya aanya aapaana baiga chhatarii taayomate chhoda़ kedaanya.
मैंने अपना बैग हेलमेट के पास छोड़ दिया।,I left my bag near the helmet.,आञ आपान बैग हेलमेट तायोम केदाञ।,aanya aapaana baiga helameta taayoma kedaanya.
मैंने अपना बैग सीट के पास छोड़ दिया।,I left my bag near the seat.,आञ आपान बैग सीट रआः तायोम केदाञ।,aanya aapaana baiga siita raaah taayoma kedaanya.
मैंने अपना बैग गेट के पास छोड़ दिया।,I left my bag near the gate.,आञ आपान बैग गेट रआः तायोम केदाञ।,aanya aapaana baiga geta raaah taayoma kedaanya.
कृपया हमारे रवाना होने से पहले बस की जाँच करें।,Please check the bus before we leave.,आलेआ रवाना होबा ते सिदा बस रा: जाँच रिकाएआ।,aaleaa rawaanaa hobaa te sidaa basa raa: jaancha rikaaeaa.
कृपया हमारे रवाना होने से पहले ट्रेन की जांच कर लें।,Please check the train before we leave.,आलेआः रवाना ते सिदा ट्रेन राः जांच केदाएः।,aaleaah rawaanaa te sidaa trena raah jaancha kedaaeh.
कृपया हमारे जाने से पहले साइकिल की जाँच कर लें।,Please check the bicycle before we leave.,आलेआः तायोमते सिदा साइकिल राः जाँच केदाएः।,aaleaah taayomate sidaa saaikila raah jaancha kedaaeh.
कृपया हमारे जाने से पहले मोटरसाइकिल की जांच कर लें।,Please check the motorcycle before we leave.,आलेआः तायोमते सिदा मोटरसाइकिल राः जांच केदाएः।,aaleaah taayomate sidaa motarasaaikila raah jaancha kedaaeh.
कृपया हमारे जाने से पहले कार की जाँच करें।,Please check the car before we leave.,आले आले तायोमते सिदा कार रा: जाँच रिकाएआ।,aale aale taayomate sidaa kaara raa: jaancha rikaaeaa.
कृपया हमारे जाने से पहले ऑटो-रिक्शा की जांच कर लें।,Please check the auto-rickshaw before we leave.,आलेआः तायोमते सिदा ऑटो-रिक्शा राः जांच केदाएः।,aaleaah taayomate sidaa ऑto-rikshaa raah jaancha kedaaeh.
कृपया हमारे जाने से पहले नाव की जांच कर लें।,Please check the boat before we leave.,आले आले तायोमते सिदा नाव रा: जांच केदा।,aale aale taayomate sidaa naawa raa: jaancha kedaa.
कृपया हमारे जाने से पहले टिकट की जांच कर लें।,Please check your tickets before we leave.,आलेआः तायोमते सिदा टिकट राः जांच केदाएः।,aaleaah taayomate sidaa tikata raah jaancha kedaaeh.
कृपया हमारे जाने से पहले स्टेशन की जांच कर लें।,Please check the station before we leave.,आले आले तायोमते सिदा स्टेशन रा: जांच केदा।,aale aale taayomate sidaa steshana raa: jaancha kedaa.
कृपया हमारे जाने से पहले सड़क की जांच कर लें।,Please check the road before we leave.,आले आले तायोमते सिदा सड़क रा: जांच केदा।,aale aale taayomate sidaa sada़ka raa: jaancha kedaa.
कृपया हमारे जाने से पहले पुल की जाँच करें।,Please check the bridge before we leave.,आले आले ते सिदा पुलरा: जाँच रिकाएआ।,aale aale te sidaa pularaa: jaancha rikaaeaa.
कृपया हमारे जाने से पहले गाँव की जाँच कर लें।,Please check out the village before we leave.,आलेआः तायोमते सिदा गाँव राः जाँच केदाएः।,aaleaah taayomate sidaa gaanwa raah jaancha kedaaeh.
कृपया हमारे जाने से पहले शहर की जांच कर लें।,Please check the city before we leave.,आले आले तायोमते सिदा शहर रा: जांच केदा।,aale aale taayomate sidaa shahara raa: jaancha kedaa.
कृपया हमारे जाने से पहले बाज़ार की जाँच कर लें।,Please check out the market before we leave.,आलेआः तायोमते सिदा बाज़ार राः जाँच केदाएः।,aaleaah taayomate sidaa baaja़aara raah jaancha kedaaeh.
कृपया हमारे जाने से पहले स्कूल की जांच कर लें।,Please check the school before we leave.,आलेआः तायोमते सिदा स्कूल राः जांच केदाएः।,aaleaah taayomate sidaa skuula raah jaancha kedaaeh.
कृपया हमारे जाने से पहले अस्पताल की जाँच करें।,Please check the hospital before we leave.,अस्पताल ते सिदा अस्पताल रा: जाँच रिकाएआ।,aspataala te sidaa aspataala raa: jaancha rikaaeaa.
कृपया हमारे जाने से पहले होटल की जांच कर लें।,Please check with the hotel before we leave.,आलेआः तायोमते सिदा होटल राः जांच केदाएः।,aaleaah taayomate sidaa hotala raah jaancha kedaaeh.
कृपया हमारे जाने से पहले हवाई अड्डे की जांच कर लें।,Please check with the airport before we leave.,आलेआः तायोमते सिदा हवाई अड्डे राः जांच केदा।,aaleaah taayomate sidaa hawaaii adde raah jaancha kedaa.
कृपया हमारे जाने से पहले स्टॉप की जांच कर लें।,Please check the stops before we leave.,आले आले तायोमते सिदा स्टॉप रेआ जांच केदा।,aale aale taayomate sidaa staॉpa reaa jaancha kedaa.
कृपया हमारे जाने से पहले मानचित्र की जाँच करें।,Please check the map before we leave.,आलेआः तायोमते सिदा मानचित्र राः जाँच रिकाएआ।,aaleaah taayomate sidaa maanachitrara raah jaancha rikaaeaa.
कृपया हमारे जाने से पहले बैग की जांच कर लें।,Please check bags before we leave.,आलेआः तायोमते सिदा बैग राः जांच केदाएः।,aaleaah taayomate sidaa baiga raah jaancha kedaaeh.
कृपया हमारे जाने से पहले छाते की जांच कर लें।,Please check the umbrella before we leave.,आलेआः तायोमते सिदा छाता राः जांच केदा।,aaleaah taayomate sidaa chhaataa raah jaancha kedaa.
कृपया हमारे जाने से पहले हेलमेट की जाँच कर लें।,Please check your helmet before we leave.,आलेआः तायोमते सिदा हेलमेट राः जाँच केदाएः।,aaleaah taayomate sidaa helameta raah jaancha kedaaeh.
कृपया हमारे जाने से पहले सीट की जाँच कर लें।,Please check the seat before we leave.,आलेआः तायोमते सिदा सीट राः जाँच केदाएः।,aaleaah taayomate sidaa siita raah jaancha kedaaeh.
कृपया हमारे जाने से पहले गेट की जांच कर लें।,Please check the gate before we leave.,आले आले तायोमते सिदा गेट रा: जांच केदा।,aale aale taayomate sidaa geta raa: jaancha kedaa.
आज बस में बहुत भीड़ है.,The bus is very crowded today.,तिसिङ बस रे बेसे भीड़ मेना:।,tisinga basa re bese bhiida़ menaa:.
आज ट्रेन में बहुत भीड़ है.,The train is very crowded today.,तिसिङ ट्रेन रे बेसे भीड़ मेना:।,tisinga trena re bese bhiida़ menaa:.
आज साइकिल पर बहुत भीड़ है.,There is a lot of crowd on bicycles today.,तिसिङ साइकिल रे बेसे भीड़ मेना:।,tisinga saaikila re bese bhiida़ menaa:.
आज मोटरसाइकिल पर भीड़ है.,There is a crowd on motorcycles today.,तिसिङ मोटरसाइकिल रे भीड़ मेना:।,tisinga motarasaaikila re bhiida़ menaa:.
आज गाड़ी में बहुत भीड़ है.,The train is very crowded today.,तिसिङ गाड़ी रे बेसे भीड़ मेना:।,tisinga gaada़ii re bese bhiida़ menaa:.
आज ऑटो रिक्शा में बहुत भीड़ है.,There is a lot of crowd in auto rickshaws today.,तिसिङ ऑटो रिक्शा रे बेसे भीड़ मेना:।,tisinga ऑto rikshaa re bese bhiida़ menaa:.
आज नाव पर बहुत भीड़ है.,The boat is very crowded today.,तिसिङ नाव रे बेसे होड़ोको मेना:।,tisinga naawa re bese hoda़oko menaa:.
आज टिकट पर भीड़ है.,There is a rush for tickets today.,तिसिङ टिकट रे भीड़ मेना:।,tisinga tikata re bhiida़ menaa:.
आज स्टेशन पर बहुत भीड़ है.,There is a lot of crowd at the station today.,तिसिङ स्टेशन रे बेसे भीड़ मेना:।,tisinga steshana re bese bhiida़ menaa:.
आज सड़क पर बहुत भीड़ है.,There is a lot of crowd on the road today.,तिसिङ सड़क रे बेसे भीड़ मेना:।,tisinga sada़ka re bese bhiida़ menaa:.
आज पुल पर बहुत भीड़ है.,There is a lot of crowd on the bridge today.,तिसिंग तिसिङ पुल रे बेसे होड़ो मेनाः।,tisinga tisinga pula re bese hoda़o menaah.
आज गाँव में बहुत भीड़ है.,There is a lot of crowd in the village today.,तिसिंग गाँव रे बेसे भीड़ मेना:।,tisinga gaanwa re bese bhiida़ menaa:.
आज शहर में बहुत भीड़ है.,The city is very crowded today.,तिसिङ शहर रे बेसे होड़ो मेनाः।,tisinga shahara re bese hoda़o menaah.
आज बाजार में बहुत भीड़ है.,There is a lot of crowd in the market today.,तिसिङ बाजार रे बेसे भीड़ मेना:।,tisinga baajaara re bese bhiida़ menaa:.
आज स्कूल में बहुत भीड़ है.,There is a lot of crowd in the school today.,तिसिङ स्कूल रे बेसे होड़ो मेनाः।,tisinga skuula re bese hoda़o menaah.
आज अस्पताल में बहुत भीड़ है.,There is a lot of crowd in the hospital today.,तिसिङ अस्पताल रे बेसे भीड़ मेना:।,tisinga aspataala re bese bhiida़ menaa:.
आज होटल में बहुत भीड़ है.,The hotel is very crowded today.,तिसिङ होटल रे बेसे भीड़ मेना:।,tisinga hotala re bese bhiida़ menaa:.
आज हवाईअड्डे पर बहुत भीड़ है.,The airport is very crowded today.,तिसिङ हवाईअड्डे रे बेसे भीड़ मेना:।,tisinga hawaaiiadde re bese bhiida़ menaa:.
आज स्टॉप पर बहुत भीड़ है.,There is a lot of crowd at the stop today.,तिसिंग स्टॉप रे बेसे भीड़ मेना:।,tisinga staॉpa re bese bhiida़ menaa:.
आज मानचित्र पर भीड़ है.,Today the map is crowded.,तिसिङ मानचित्र रे भीड़ मेना:।,tisinga maanachitrara re bhiida़ menaa:.
आज बैग में भीड़ है.,The bag is crowded today.,तिसिङ बैग रे भीड़ मेना:।,tisinga baiga re bhiida़ menaa:.
आज छतरी पर बहुत भीड़ है.,There is a lot of crowd at the umbrella today.,तिसिङ छतरी रे बेसे भीड़ मेना:।,tisinga chhatarii re bese bhiida़ menaa:.
आज हेलमेट पर भीड़ है.,There is a rush on helmets today.,तिसिङ हेलमेट रे भीड़ मेना:।,tisinga helameta re bhiida़ menaa:.
आज सीट पर भीड़ है.,The seat is crowded today.,तिसिङ सीट रे भीड़ मेना:।,tisinga siita re bhiida़ menaa:.
आज गेट पर बहुत भीड़ है.,There is a lot of crowd at the gate today.,तिसिङ गेट रे बेसे भीड़ मेना:।,tisinga geta re bese bhiida़ menaa:.
हम कल बस का उपयोग कर सकते हैं।,We can use the bus tomorrow.,आले कल बस राः उपयोग रिकाएआ।,aale kala basa raah upayoga rikaaeaa.
हम कल ट्रेन का उपयोग कर सकते हैं.,We can use the train tomorrow.,आले कल ट्रेन राः उपयोग रिकाएआ।,aale kala trena raah upayoga rikaaeaa.
हम कल साइकिल का उपयोग कर सकते हैं.,We can use the bicycle tomorrow.,आले कल साइकिल राः उपयोग रिकाएआ।,aale kala saaikila raah upayoga rikaaeaa.
हम कल मोटरसाइकिल का उपयोग कर सकते हैं।,We can use the motorcycle tomorrow.,आले कल मोटरसाइकिल राः उपयोग रिकाएआ।,aale kala motarasaaikila raah upayoga rikaaeaa.
हम कल कार का उपयोग कर सकते हैं।,We can use the car tomorrow.,आले कल काररा: उपयोग रिकाएआ।,aale kala kaararaa: upayoga rikaaeaa.
हम कल ऑटो-रिक्शा का उपयोग कर सकते हैं।,We can use auto-rickshaw tomorrow.,आले कल ऑटो-रिक्शा राः उपयोग रिकाएआ।,aale kala ऑto-rikshaa raah upayoga rikaaeaa.
हम कल नाव का उपयोग कर सकते हैं.,We can use the boat tomorrow.,आले कल नावरा: उपयोग रिकाएआ।,aale kala naawaraa: upayoga rikaaeaa.
हम कल टिकट का उपयोग कर सकते हैं.,We can use the ticket tomorrow.,आले कल टिकट राः उपयोग रिकाएआ।,aale kala tikata raah upayoga rikaaeaa.
हम कल स्टेशन का उपयोग कर सकते हैं।,We can use the station tomorrow.,आले कल स्टेशन राः उपयोग रिकाएआ।,aale kala steshana raah upayoga rikaaeaa.
हम कल सड़क का उपयोग कर सकते हैं।,We can use the road tomorrow.,आले कल सड़क राः उपयोग रिकाएआ।,aale kala sada़ka raah upayoga rikaaeaa.
हम कल पुल का उपयोग कर सकते हैं।,We can use the bridge tomorrow.,आले कल पुलरा: उपयोग रिकाएआ।,aale kala pularaa: upayoga rikaaeaa.
हम कल गाँव का उपयोग कर सकते हैं।,We can use the village tomorrow.,आले कल गाँव राः उपयोग रिकाएआ।,aale kala gaanwa raah upayoga rikaaeaa.
हम कल शहर का उपयोग कर सकते हैं.,We can use the city tomorrow.,आले कल शहर राः उपयोग रिकाएआ।,aale kala shahara raah upayoga rikaaeaa.
हम कल बाजार का उपयोग कर सकते हैं.,We can use the market tomorrow.,आले कल बाजार रेआ उपयोग रिकाएआ।,aale kala baajaara reaa upayoga rikaaeaa.
हम कल स्कूल का उपयोग कर सकते हैं।,We can use the school tomorrow.,आले कल स्कूल राः उपयोग रिकाएआ।,aale kala skuula raah upayoga rikaaeaa.
हम कल अस्पताल का उपयोग कर सकते हैं।,We can use the hospital tomorrow.,आले कल अस्पताल रेआ उपयोग रिकाएआ।,aale kala aspataala reaa upayoga rikaaeaa.
हम कल होटल का उपयोग कर सकते हैं।,We can use the hotel tomorrow.,आले कल होटल राः उपयोग रिकाएआ।,aale kala hotala raah upayoga rikaaeaa.
हम कल हवाई अड्डे का उपयोग कर सकते हैं।,We can use the airport tomorrow.,आले कल हवाई अड्डेरा: उपयोग रिकाएआ।,aale kala hawaaii adderaa: upayoga rikaaeaa.
हम कल स्टॉप का उपयोग कर सकते हैं।,We can use the stop tomorrow.,आले कल स्टॉप रेआ उपयोग रिकाएआ।,aale kala staॉpa reaa upayoga rikaaeaa.
हम कल मानचित्र का उपयोग कर सकते हैं.,We can use the map tomorrow.,आले कल मानचित्र राः उपयोग रिकाएआ।,aale kala maanachitrara raah upayoga rikaaeaa.
हम कल बैग का उपयोग कर सकते हैं.,We can use the bag tomorrow.,आले कल बैग रेआ उपयोग रिकाएआ।,aale kala baiga reaa upayoga rikaaeaa.
हम कल छाते का उपयोग कर सकते हैं।,We can use the umbrella tomorrow.,आले कल छातारा: उपयोग रिकाएआ।,aale kala chhaataaraa: upayoga rikaaeaa.
हम कल हेलमेट का उपयोग कर सकते हैं.,We can use helmets tomorrow.,आले कल हेलमेटरा: उपयोग रिकाएआ।,aale kala helametaraa: upayoga rikaaeaa.
हम कल सीट का उपयोग कर सकते हैं.,We can use the seat tomorrow.,आले कल सीट राः उपयोग रिकाएआ।,aale kala siita raah upayoga rikaaeaa.
हम कल गेट का उपयोग कर सकते हैं।,We can use the gate tomorrow.,आले कल गेटरा: उपयोग रिकाएआ।,aale kala getaraa: upayoga rikaaeaa.
बस को मत रोको.,Don't stop the bus.,बस सोबेन बस के मत रोकोआ।,basa sobena basa ke mata rokoaa.
ट्रेन को न रोकें.,Do not stop the train.,ओड़ोः ट्रेन को रोकाओःआ।,oda़oh trena ko rokaaohaa.
साइकिल को अवरुद्ध न करें.,Do not block the cycle.,सेंड़ा साइकिल के अवरुद्ध नवा,senda़aa saaikila ke awaruddha nawaa
मोटरसाइकिल को अवरुद्ध न करें.,Do not block the motorcycle.,मोटरसाइकिल के अवरुद्ध नवा,motarasaaikila ke awaruddha nawaa
कार को अवरुद्ध न करें.,Do not block the car.,ओड़ो: कार रा: अवरुद्ध नवा:,oda़o: kaara raa: awaruddha nawaa:
ऑटो-रिक्शा को न रोकें.,Do not stop the auto-rickshaw.,ऑटो-रिक्शा को का रोकाओआ।,ऑto-rikshaa ko kaa rokaaoaa.
नाव को मत रोको.,Don't rock the boat.,नाव रा: मत रोकोआ।,naawa raa: mata rokoaa.
टिकट ब्लॉक न करें.,Do not block tickets.,ओकोए टिकट ब्लॉक नवा,okoe tikata blaॉka nawaa
स्टेशन को ब्लॉक न करें.,Do not block the station.,एटा: स्टेशन रे ब्लॉक नवा,etaa: steshana re blaॉka nawaa
सड़क को अवरुद्ध न करें.,Do not block the road.,सड़क रा: अवरुद्ध नवा:,sada़ka raa: awaruddha nawaa:
पुल को अवरुद्ध न करें.,Do not block the bridge.,पुल के अवरुद्ध नवा,pula ke awaruddha nawaa
गांव को अवरुद्ध न करें.,Do not block the village.,ओड़ो: गांव के अवरुद्ध नवा,oda़o: gaanwa ke awaruddha nawaa
शहर को अवरुद्ध न करें.,Don't block the city.,ओड़ोः शहर राः अवरुद्ध नमोःआ।,oda़oh shahara raah awaruddha namohaa.
बाजार को अवरुद्ध न करें.,Do not block the market.,ओड़ो: बाजार रा: अवरुद्ध नवा,oda़o: baajaara raa: awaruddha nawaa
स्कूल को ब्लॉक न करें.,Don't block the school.,ओड़ोः स्कूल के ब्लॉक नमोःआ।,oda़oh skuula ke blaॉka namohaa.
अस्पताल को अवरुद्ध न करें.,Do not block the hospital.,अस्पताल के अवरुद्ध नवा,aspataala ke awaruddha nawaa
होटल को ब्लॉक न करें.,Don't block the hotel.,होटल रे ब्लॉक नवा,hotala re blaॉka nawaa
हवाईअड्डे को अवरुद्ध न करें.,Don't block the airport.,हवाईअड्डे के अवरुद्ध नवा,hawaaiiadde ke awaruddha nawaa
स्टॉप को ब्लॉक न करें.,Do not block the stop.,स्टॉप के ब्लॉक नवा,staॉpa ke blaॉka nawaa
मानचित्र को अवरुद्ध न करें.,Do not block the map.,ओड़ो: मानचित्र के अवरुद्ध नवा,oda़o: maanachitrara ke awaruddha nawaa
बैग को ब्लॉक न करें.,Do not block the bag.,ओड़ोः बैग के ब्लॉक नमोःआ।,oda़oh baiga ke blaॉka namohaa.
छाते को अवरुद्ध न करें.,Do not block the umbrella.,ओड़ो: छाता को अवरुद्ध नवा,oda़o: chhaataa ko awaruddha nawaa
हेलमेट को अवरुद्ध न करें.,Do not block the helmet.,ओड़ो: हेलमेट के अवरुद्ध रिकाएआ।,oda़o: helameta ke awaruddha rikaaeaa.
सीट को अवरुद्ध न करें.,Do not block the seat.,एटा: सीट के अवरुद्ध नवा,etaa: siita ke awaruddha nawaa
गेट बंद मत करो.,Don't close the gate.,ओड़ोः गेट बंद मताओःआ।,oda़oh geta banda mataaohaa.
क्या आप बस ढूंढ सकते हैं?,Can you find the bus?,आम बस ढूंढ दड़िओआ?,aama basa dhuundha dada़ioaa?
क्या आप ट्रेन ढूंढ सकते हैं?,Can you find the train?,आम ट्रेन ढूंढ तनाए?,aama trena dhuundha tanaae?
क्या तुम्हें साइकिल मिल सकती है?,Can you get a bicycle?,चिमतुङ आञ साइकिल नामोःआ?,chimatunga aanya saaikila naamohaa?
क्या आप मोटरसाइकिल ढूंढ सकते हैं?,Can you find the motorcycle?,आम मोटरसाइकिल ढूंढ तना?,aama motarasaaikila dhuundha tanaa?
क्या आप कार ढूंढ सकते हैं?,Can you find the car?,आम कार ढूंढ तनाए?,aama kaara dhuundha tanaae?
क्या आपको ऑटो-रिक्शा मिल सकता है?,Can you get an auto-rickshaw?,आमा: ऑटो-रिक्शा नामो:आ?,aamaa: ऑto-rikshaa naamo:aa?
क्या आप नाव ढूंढ सकते हैं?,Can you find the boat?,आम नाव ढूंढ तनाए?,aama naawa dhuundha tanaae?
क्या आपको टिकट मिल सकता है?,Can you get a ticket?,आमा: टिकट नामो:आ?,aamaa: tikata naamo:aa?
क्या आप स्टेशन ढूंढ सकते हैं?,Can you find the station?,आम स्टेशन ढूंढ तनाए?,aama steshana dhuundha tanaae?
क्या आप सड़क ढूंढ सकते हैं?,Can you find the road?,आम सड़क ढूंढ तनाए?,aama sada़ka dhuundha tanaae?
क्या आप पुल ढूंढ सकते हैं?,Can you find the bridge?,आम पुल ढूंढ दड़िओआ?,aama pula dhuundha dada़ioaa?
क्या आप गाँव ढूंढ सकते हैं?,Can you find the village?,आम गाँव ढूंढ तना?,aama gaanwa dhuundha tanaa?
क्या आप शहर ढूंढ सकते हैं?,Can you find the city?,आम शहर ढूंढ तनाए?,aama shahara dhuundha tanaae?
क्या आप बाज़ार ढूंढ सकते हैं?,Can you find the market?,आम बाज़ार ढूंढ तनाए?,aama baaja़aara dhuundha tanaae?
क्या आप स्कूल ढूंढ सकते हैं?,Can you find the school?,आम स्कूल ढूंढ तनाए?,aama skuula dhuundha tanaae?
क्या आप अस्पताल ढूंढ सकते हैं?,Can you find the hospital?,आम अस्पताल ढूंढ तना?,aama aspataala dhuundha tanaa?
क्या आप होटल ढूंढ सकते हैं?,Can you find the hotel?,आम होटल ढूंढ तनाए?,aama hotala dhuundha tanaae?
क्या आप हवाई अड्डा ढूंढ सकते हैं?,Can you find the airport?,आम हवाई अड्डा ढूंढ तना?,aama hawaaii addaa dhuundha tanaa?
क्या आप स्टॉप ढूंढ सकते हैं?,Can you find the stop?,आम स्टॉप ढूंढ तनाए?,aama staॉpa dhuundha tanaae?
क्या आप नक्शा ढूंढ सकते हैं?,Can you find the map?,आम नक्शा ढूंढ तनाए?,aama nakshaa dhuundha tanaae?
क्या आप बैग ढूंढ सकते हैं?,Can you find the bag?,आम बैग ढूंढ दड़िआ?,aama baiga dhuundha dada़iaa?
क्या तुम्हें छाता मिल सकता है?,Can you get an umbrella?,चिमतुङ आञ छाता नमोःआञ?,chimatunga aanya chhaataa namohaanya?
क्या आप हेलमेट ढूंढ सकते हैं?,Can you find the helmet?,आम हेलमेट ढूंढ तना?,aama helameta dhuundha tanaa?
क्या आपको सीट मिल सकती है?,Can you get a seat?,आमा: सीट मिलाव तना:?,aamaa: siita milaawa tanaa:?
क्या आप गेट ढूंढ सकते हैं?,Can you find the gate?,आम गेट ढूंढ तनाए?,aama geta dhuundha tanaae?
कृपया दवा की जांच करें.,Please check the medicine.,ओड़ो: कृपया दवा रा: जांच रिकाएआ।,oda़o: kripayaa dawaa raa: jaancha rikaaeaa.
कृपया डॉक्टर से जांच कराएं.,Please get it checked by a doctor.,ओड़ो: कृपया डॉक्टर ते जांच केदाए।,oda़o: kripayaa daॉktara te jaancha kedaae.
कृपया नर्स की जाँच करें।,Please check the nurse.,ओड़ो: कृपया नर्स रा: जाँच रिकाएआ।,oda़o: kripayaa narsa raa: jaancha rikaaeaa.
कृपया अस्पताल की जाँच करें।,Please check the hospital.,अस्पताल राः जाँच रिकाएआ।,aspataala raah jaancha rikaaeaa.
कृपया क्लिनिक की जांच करें.,Please check the clinic.,ओड़ो: कृपया क्लिनिक रा: जांच रिकाएआ।,oda़o: kripayaa klinika raa: jaancha rikaaeaa.
कृपया पट्टी की जांच करें.,Please check the strip.,ओड़ो: कृपया पट्टी रा: जांच रिकाएआ।,oda़o: kripayaa pattii raa: jaancha rikaaeaa.
कृपया थर्मामीटर की जांच करें.,Please check the thermometer.,ओड़ोः कृपया थर्मामीटर राः जांच केदाएः।,oda़oh kripayaa tharmaamiitara raah jaancha kedaaeh.
कृपया पानी की जांच करें.,Please check the water.,मेनदो कृपया पानीरा: जांच रिकाएआ।,menado kripayaa paaniiraa: jaancha rikaaeaa.
कृपया बाकी की जांच करें.,Please check the rest.,ओड़ोः मेनदो बाकी राः जांच रिकाएः।,oda़oh menado baakii raah jaancha rikaaeh.
कृपया भोजन की जांच करें.,Please check the food.,ओड़ो: कृपया भोजन रा: जांच रिकाएआ।,oda़o: kripayaa bhojana raa: jaancha rikaaeaa.
कृपया अभ्यास की जाँच करें.,Please check the exercise.,ओड़ो: कृपया अभ्यास रा: जाँच रिकाएआ।,oda़o: kripayaa abhyaasa raa: jaancha rikaaeaa.
कृपया टूथब्रश की जांच करें.,Please check the toothbrush.,मेनदो टूथब्रश राः जांच केदाएः।,menado tuuthabrasha raah jaancha kedaaeh.
कृपया साबुन की जांच करें.,Please check the soap.,ओड़ोः कृपया साबुन राः जांच रिकाएः।,oda़oh kripayaa saabuna raah jaancha rikaaeh.
कृपया मास्क की जांच करें.,Please check the mask.,ओड़ोः मास्क राः जांच केदाएः।,oda़oh maaska raah jaancha kedaaeh.
कृपया कंबल की जांच करें.,Please check the blanket.,ओड़ो: कृपया कंबल रा: जांच रिकाएआ।,oda़o: kripayaa kanbala raa: jaancha rikaaeaa.
कृपया बिस्तर की जांच करें.,Please check the bed.,ओड़ो: कृपया बिस्तररा: जांच रिकाएआ।,oda़o: kripayaa bistararaa: jaancha rikaaeaa.
कृपया सिर की जाँच करें.,Please check the head.,ओड़ो: कृपया सिररा: जाँच रिकाएआ।,oda़o: kripayaa siraraa: jaancha rikaaeaa.
कृपया हाथ की जाँच करें.,Please check the hand.,ओड़ो: कृपया हाथरा: जाँच रिकाएआ।,oda़o: kripayaa haatharaa: jaancha rikaaeaa.
कृपया पैर की जांच करें.,Please check the foot.,ओड़ो: कृपया पैर रा: जांच रिकाएआ।,oda़o: kripayaa paira raa: jaancha rikaaeaa.
कृपया आंख की जांच करें.,Please have an eye exam.,ओड़ोः मेनते आखरा: जांच रिकाएआ।,oda़oh menate aakharaa: jaancha rikaaeaa.
कृपया कान की जांच करें.,Please check your ears.,ओड़ो: कृपया कान रा: जांच रिकाएआ।,oda़o: kripayaa kaana raa: jaancha rikaaeaa.
कृपया पेट की जांच करें.,Please check your stomach.,ओड़ो: कृपया पेटरा: जांच रिकाएआ।,oda़o: kripayaa petaraa: jaancha rikaaeaa.
कृपया बुखार की जांच करें.,Please check for fever.,ओड़ोः कृपया बुखार रआः जांच केदाएः।,oda़oh kripayaa bukhaara raaah jaancha kedaaeh.
कृपया खांसी की जांच करें.,Please check for cough.,मेनदो कृपया खांसी राः जांच रिकाएआ।,menado kripayaa khaansii raah jaancha rikaaeaa.
कृपया दर्द की जाँच करें.,Please check for pain.,ओड़ो: कृपया दर्द रा: जाँच रिकाएआ।,oda़o: kripayaa darda raa: jaancha rikaaeaa.
मुझे दवा चाहिए.,I need medicine.,आञ आञ दवा लागातिङा।,aanya aanya dawaa laagaatingaa.
मुझे डॉक्टर की जरूरत है.,I need a doctor.,आञ आञ डॉक्टर राः जरूड़ी मेना:।,aanya aanya daॉktara raah jaruuda़ii menaa:.
मुझे नर्स की जरूरत है.,I need a nurse.,आञ आञ नर्स राः जरूड़ी मेना:।,aanya aanya narsa raah jaruuda़ii menaa:.
मुझे अस्पताल की जरूरत है.,I need the hospital.,आञ अस्पताल राः जरूड़ी मेना:।,aanya aspataala raah jaruuda़ii menaa:.
मुझे क्लिनिक की जरूरत है.,I need a clinic.,आञ क्लिनिक राः जरूड़ी मेना:।,aanya klinika raah jaruuda़ii menaa:.
मुझे पट्टी की जरूरत है.,I need a bandage.,आञ पट्टी राः जरूड़ी मेना:।,aanya pattii raah jaruuda़ii menaa:.
मुझे थर्मामीटर चाहिए.,I need a thermometer.,आञ आञ थर्मामीटर लागातिङा।,aanya aanya tharmaamiitara laagaatingaa.
मुझे पानी चाहिए.,I need water.,अइंग अइंगअः अइंगअः पानी लागातिङा।,ainga aingaah aingaah paanii laagaatingaa.
मुझे बाकी की जरूरत है.,I need the rest.,आञ आञ बाकी राः जरूड़ी मेना:।,aanya aanya baakii raah jaruuda़ii menaa:.
मुझे खाना चाहिए.,I should eat.,अइंग अइंगअः अइंगअः बुगिन मेनअः।,ainga aingaah aingaah bugina menaah.
मुझे व्यायाम की जरूरत है.,I need exercise.,आञ आञ व्यायाम राः जरूड़ी मेना:।,aanya aanya wyaayaama raah jaruuda़ii menaa:.
मुझे टूथब्रश चाहिए.,I need a toothbrush.,आञ आञ टूथब्रश लागातिङा।,aanya aanya tuuthabrasha laagaatingaa.
मुझे साबुन चाहिए.,I need soap.,आञ आञ साबुन लागातिङा।,aanya aanya saabuna laagaatingaa.
मुझे मास्क चाहिए.,I need a mask.,आञ आञ मास्क लागातिङाञ।,aanya aanya maaska laagaatingaanya.
मुझे कंबल चाहिए.,I need a blanket.,आञ आञ कंबल लागातिङा।,aanya aanya kanbala laagaatingaa.
मुझे बिस्तर चाहिए.,I need a bed.,आञ आञ बिस्तर लागातिङा।,aanya aanya bistara laagaatingaa.
मुझे सिर चाहिए.,I need a head.,अइंग अइंगअः अइंगअः सिरमा लागातिङा।,ainga aingaah aingaah siramaa laagaatingaa.
मुझे हाथ चाहिए.,I need a hand.,आञ आञके हाथ लागातिङाञ।,aanya aanyake haatha laagaatingaanya.
मुझे पैर चाहिए.,I need legs.,आञ आञे पैर लागातिङा।,aanya aanye paira laagaatingaa.
मुझे आंख चाहिए.,I need eyes.,आञ आञ आञ आञ आञ आञ आञ आञ आञ आञ आञ आञ आञ आञ आञ आञ आञ आञ आञ आञ आञ आञ आञ आञ आञ आञ आञ आञ आञ आञ आञ आञ आञ आञ आञ आञ आञ आञ आञ आञ आञ आञ आञ आञ आञ आञ आञ आञ आञ आञ आञ आञ आञ आञ आञ आञ आञ आञ आञ आञ आञ आञ आञ आ,aanya aanya aanya aanya aanya aanya aanya aanya aanya aanya aanya aanya aanya aanya aanya aanya aanya aanya aanya aanya aanya aanya aanya aanya aanya aanya aanya aanya aanya aanya aanya aanya aanya aanya aanya aanya aanya aanya aanya aanya aanya aanya aanya aanya aanya aanya aanya aanya aanya aanya aanya aanya aanya aanya aanya aanya aanya aanya aanya aanya aanya aanya aanya aa
मुझे कान चाहिए.,I need ears.,अइंगअः अइंगअः अइंगअः कान मेनअः।,aingaah aingaah aingaah kaana menaah.
मुझे पेट चाहिए.,I need a stomach.,अइंग अइंग अइंग अइंग अइंग पेट लागातिङा।,ainga ainga ainga ainga ainga peta laagaatingaa.
मुझे बुखार चाहिए.,I need a fever.,आञ आञ बुखार लागातिङा।,aanya aanya bukhaara laagaatingaa.
मुझे खांसी की जरूरत है.,I need to cough.,आञा: खांसी रा: जरूड़ी मेना:।,aanyaa: khaansii raa: jaruuda़ii menaa:.
मुझे दर्द चाहिए.,I want pain.,आञ आञके दर्द चाहीञ।,aanya aanyake darda chaahiinya.
दवा साफ़ है.,The medicine is clear.,मेनदो दवा साफ़ मेना:।,menado dawaa saapha़ menaa:.
डॉक्टर साफ़ है.,The doctor is clear.,डॉक्टर साफ़ मेना:।,daॉktara saapha़ menaa:.
नर्स साफ़ है.,The nurse is clean.,नर्स साफ़ मेना:।,narsa saapha़ menaa:.
अस्पताल साफ-सुथरा है.,The hospital is clean.,अस्पताल साफ-सुथरा मेना:।,aspataala saapha-sutharaa menaa:.
क्लिनिक साफ-सुथरा है.,The clinic is clean.,मेनदो क्लिनिक साफ-सुथरा मेना:।,menado klinika saapha-sutharaa menaa:.
पट्टी साफ़ है.,The strip is clean.,मेनदो पट्टी साफ़ मेना:।,menado pattii saapha़ menaa:.
थर्मामीटर साफ है.,The thermometer is clean.,मेनदो थर्मामीटर साफ मेना:।,menado tharmaamiitara saapha menaa:.
पानी साफ है.,The water is clean.,मेनदो पानी साफ मेना:।,menado paanii saapha menaa:.
बाकी सब साफ़ है.,Everything else is clear.,मेनदो बाकी सोबेन सोबेन साफ़ मेना:।,menado baakii sobena sobena saapha़ menaa:.
खाना साफ सुथरा है.,The food is clean.,मेनदो खाना साफ सुथरा मेना:।,menado khaanaa saapha sutharaa menaa:.
व्यायाम शुद्ध है.,Exercise is pure.,मेनदो व्यायाम शुद्ध मेना:।,menado wyaayaama shuddha menaa:.
टूथब्रश साफ़ है.,The toothbrush is clean.,टूथब्रश साफ़ मेना:।,tuuthabrasha saapha़ menaa:.
साबुन साफ ​​है.,The soap is clean.,मेनदो साबुन साफ मेना:।,menado saabuna saapha menaa:.
मुखौटा साफ है.,The mask is clean.,मेनदो मुखौटा साफ मेना:।,menado mukhautaa saapha menaa:.
कम्बल साफ़ है.,The blanket is clean.,मेनदो कम्बल साफ़ मेना:।,menado kambala saapha़ menaa:.
बिस्तर साफ़ है.,The bed is clean.,मेनदो बिस्तर साफ़ मेना:।,menado bistara saapha़ menaa:.
सिर साफ़ है.,The head is clear.,मेनदो सिर साफ़ मेना:।,menado sira saapha़ menaa:.
हाथ साफ़ है.,The hands are clean.,मेनदो हाथ साफ़ मेना:।,menado haatha saapha़ menaa:.
पैर साफ है.,The feet are clean.,मेनदो पैर साफ मेना:।,menado paira saapha menaa:.
आंख साफ है.,The eye is clear.,मेनदो आञ आञ साफ मेना:।,menado aanya aanya saapha menaa:.
कान साफ़ है.,The ear is clean.,ओड़ो: कान साफ़ मेना:।,oda़o: kaana saapha़ menaa:.
पेट साफ रहता है.,The stomach remains clean.,ओड़ो: पेट साफ ताइना।,oda़o: peta saapha taainaa.
बुखार साफ़ है.,The fever is clear.,मेनदो बुखार साफ़ मेना:।,menado bukhaara saapha़ menaa:.
खांसी साफ है.,The cough is clear.,मेनदो खांसी साफ मेना:।,menado khaansii saapha menaa:.
दर्द साफ है.,The pain is clear.,मेनदो दर्द साफ मेना:।,menado darda saapha menaa:.
दवा उपलब्ध नहीं है.,The medicine is not available.,मेनदो दवा उपलब्ध का ताइकेना।,menado dawaa upalabdha kaa taaikenaa.
डॉक्टर उपलब्ध नहीं है.,The doctor is not available.,डॉक्टर उपलब्ध का ताइकेना।,daॉktara upalabdha kaa taaikenaa.
नर्स उपलब्ध नहीं है.,The nurse is not available.,नर्स उपलब्ध का ताइकेना।,narsa upalabdha kaa taaikenaa.
अस्पताल उपलब्ध नहीं है.,The hospital is not available.,मेनदो अस्पताल उपलब्ध का मेनाः।,menado aspataala upalabdha kaa menaah.
क्लिनिक उपलब्ध नहीं है.,The clinic is not available.,मेनदो क्लिनिक उपलब्ध का ताइकेना।,menado klinika upalabdha kaa taaikenaa.
पट्टी उपलब्ध नहीं है.,The bandage is not available.,मेनदो पट्टी उपलब्ध का मेनाः।,menado pattii upalabdha kaa menaah.
थर्मामीटर उपलब्ध नहीं है.,Thermometer not available.,मेनदो थर्मामीटर उपलब्ध का ताइकेना।,menado tharmaamiitara upalabdha kaa taaikenaa.
पानी उपलब्ध नहीं है.,Water is not available.,मेनदो पानी उपलब्ध का ताइकेना।,menado paanii upalabdha kaa taaikenaa.
बाकी उपलब्ध नहीं है.,The rest is not available.,मेनदो बाकी उपलब्ध का ताइकेना।,menado baakii upalabdha kaa taaikenaa.
खाना नहीं मिल रहा है.,Food is not available.,मेनदो खाना का होबाओःआ।,menado khaanaa kaa hobaaohaa.
व्यायाम उपलब्ध नहीं है.,Exercise is not available.,मेनदो व्यायाम उपलब्ध का मेनाः।,menado wyaayaama upalabdha kaa menaah.
टूथब्रश उपलब्ध नहीं है.,Toothbrush not available.,टूथब्रश उपलब्ध का मेनाः।,tuuthabrasha upalabdha kaa menaah.
साबुन उपलब्ध नहीं है.,Soap is not available.,मेनदो साबुन उपलब्ध का ताइकेना।,menado saabuna upalabdha kaa taaikenaa.
मास्क उपलब्ध नहीं है.,Masks are not available.,मेनदो मास्क उपलब्ध का मेनाः।,menado maaska upalabdha kaa menaah.
कंबल उपलब्ध नहीं है.,Blankets are not available.,मेनदो कंबल उपलब्ध का ताइकेना।,menado kanbala upalabdha kaa taaikenaa.
बिस्तर उपलब्ध नहीं है.,Beds are not available.,मेनदो बिस्तर उपलब्ध का ताइकेना।,menado bistara upalabdha kaa taaikenaa.
सिर उपलब्ध नहीं है.,Head not available.,मेनदो सिर उपलब्ध का ताइकेना।,menado sira upalabdha kaa taaikenaa.
हाथ उपलब्ध नहीं है.,Hands not available.,मेनदो हाथ उपलब्ध का मेनाः।,menado haatha upalabdha kaa menaah.
पैर उपलब्ध नहीं है.,Legs not available.,मेनदो पैर उपलब्ध का ताइकेना।,menado paira upalabdha kaa taaikenaa.
आंख उपलब्ध नहीं है.,Eye not available.,मेनदो आख उपलब्ध का ताइकेना।,menado aakha upalabdha kaa taaikenaa.
कान उपलब्ध नहीं है.,Ear is not available.,मेनदो कान उपलब्ध का ताइकेना।,menado kaana upalabdha kaa taaikenaa.
पेट नहीं मिलता.,I can't find my stomach.,ओड़ो: पेट का नामोःआ।,oda़o: peta kaa naamohaa.
बुखार नहीं मिलता.,I don't get fever.,ओड़ो: बुखार का नामो:आ।,oda़o: bukhaara kaa naamo:aa.
खांसी नहीं मिलती.,I don't get cough.,मेनदो खांसी का होबाओआ।,menado khaansii kaa hobaaoaa.
दर्द उपलब्ध नहीं है.,Pain is not available.,मेनदो दर्द उपलब्ध का ताइकेना।,menado darda upalabdha kaa taaikenaa.
कृपया दवा पास में रखें।,Please keep the medicine nearby.,ओड़ो: कृपया दवा पास रे ताइकेना।,oda़o: kripayaa dawaa paasa re taaikenaa.
कृपया डॉक्टर को पास में रखें।,Please keep a doctor nearby.,मेनदो कृपया डॉक्टर के पास रे ताइकेना।,menado kripayaa daॉktara ke paasa re taaikenaa.
कृपया नर्स को पास में रखें।,Please keep the nurse nearby.,ओड़ो: कृपया नर्स के पास रे ताइकेना।,oda़o: kripayaa narsa ke paasa re taaikenaa.
कृपया अस्पताल को पास में रखें।,Please keep the hospital nearby.,अस्पताल के पास रे ताइकेना।,aspataala ke paasa re taaikenaa.
कृपया क्लिनिक पास में रखें।,Please keep the clinic nearby.,ओड़ो: कृपया क्लिनिक पास रे ताइकेना।,oda़o: kripayaa klinika paasa re taaikenaa.
कृपया पट्टी पास में रखें।,Please keep the bandage nearby.,ओड़ो: कृपया पट्टी तायोम रे ताइकेना।,oda़o: kripayaa pattii taayoma re taaikenaa.
कृपया थर्मामीटर पास में रखें।,Please keep a thermometer nearby.,ओड़ो: कृपया थर्मामीटर तायोम रे ताइकेना।,oda़o: kripayaa tharmaamiitara taayoma re taaikenaa.
कृपया पानी पास में रखें.,Please keep water nearby.,ओड़ो: कृपया पानी तायोम रे ताइकेना।,oda़o: kripayaa paanii taayoma re taaikenaa.
कृपया बाकी को पास में रखें.,Please keep the rest nearby.,ओड़ोः मेनदो बाकी के तायोम रे ताइकेना।,oda़oh menado baakii ke taayoma re taaikenaa.
कृपया खाना पास में रखें।,Please keep food nearby.,ओड़ो: कृपया खाना पास रे ताइकेना।,oda़o: kripayaa khaanaa paasa re taaikenaa.
कृपया व्यायाम को पास में रखें।,Please keep the exercise nearby.,ओड़ो: कृपया व्यायाम के पास रे ताइकेना।,oda़o: kripayaa wyaayaama ke paasa re taaikenaa.
कृपया टूथब्रश पास में रखें।,Please keep a toothbrush nearby.,ओड़ो: कृपया टूथब्रश तायोम रे ताइकेना।,oda़o: kripayaa tuuthabrasha taayoma re taaikenaa.
कृपया साबुन पास में रखें।,Please keep soap nearby.,ओड़ो: कृपया साबुन पास रे ताइकेना।,oda़o: kripayaa saabuna paasa re taaikenaa.
कृपया मास्क पास में रखें।,Please keep a mask nearby.,नुतुम मास्क तायोम रे ताइकेना।,nutuma maaska taayoma re taaikenaa.
कृपया कम्बल पास में रखें।,Please keep a blanket nearby.,ओड़ो: कृपया कम्बल तायोम रे ताइकेना।,oda़o: kripayaa kambala taayoma re taaikenaa.
कृपया बिस्तर पास में रखें.,Please keep the bed nearby.,ओड़ो: कृपया बिस्तर पास रे ताइकेना।,oda़o: kripayaa bistara paasa re taaikenaa.
कृपया सिर पास में रखें.,Please keep your head close.,ओड़ो: कृपया सिर तायोम रे ताइकेना।,oda़o: kripayaa sira taayoma re taaikenaa.
कृपया हाथ पास में रखें.,Please keep your hands close.,ओड़ो: कृपया हाथ तायोम रे ताइकेना।,oda़o: kripayaa haatha taayoma re taaikenaa.
कृपया पैर पास में रखें.,Please keep your feet close.,ओड़ो: कृपया पैर पास रे ताइकेना।,oda़o: kripayaa paira paasa re taaikenaa.
कृपया नजर पास रखें.,Please keep a close eye.,ओड़ो: कृपया नजर तायोम तादाए।,oda़o: kripayaa najara taayoma taadaae.
कृपया कान पास में रखें.,Please keep your ears close.,ओड़ो: कृपया कान पास रे ताइकेना।,oda़o: kripayaa kaana paasa re taaikenaa.
कृपया पेट पास में रखें.,Please keep your stomach close.,ओड़ो: कृपया पेट पास रे ताइकेना।,oda़o: kripayaa peta paasa re taaikenaa.
कृपया बुखार को पास में रखें।,Please keep the fever nearby.,ओड़ो: कृपया बुखार के तायोम रे ताइकेना।,oda़o: kripayaa bukhaara ke taayoma re taaikenaa.
कृपया खांसी पास में रखें.,Please keep the cough nearby.,ओड़ो: कृपया खांसी पास रे ताइकेना।,oda़o: kripayaa khaansii paasa re taaikenaa.
कृपया दर्द को पास रखें।,Please keep the pain close.,ओड़ो: कृपया दर्द को पास केदाए।,oda़o: kripayaa darda ko paasa kedaae.
हमें दवा का प्रयोग सावधानी से करना चाहिए।,We should use the medicine with caution.,आले दवा रा: प्रयोग सावधानी ते लागातिङा।,aale dawaa raa: prayoga saawadhaanii te laagaatingaa.
हमें डॉक्टर का प्रयोग सावधानी से करना चाहिए।,We should use the word doctor with caution.,आले डॉक्टर रआः प्रयोग सावधानी ते लागातिङा।,aale daॉktara raaah prayoga saawadhaanii te laagaatingaa.
हमें नर्स का उपयोग सावधानी से करना चाहिए।,We should use nurse with caution.,आले नर्स राः उपयोग सावधानी ते रिकाएआ।,aale narsa raah upayoga saawadhaanii te rikaaeaa.
हमें अस्पताल का उपयोग सावधानी से करना चाहिए।,We should use the hospital with caution.,आले अस्पताल रेआ उपयोग सावधानी ते रिकाएआ।,aale aspataala reaa upayoga saawadhaanii te rikaaeaa.
हमें क्लिनिक का उपयोग सावधानी से करना चाहिए।,We should use the clinic with caution.,आले क्लिनिक राः उपयोग सावधानी ते लागातिङा।,aale klinika raah upayoga saawadhaanii te laagaatingaa.
हमें पट्टी का उपयोग सावधानी से करना चाहिए।,We should use the bandage carefully.,आले पट्टीरा: उपयोग सावधानी ते रिकाएआ।,aale pattiiraa: upayoga saawadhaanii te rikaaeaa.
हमें थर्मामीटर का उपयोग सावधानी से करना चाहिए।,We should use thermometer carefully.,आले थर्मामीटर रआः उपयोग सावधानी ते लागातिङा।,aale tharmaamiitara raaah upayoga saawadhaanii te laagaatingaa.
हमें पानी का उपयोग सावधानी से करना चाहिए।,We should use water carefully.,आले पानीरा: उपयोग सावधानी ते लागातिङा।,aale paaniiraa: upayoga saawadhaanii te laagaatingaa.
हमें बाकी का उपयोग सावधानी से करना चाहिए।,We must use the rest with caution.,आले बाकी राः उपयोग सावधानी ते रिकाएआ।,aale baakii raah upayoga saawadhaanii te rikaaeaa.
हमें भोजन का प्रयोग सावधानी से करना चाहिए।,We should use food carefully.,आले भोजनरा: प्रयोग सावधानी ते लागातिङा।,aale bhojanaraa: prayoga saawadhaanii te laagaatingaa.
हमें व्यायाम का प्रयोग सावधानीपूर्वक करना चाहिए।,We should use exercise carefully.,आले व्यायाम रा: प्रयोग सावधानीपूर्वक रिकाएआ।,aale wyaayaama raa: prayoga saawadhaaniipuurwaka rikaaeaa.
हमें टूथब्रश का इस्तेमाल सावधानी से करना चाहिए।,We should use toothbrush carefully.,आले टूथब्रश रा: इस्तेमाल सावधानी ते रिकाएआ।,aale tuuthabrasha raa: istemaala saawadhaanii te rikaaeaa.
हमें साबुन का प्रयोग सावधानी से करना चाहिए।,We should use soap carefully.,आले साबुन रा: प्रयोग सावधानी ते रिकाएआ।,aale saabuna raa: prayoga saawadhaanii te rikaaeaa.
हमें मास्क का प्रयोग सावधानी से करना चाहिए।,We should use masks carefully.,आले मास्क रा: प्रयोग सावधानी ते रिकाएआ।,aale maaska raa: prayoga saawadhaanii te rikaaeaa.
हमें कम्बल का उपयोग सावधानी से करना चाहिए।,We should use blankets carefully.,आले कम्बल राः उपयोग सावधानी ते रिकाएआ।,aale kambala raah upayoga saawadhaanii te rikaaeaa.
हमें बिस्तर का उपयोग सावधानी से करना चाहिए।,We should use the bed carefully.,आले बिस्तररा: उपयोग सावधानी ते लागातिङा।,aale bistararaa: upayoga saawadhaanii te laagaatingaa.
हमें सिर का प्रयोग सावधानी से करना चाहिए।,We should use our head with caution.,आले सिररा: प्रयोग सावधानी ते लागातिङा।,aale siraraa: prayoga saawadhaanii te laagaatingaa.
हमें हाथ का प्रयोग सावधानी से करना चाहिए।,We should use our hands carefully.,आले हाथरा: प्रयोग सावधानी ते लागातिङा।,aale haatharaa: prayoga saawadhaanii te laagaatingaa.
हमें पैर का प्रयोग सावधानी से करना चाहिए।,We should use our feet carefully.,आले पैर रा: प्रयोग सावधानी ते लागातिङा।,aale paira raa: prayoga saawadhaanii te laagaatingaa.
हमें आंख का प्रयोग सावधानी से करना चाहिए।,We should use our eyes carefully.,आञ आखरा: प्रयोग सावधानी ते लागातिङा।,aanya aakharaa: prayoga saawadhaanii te laagaatingaa.
हमें कान का प्रयोग सावधानी से करना चाहिए।,We should use our ears carefully.,आले कान रआः प्रयोग सावधानी ते लागातिङा।,aale kaana raaah prayoga saawadhaanii te laagaatingaa.
हमें पेट का प्रयोग सावधानी से करना चाहिए।,We should use our stomach carefully.,आले पेटरा: प्रयोग सावधानी ते लागातिङा।,aale petaraa: prayoga saawadhaanii te laagaatingaa.
हमें बुखार का प्रयोग सावधानी से करना चाहिए।,We should use fever with caution.,आले बुखार रआः प्रयोग सावधानी ते लागातिङा।,aale bukhaara raaah prayoga saawadhaanii te laagaatingaa.
हमें कफ का प्रयोग सावधानी से करना चाहिए।,We should use the cuff with caution.,आले कफ रा: प्रयोग सावधानी ते लागातिङा।,aale kapha raa: prayoga saawadhaanii te laagaatingaa.
हमें दर्द का उपयोग सावधानी से करना चाहिए।,We must use pain with caution.,आले दर्द रा: उपयोग सावधानी ते रिकाएआ।,aale darda raa: upayoga saawadhaanii te rikaaeaa.
डॉक्टर ने दवा की जांच की.,The doctor examined the medicine.,डॉक्टर दवा रा: जांच केदाए।,daॉktara dawaa raa: jaancha kedaae.
डॉक्टर ने डॉक्टर की जांच की.,The doctor examined the doctor.,डॉक्टर के डॉक्टर के जांच केदाएः।,daॉktara ke daॉktara ke jaancha kedaaeh.
डॉक्टर ने नर्स की जांच की.,The doctor examined the nurse.,डॉक्टर नर्स राः जांच केदाएः।,daॉktara narsa raah jaancha kedaaeh.
डॉक्टर ने अस्पताल की जांच की.,The doctor inspected the hospital.,डॉक्टर अस्पताल रेआ जांच केदाए।,daॉktara aspataala reaa jaancha kedaae.
डॉक्टर ने क्लिनिक की जांच की.,The doctor inspected the clinic.,डॉक्टर क्लिनिक राः जांच केदाएः।,daॉktara klinika raah jaancha kedaaeh.
डॉक्टर ने पट्टी की जांच की.,The doctor examined the bandage.,डॉक्टर पट्टी राः जांच केदाएः।,daॉktara pattii raah jaancha kedaaeh.
डॉक्टर ने थर्मामीटर से जांच की.,The doctor checked with a thermometer.,डॉक्टर थर्मामीटर ते जांच केदा।,daॉktara tharmaamiitara te jaancha kedaa.
डॉक्टर ने पानी की जांच की.,The doctor examined the water.,डॉक्टर के पानीरा: जांच केदा।,daॉktara ke paaniiraa: jaancha kedaa.
डॉक्टर ने बाकी लोगों की जांच की.,The doctor examined the rest of the people.,डॉक्टर बाकी होड़ोकोआः जांच केदाएः।,daॉktara baakii hoda़okoaah jaancha kedaaeh.
डॉक्टर ने भोजन की जांच की.,The doctor examined the food.,डॉक्टर भोजन राः जांच केदाएः।,daॉktara bhojana raah jaancha kedaaeh.
डॉक्टर ने व्यायाम की जांच की.,The doctor examined the exercise.,डॉक्टर व्यायाम राः जांच केदाएः।,daॉktara wyaayaama raah jaancha kedaaeh.
डॉक्टर ने टूथब्रश की जांच की.,The doctor examined the toothbrush.,डॉक्टर टूथब्रश राः जांच केदाएः।,daॉktara tuuthabrasha raah jaancha kedaaeh.
डॉक्टर ने साबुन की जांच की.,The doctor examined the soap.,डॉक्टर साबुन राः जांच केदाएः।,daॉktara saabuna raah jaancha kedaaeh.
डॉक्टर ने मास्क की जांच की.,The doctor examined the mask.,डॉक्टर मास्क राः जांच केदाएः।,daॉktara maaska raah jaancha kedaaeh.
डॉक्टर ने कंबल की जांच की.,The doctor examined the blanket.,डॉक्टर कंबल राः जांच केदाएः।,daॉktara kanbala raah jaancha kedaaeh.
डॉक्टर ने बिस्तर की जांच की.,The doctor examined the bed.,डॉक्टर बिस्तर रेआ जांच केदाएः।,daॉktara bistara reaa jaancha kedaaeh.
डॉक्टर ने सिर की जांच की.,The doctor examined the head.,डॉक्टर सिर राः जांच केदाएः।,daॉktara sira raah jaancha kedaaeh.
डॉक्टर ने हाथ की जांच की.,The doctor examined the hand.,डॉक्टर हाथरा: जांच केदाए।,daॉktara haatharaa: jaancha kedaae.
डॉक्टर ने पैर की जांच की.,The doctor examined the leg.,डॉक्टर पैर राः जांच केदाएः।,daॉktara paira raah jaancha kedaaeh.
डॉक्टर ने आंख की जांच की.,The doctor examined the eye.,डॉक्टर आखरा: जांच केदाए।,daॉktara aakharaa: jaancha kedaae.
डॉक्टर ने कान की जांच की.,The doctor examined the ear.,डॉक्टर कान राः जांच केदाएः।,daॉktara kaana raah jaancha kedaaeh.
डॉक्टर ने पेट की जांच की.,The doctor examined the stomach.,डॉक्टर के पेटरा: जांच केदाए।,daॉktara ke petaraa: jaancha kedaae.
डॉक्टर ने बुखार की जांच की.,The doctor checked for fever.,डॉक्टर बुखार राः जांच केदाएः।,daॉktara bukhaara raah jaancha kedaaeh.
डॉक्टर ने खांसी की जांच की.,The doctor examined the cough.,डॉक्टर खांसी राः जांच केदाएः।,daॉktara khaansii raah jaancha kedaaeh.
डॉक्टर ने दर्द की जांच की.,The doctor examined the pain.,डॉक्टर दर्द रा: जांच केदा,daॉktara darda raa: jaancha kedaa
कृपया पहले दवा साफ़ करें.,Please clear the medicine first.,ओड़ोः उदुब केदा सिदा दवा साफ केदाएः।,oda़oh uduba kedaa sidaa dawaa saapha kedaaeh.
कृपया पहले डॉक्टर को साफ़ करें।,Please clear the doctor first.,मेनदो सिदा डॉक्टर के साफ केदाएः।,menado sidaa daॉktara ke saapha kedaaeh.
कृपया पहले नर्स को साफ करें।,Please clean up first nurse.,मेनदो सिदा नर्स के साफ केदाएः।,menado sidaa narsa ke saapha kedaaeh.
कृपया पहले अस्पताल की सफाई करें।,Please clean the hospital first.,अस्पतालरा: सफाई रिकाएआ।,aspataalaraa: saphaaii rikaaeaa.
कृपया पहले क्लिनिक को साफ़ करें।,Please clean the clinic first.,नुतुम सिदा क्लिनिक के साफ़ रिकाएआ।,nutuma sidaa klinika ke saapha़ rikaaeaa.
कृपया पहले पट्टी साफ़ करें.,Please clean the bandage first.,ओड़ोः नुतुम सिदा पट्टी साफ केदाएः।,oda़oh nutuma sidaa pattii saapha kedaaeh.
कृपया पहले थर्मामीटर को साफ करें।,Please clean the thermometer first.,नुतुम सिदा थर्मामीटर के साफ तइकेना।,nutuma sidaa tharmaamiitara ke saapha taikenaa.
कृपया पहले पानी साफ़ करें।,Please clean the water first.,नुतुम सिदा सिदा पानी साफ रिकाएआ।,nutuma sidaa sidaa paanii saapha rikaaeaa.
कृपया पहले बाकी को साफ़ करें।,Please clear the rest first.,नेआ सिदा बाकी को साफ रिकाएआ।,neaa sidaa baakii ko saapha rikaaeaa.
कृपया पहले भोजन को साफ करें।,Please clean up the food first.,नुतुम सिदा भोजन को साफ रिकाएआ।,nutuma sidaa bhojana ko saapha rikaaeaa.
कृपया पहले व्यायाम को साफ़ करें।,Please clear the exercise first.,ओड़ोः उदुब केदा सिदा व्यायाम को साफ केदाएः।,oda़oh uduba kedaa sidaa wyaayaama ko saapha kedaaeh.
कृपया पहले टूथब्रश साफ करें।,Please clean the toothbrush first.,नेआ सिदा टूथब्रश साफ केदाएः।,neaa sidaa tuuthabrasha saapha kedaaeh.
कृपया पहले साबुन साफ़ करें।,Please clean the soap first.,नेआ सिदा साबुन साफ रिकाएआ।,neaa sidaa saabuna saapha rikaaeaa.
कृपया पहले मास्क साफ़ करें।,Please clean the mask first.,ओड़ोः उदुब केदा सिदा मास्क साफ केदाएः।,oda़oh uduba kedaa sidaa maaska saapha kedaaeh.
कृपया पहले कम्बल साफ़ करें।,Please clean the blanket first.,ओड़ोः उदुब केदा सिदा कम्बल साफ ताइकेना।,oda़oh uduba kedaa sidaa kambala saapha taaikenaa.
कृपया पहले बिस्तर साफ़ करें.,Please clean the bed first.,ओड़ोः उदुब केदा सिदा बिस्तर साफ ताइकेना।,oda़oh uduba kedaa sidaa bistara saapha taaikenaa.
कृपया पहले सिर साफ़ करें.,Please clear your head first.,नुतुम सिदा सिर साफ रिकाएआ।,nutuma sidaa sira saapha rikaaeaa.
कृपया पहले हाथ साफ़ करें.,Please wash your hands first.,ओड़ोः उदुब केदा सिदा हाथ साफ केदा।,oda़oh uduba kedaa sidaa haatha saapha kedaa.
कृपया पहले पैर साफ़ करें.,Please clean your feet first.,ओड़ोः उदुब केदा सिदा पैर साफ केदाएः।,oda़oh uduba kedaa sidaa paira saapha kedaaeh.
कृपया पहले आंख साफ करें.,Please clean your eyes first.,ओड़ोः उदुब केदा सिदा आख साफ ताइकेना।,oda़oh uduba kedaa sidaa aakha saapha taaikenaa.
कृपया पहले कान साफ़ करें.,Please clean your ears first.,नुतुम सिदा कान साफ रिकाएआ।,nutuma sidaa kaana saapha rikaaeaa.
कृपया पहले पेट साफ़ करें.,Please clear your stomach first.,नुतुम सिदा सिदा पेट साफ रिकाएआ।,nutuma sidaa sidaa peta saapha rikaaeaa.
कृपया पहले बुखार साफ़ करें।,Please clear the fever first.,ओड़ोः उदुब केदा सिदा बुखार साफ केदाएः।,oda़oh uduba kedaa sidaa bukhaara saapha kedaaeh.
कृपया पहले खांसी साफ करें.,Please clear your cough first.,नुतुम सिदा खांसी साफ केदाएः।,nutuma sidaa khaansii saapha kedaaeh.
कृपया पहले दर्द साफ़ करें.,Please clear the pain first.,ओड़ोः उदुब केदा सिदा दर्द साफ केदाएः।,oda़oh uduba kedaa sidaa darda saapha kedaaeh.
दवा साझा न करें.,Do not share medicine.,ओड़ोः दवा साझा नमोःआ।,oda़oh dawaa saajhaa namohaa.
डॉक्टर को शेयर न करें.,Do not share the doctor.,डॉक्टर के शेयर नवा,daॉktara ke sheyara nawaa
नर्स को साझा न करें.,Do not share nurse.,नर्स के साझा नर्स के साझा नवा,narsa ke saajhaa narsa ke saajhaa nawaa
अस्पताल साझा न करें.,Do not share hospitals.,अस्पताल साझा नवा,aspataala saajhaa nawaa
क्लिनिक साझा न करें.,Do not share clinics.,ओड़ोः क्लिनिक साझा नमोःआ।,oda़oh klinika saajhaa namohaa.
पट्टी साझा न करें.,Do not share the bandage.,मेनदो पट्टी साझा नमोःआ।,menado pattii saajhaa namohaa.
थर्मामीटर साझा न करें.,Do not share thermometers.,मेनदो थर्मामीटर साझा नमोःआ।,menado tharmaamiitara saajhaa namohaa.
पानी साझा न करें.,Do not share water.,रआः पानी साझा नमोःआ।,raaah paanii saajhaa namohaa.
बाकी साझा न करें.,Do not share the rest.,ओकोए बाकी साझा नमोःआ।,okoe baakii saajhaa namohaa.
खाना साझा न करें.,Do not share food.,मेनदो खाना साझा नमोःआ।,menado khaanaa saajhaa namohaa.
व्यायाम साझा न करें.,Don't share exercises.,मेनदो व्यायाम साझा नमोःआ।,menado wyaayaama saajhaa namohaa.
टूथब्रश साझा न करें.,Do not share toothbrushes.,टूथब्रश साझा नवा,tuuthabrasha saajhaa nawaa
साबुन साझा न करें.,Do not share soap.,साबुन साबुन साझा नमोःआ।,saabuna saabuna saajhaa namohaa.
मास्क शेयर न करें.,Do not share masks.,मास्क शेयर नवा,maaska sheyara nawaa
कंबल साझा न करें.,Do not share blankets.,मेनदो कंबल साझा नमोःआ।,menado kanbala saajhaa namohaa.
बिस्तर साझा न करें.,Do not share a bed.,मेनदो बिस्तर साझा नमोःआ।,menado bistara saajhaa namohaa.
सिर बाटें नहीं.,Don't split your heads.,ओड़ोः सिरमा ते काएः काएः काएः।,oda़oh siramaa te kaaeh kaaeh kaaeh.
हाथ मत बांटो.,Don't share hands.,ओड़ो: हाथ मत बांटो।,oda़o: haatha mata baanto.
पैर साझा न करें.,Do not share legs.,मेनदो पैर साझा नमोःआ।,menado paira saajhaa namohaa.
नजरें साझा न करें.,Don't share eye contact.,ओड़ो: नजारा साझा नवा,oda़o: najaaraa saajhaa nawaa
कान मत बांटो.,Don't split your ears.,ओड़ो: कान मत बांटो।,oda़o: kaana mata baanto.
पेट मत बांटो.,Don't divide your stomach.,ओड़ो: पेट मत बांटो बाटो।,oda़o: peta mata baanto baato.
बुखार साझा न करें.,Do not share fever.,बुखार बुखार साझा नमोःआ।,bukhaara bukhaara saajhaa namohaa.
खांसी साझा न करें.,Do not share coughs.,मेनदो खांसी साझा नमोःआ।,menado khaansii saajhaa namohaa.
दर्द मत बांटो.,Don't share the pain.,ओड़ो: दर्द मत बांटो।,oda़o: darda mata baanto.
क्या आप दवा ला सकते हैं?,Can you bring the medicine?,आम दवा ला: तना?,aama dawaa laa: tanaa?
क्या आप डॉक्टर ला सकते हैं?,Can you bring a doctor?,आम डॉक्टर ला: तना?,aama daॉktara laa: tanaa?
क्या आप नर्स ला सकते हैं?,Can you bring a nurse?,आम नर्स ला: तना?,aama narsa laa: tanaa?
क्या आप अस्पताल ला सकते हैं?,Can you bring me to the hospital?,आम अस्पताल ला: तना?,aama aspataala laa: tanaa?
क्या आप क्लिनिक ला सकते हैं?,Can you bring it to the clinic?,आम क्लिनिक ला: तना?,aama klinika laa: tanaa?
क्या आप पट्टी ला सकते हैं?,Can you bring a bandage?,आम पट्टी ला: तना?,aama pattii laa: tanaa?
क्या आप थर्मामीटर ला सकते हैं?,Can you bring a thermometer?,आम थर्मामीटर ला: तना?,aama tharmaamiitara laa: tanaa?
क्या आप पानी ला सकते हैं?,Can you bring water?,आमा: पानी ला:वा,aamaa: paanii laa:waa
क्या आप बाकी ला सकते हैं?,Can you bring the rest?,आम बाकी ला: तना?,aama baakii laa: tanaa?
क्या आप खाना ला सकते हैं?,Can you bring food?,आम खाना ला: तना?,aama khaanaa laa: tanaa?
क्या आप व्यायाम ला सकते हैं?,Can you bring exercises?,आम व्यायाम ला:वा,aama wyaayaama laa:waa
क्या आप टूथब्रश ला सकते हैं?,Can you bring a toothbrush?,आम टूथब्रश ला:वा,aama tuuthabrasha laa:waa
क्या आप साबुन ला सकते हैं?,Can you bring soap?,आम साबुन ला:वा,aama saabuna laa:waa
क्या आप मास्क ला सकते हैं?,Can you bring a mask?,आम मास्क ला: तना?,aama maaska laa: tanaa?
क्या आप कम्बल ला सकते हैं?,Can you bring a blanket?,आम कम्बल ला: तना?,aama kambala laa: tanaa?
क्या आप बिस्तर ला सकते हैं?,Can you bring a bed?,आम बिस्तर ला: तना?,aama bistara laa: tanaa?
क्या आप सिर ला सकते हैं?,Can you bring the head?,आम सिर ला: तना?,aama sira laa: tanaa?
क्या आप हाथ ला सकते हैं?,Can you bring your hand?,आमा: हाथ ला:वा,aamaa: haatha laa:waa
क्या आप पैर ला सकते हैं?,Can you bring the legs?,आम पैर ला: तना?,aama paira laa: tanaa?
क्या आप आंख ला सकते हैं?,Can you bring the eye?,आम आख ला: तना?,aama aakha laa: tanaa?
क्या तुम कान ला सकते हो?,Can you bring the ears?,चिमतुङ चानाः चानाः चानाः चि आञ कान लादाञ?,chimatunga chaanaah chaanaah chaanaah chi aanya kaana laadaanya?
क्या आप पेट ला सकते हैं?,Can you bring the belly?,आमा: पेट ला:वा,aamaa: peta laa:waa
क्या आप बुखार ला सकते हैं?,Can you bring on a fever?,आम बुखार ला:वा,aama bukhaara laa:waa
क्या आप खांसी ला सकते हैं?,Can you cough?,आम खांसी ला: तना?,aama khaansii laa: tanaa?
क्या आप दर्द ला सकते हैं?,Can you bring the pain?,आम दर्द ला:ओआ?,aama darda laa:oaa?
दुकान महँगी है.,The shop is expensive.,ओड़ो: दुकान महंगी मेना:,oda़o: dukaana mahangii menaa:
टोकरी महँगी है.,The basket is expensive.,मेनदो टोकरी ताइकेना।,menado tokarii taaikenaa.
बैग महंगा है.,The bag is expensive.,मेनदो बैग महंगा मेना:।,menado baiga mahangaa menaa:.
चावल महंगा है.,Rice is expensive.,मेनदो चावल महंगा मेना:।,menado chaawala mahangaa menaa:.
सब्जियां महंगी हैं.,Vegetables are expensive.,मेनदो सोबेन सोबेन सोबेन सोबेन को महंगी मेना:।,menado sobena sobena sobena sobena ko mahangii menaa:.
फल महंगा है.,Fruit is expensive.,फल महंगा मेना:।,phala mahangaa menaa:.
साबुन महँगा है.,Soap is expensive.,मेनदो साबुन महंगोआकान ताइना।,menado saabuna mahangoaakaana taainaa.
तेल महँगा है.,Oil is expensive.,ताला तेल महंगोआकान ताइना।,taalaa tela mahangoaakaana taainaa.
नमक महंगा है.,Salt is expensive.,नमक महंगा मेना:।,namaka mahangaa menaa:.
चीनी महंगी है.,Sugar is expensive.,चीनी महंगी मेना:,chiinii mahangii menaa:
कपड़ा महंगा है.,The cloth is expensive.,मेनदो कपड़ा महंगा मेना:।,menado kapada़aa mahangaa menaa:.
जूते महँगे हैं.,The shoes are expensive.,ओड़ो: जूता महंगो मेना:,oda़o: juutaa mahango menaa:
शर्ट महंगी है.,The shirt is expensive.,मेनदो शर्ट महंगी मेना:।,menado sharta mahangii menaa:.
किताब महँगी है.,The book is expensive.,ओड़ो: किताब महंगी मेना:,oda़o: kitaaba mahangii menaa:
पेन महँगा है.,The pen is expensive.,ओड़ो: पेन महंगोआ मेना:।,oda़o: pena mahangoaa menaa:.
लैंप महंगा है.,The lamp is expensive.,लैंप महंगा मेना:।,lainpa mahangaa menaa:.
बाल्टी महंगी है.,The bucket is expensive.,मेनदो बाल्टी महंगी मेना:।,menado baaltii mahangii menaa:.
रस्सी महँगी है.,Rope is expensive.,मेनदो रस्सी होबाओःआ।,menado rassii hobaaohaa.
बीज महंगा है.,Seeds are expensive.,मेनदो बीज महंगा मेना:।,menado biija mahangaa menaa:.
उपकरण महंगा है.,The equipment is expensive.,मेनदो उपकरण महंगा मेना:।,menado upakarana mahangaa menaa:.
बोतल महँगी है.,The bottle is expensive.,ओड़ो: बोतल महंगी मेना:,oda़o: botala mahangii menaa:
डिब्बा महँगा है.,The box is expensive.,मेनदो डिब्बा महंगोआकान ताइना।,menado dibbaa mahangoaakaana taainaa.
कीमत महंगी है.,The price is expensive.,मेनदो राः काजि पुराः मेनाः।,menado raah kaaji puraah menaah.
रसीद महंगी है.,The receipt is expensive.,मेनदो रसीद महंगी मेना:।,menado rasiida mahangii menaa:.
पैसा महंगा है.,Money is expensive.,मेनदो पैसा महंगा मेना:।,menado paisaa mahangaa menaa:.
दुकान आज सस्ती है.,The shop is cheap today.,ने दुकान तिसिङ सस्ती मेनाः।,ne dukaana tisinga sastii menaah.
आज टोकरी सस्ती है.,The basket is cheap today.,तिसिङ टोकरी सस्ती मेना:।,tisinga tokarii sastii menaa:.
बैग आज सस्ता है.,The bag is cheap today.,तिसिङ सोबेन बैग तिसिङ बेसे मेना:।,tisinga sobena baiga tisinga bese menaa:.
आज चावल सस्ता है.,Rice is cheap today.,तिसिङ चावल सस्ता मेना:।,tisinga chaawala sastaa menaa:.
आज सब्जियां सस्ती हैं.,Vegetables are cheap today.,तिसिङ सोबेन सोबेन सब्जियां सस्ती मेनाः।,tisinga sobena sobena sabjiyaan sastii menaah.
आज फल सस्ता है.,Fruits are cheap today.,तिसिंग तिसिङ फल सस्ता मेना:।,tisinga tisinga phala sastaa menaa:.
आज साबुन सस्ता है.,Soap is cheap today.,तिसिङ साबुन सस्ता मेना:।,tisinga saabuna sastaa menaa:.
आज तेल सस्ता है.,Oil is cheap today.,तिसिङ तिसिङ तेल सस्ता मेना:,tisinga tisinga tela sastaa menaa:
आज नमक सस्ता है.,Salt is cheap today.,तिसिङ नमक सस्ता मेना:।,tisinga namaka sastaa menaa:.
आज चीनी सस्ती है.,Sugar is cheap today.,तिसिङ चीनी सस्ती मेना:।,tisinga chiinii sastii menaa:.
आज कपड़ा सस्ता है.,Clothes are cheap today.,तिसिंग तिसिङ कपड़ा सस्ता मेना:।,tisinga tisinga kapada़aa sastaa menaa:.
जूते आज सस्ते हैं.,Shoes are cheap today.,जूता तिसिङ सस्ते मेना:।,juutaa tisinga saste menaa:.
आज शर्ट सस्ती है.,The shirt is cheap today.,तिसिंग तिसिङ शर्ट सस्ती मेना:।,tisinga tisinga sharta sastii menaa:.
आज किताब सस्ती है.,The book is cheap today.,तिसिंग तिसिङ किताब सस्ती मेना:।,tisinga tisinga kitaaba sastii menaa:.
कलम आज सस्ता है.,Pens are cheap today.,मेनदो कलम तिसिङ सस्ता मेना:।,menado kalama tisinga sastaa menaa:.
आज दीपक सस्ता है.,The lamp is cheap today.,तिसिंग तिसिङ दीपक सस्ता मेना:।,tisinga tisinga diipaka sastaa menaa:.
आज बाल्टी सस्ती है.,The bucket is cheap today.,तिसिङ बाल्टी सस्ती मेना:।,tisinga baaltii sastii menaa:.
आज रस्सी सस्ती है.,Rope is cheap today.,तिसिङ रस्सी सस्ती मेना:।,tisinga rassii sastii menaa:.
आज बीज सस्ता है.,Seeds are cheap today.,तिसिङ बीज सस्ता मेना:।,tisinga biija sastaa menaa:.
उपकरण आज सस्ता है.,Equipment is cheap today.,नेआ उपकरण तिसिङ बेसे मेनाः।,neaa upakarana tisinga bese menaah.
बोतल आज सस्ती है.,The bottle is cheap today.,आयार बोतल तिसिङ सस्ती मेना:।,aayaara botala tisinga sastii menaa:.
डिब्बा आज सस्ता है.,The box is cheap today.,सोबेन डिब्बा तिसिङ बेसे मेनाः।,sobena dibbaa tisinga bese menaah.
आज कीमत सस्ती है.,The price is cheap today.,तिसिङ राः तिसिङ रआः रआः माजा मेनाः।,tisinga raah tisinga raaah raaah maajaa menaah.
रसीद आज सस्ती है.,The receipt is cheap today.,सोबेन रसीद तिसिङ सस्ती मेना:।,sobena rasiida tisinga sastii menaa:.
आज पैसा सस्ता है.,Money is cheap today.,तिसिङ तिसिङ पैसा सस्ता मेना:।,tisinga tisinga paisaa sastaa menaa:.
कृपया दुकान की जांच करें.,Please check the shop.,ओड़ो: कृपया दुकान रा: जांच रिकाएआ।,oda़o: kripayaa dukaana raa: jaancha rikaaeaa.
कृपया टोकरी की जाँच करें।,Please check the basket.,ओड़ो: कृपया टोकरी रा: जाँच रिकाएआ।,oda़o: kripayaa tokarii raa: jaancha rikaaeaa.
कृपया बैग की जांच करें.,Please check the bag.,ओड़ोः कृपया बैग राः जांच रिकाएः।,oda़oh kripayaa baiga raah jaancha rikaaeh.
कृपया चावल की जांच करें.,Please check the rice.,ओड़ोः कृपया चावल राः जांच रिकाएः।,oda़oh kripayaa chaawala raah jaancha rikaaeh.
कृपया सब्जियों की जांच करें.,Please check the vegetables.,ओड़ोः कृपया सोबेन कोआः जांच केदाएः।,oda़oh kripayaa sobena koaah jaancha kedaaeh.
कृपया फल की जांच करें.,Please check the fruit.,ओड़ो: कृपया फल रा: जांच रिकाएआ।,oda़o: kripayaa phala raa: jaancha rikaaeaa.
कृपया तेल की जांच करें.,Please check the oil.,ओड़ोः कृपया तेल राः जांच रिकाएः।,oda़oh kripayaa tela raah jaancha rikaaeh.
कृपया नमक की जांच करें.,Please check the salt.,ओड़ोः कृपया नमक राः जांच रिकाएः।,oda़oh kripayaa namaka raah jaancha rikaaeh.
कृपया चीनी की जांच करें.,Please check the sugar.,मेनदो कृपया चीनी राः जांच रिकाएआ।,menado kripayaa chiinii raah jaancha rikaaeaa.
कृपया कपड़े की जांच करें.,Please check the fabric.,ओड़ोः कृपया कपड़ा राः जांच रिकाएः।,oda़oh kripayaa kapada़aa raah jaancha rikaaeh.
कृपया जूतों की जांच करें.,Please check the shoes.,मेनदो कृपया जूतोंरा: जांच रिकाएआ।,menado kripayaa juutonraa: jaancha rikaaeaa.
कृपया शर्ट की जांच करें.,Please check the shirt.,ओड़ोः कृपया शर्ट राः जांच केदाएः।,oda़oh kripayaa sharta raah jaancha kedaaeh.
कृपया पुस्तक की जांच करें.,Please check the book.,ओड़ो: कृपया पुस्तकरा: जांच रिकाएआ।,oda़o: kripayaa pustakaraa: jaancha rikaaeaa.
कृपया पेन की जांच करें.,Please check the pen.,ओड़ो: कृपया पेन रा: जांच रिकाएआ।,oda़o: kripayaa pena raa: jaancha rikaaeaa.
कृपया लैंप की जांच करें.,Please check the lamp.,मेनदो कृपया लैंपरा: जांच रिकाएआ।,menado kripayaa lainparaa: jaancha rikaaeaa.
कृपया बाल्टी की जांच करें.,Please check the bucket.,ओड़ो: कृपया बाल्टी रा: जांच रिकाएआ।,oda़o: kripayaa baaltii raa: jaancha rikaaeaa.
कृपया रस्सी की जांच करें.,Please check the rope.,ओड़ोः कृपया रस्सी राः जांच केदाएः।,oda़oh kripayaa rassii raah jaancha kedaaeh.
कृपया बीज की जांच करें.,Please check the seeds.,ओड़ोः कृपया बीज राः जांच केदाएः।,oda़oh kripayaa biija raah jaancha kedaaeh.
कृपया टूल की जांच करें.,Please check the tool.,ओड़ोः कृपया टूल राः जांच रिकाएः।,oda़oh kripayaa tuula raah jaancha rikaaeh.
कृपया बोतल की जांच करें.,Please check the bottle.,ओड़ोः कृपया बोतल राः जांच रिकाएः।,oda़oh kripayaa botala raah jaancha rikaaeh.
कृपया बॉक्स को चेक करें.,Please check the box.,ओड़ो: कृपया बॉक्स के चेक केदा।,oda़o: kripayaa baॉksa ke cheka kedaa.
कृपया कीमत की जांच करें.,Please check the price.,ओड़ो: कृपया रा: जांच रिकाएआ।,oda़o: kripayaa raa: jaancha rikaaeaa.
कृपया रसीद की जांच करें.,Please check the receipt.,ओड़ो: कृपया रसीद रा: जांच रिकाएआ।,oda़o: kripayaa rasiida raa: jaancha rikaaeaa.
कृपया पैसे की जांच करें.,Please check the money.,ओड़ो: कृपया पैसा रा: जांच रिकाएआ।,oda़o: kripayaa paisaa raa: jaancha rikaaeaa.
मैंने कल दुकान खरीदी।,I bought the shop yesterday.,आञ कल दुकान खरीदाञ।,aanya kala dukaana khariidaanya.
मैंने कल टोकरी खरीदी।,I bought the basket yesterday.,आञ कल टोकरी खरीदाञ।,aanya kala tokarii khariidaanya.
मैंने कल बैग खरीदा।,I bought the bag yesterday.,आञ कल बैग खरीदाञ।,aanya kala baiga khariidaanya.
मैंने कल चावल खरीदा।,I bought rice yesterday.,आञ कल चावल खरीदाञ।,aanya kala chaawala khariidaanya.
मैंने कल सब्जियाँ खरीदीं।,I bought vegetables yesterday.,आञ कल सोमाए सब्जिया खरीद केदाञ।,aanya kala somaae sabjiyaa khariida kedaanya.
मैंने कल फल खरीदा।,I bought fruit yesterday.,आञ आञ कल फल खरीदाञ।,aanya aanya kala phala khariidaanya.
मैंने कल साबुन खरीदा।,I bought soap yesterday.,आञ कल साबुन खरीदाञ।,aanya kala saabuna khariidaanya.
मैंने कल तेल खरीदा।,I bought oil yesterday.,आञ कल तेल खरीदाञ।,aanya kala tela khariidaanya.
मैंने कल नमक खरीदा।,I bought salt yesterday.,आञ कल नमक खरीदाञ।,aanya kala namaka khariidaanya.
मैंने कल चीनी खरीदी।,I bought sugar yesterday.,आञ कल चीनी खरीदीञाञ।,aanya kala chiinii khariidiinyaanya.
मैंने कल कपड़ा खरीदा।,I bought the cloth yesterday.,आञ कल कपड़ा खरीदाञ।,aanya kala kapada़aa khariidaanya.
मैंने कल जूते खरीदे।,I bought shoes yesterday.,आञ कल जूताञ जूताञ ताइकेनाञ।,aanya kala juutaanya juutaanya taaikenaanya.
मैंने कल शर्ट खरीदी।,I bought the shirt yesterday.,आञ कल शर्ट खरीदाञ।,aanya kala sharta khariidaanya.
मैंने कल किताब खरीदी।,I bought the book yesterday.,आञ कल किताब खरीदाञ।,aanya kala kitaaba khariidaanya.
मैंने कल पेन खरीदा।,I bought the pen yesterday.,आञ कल पेन खरीदाञ।,aanya kala pena khariidaanya.
मैंने कल लैंप खरीदा।,I bought the lamp yesterday.,आञ कल लैंप खरीदाञ।,aanya kala lainpa khariidaanya.
मैंने कल बाल्टी खरीदी।,I bought the bucket yesterday.,आञ कल बाल्टी खरीदीञा।,aanya kala baaltii khariidiinyaa.
मैंने कल रस्सी खरीदी।,I bought the rope yesterday.,आञ कल रस्सी खरीदीञाञ।,aanya kala rassii khariidiinyaanya.
मैंने कल बीज खरीदा।,I bought the seeds yesterday.,आञ कल बीज खरीदाञ।,aanya kala biija khariidaanya.
मैंने कल उपकरण खरीदा।,I bought the device yesterday.,आञ कल उपकरण खरीदाञ।,aanya kala upakarana khariidaanya.
मैंने कल बोतल खरीदी।,I bought the bottle yesterday.,आञ कल बोतल खरीदाञ।,aanya kala botala khariidaanya.
मैंने कल डिब्बा खरीदा।,I bought the box yesterday.,आञ कल डिब्बा खरीदाञ।,aanya kala dibbaa khariidaanya.
मैंने कल रसीद खरीदी।,I bought the receipt yesterday.,आञ कल रसीद खरीदाञ।,aanya kala rasiida khariidaanya.
मैंने कल पैसे से खरीदारी की।,I made a purchase with the money yesterday.,आञ कल पैसा ते खरीदारी रिकाकेदाञ।,aanya kala paisaa te khariidaarii rikaakedaanya.
हमें घर के लिए दुकान की जरूरत है.,We need a shop for the house.,आले ओड़ा: नातिन दुकान रा: जरूड़ी मेना:,aale oda़aa: naatina dukaana raa: jaruuda़ii menaa:
हमें घर के लिए टोकरी चाहिए।,We need a basket for home.,आले ओड़ाः नातिन टोकरी लागातिङा।,aale oda़aah naatina tokarii laagaatingaa.
हमें घर के लिए बैग की जरूरत है.,We need bags for home.,आले ओड़ाः नातिन बैग राः जरूड़ी मेना:।,aale oda़aah naatina baiga raah jaruuda़ii menaa:.
हमें घर के लिए चावल चाहिए.,We need rice for home.,आले ओड़ाः नातिन चावल लागातिङा।,aale oda़aah naatina chaawala laagaatingaa.
हमें घर के लिए सब्जियों की जरूरत है.,We need vegetables for home.,आले ओड़ाः नातिन सब्जीकोआः जरूड़ी मेना:।,aale oda़aah naatina sabjiikoaah jaruuda़ii menaa:.
हमें घर के लिए फल चाहिए।,We need fruits for home.,आले आले ओड़ाः नातिन फल लागातिङा।,aale aale oda़aah naatina phala laagaatingaa.
हमें घर के लिए साबुन की जरूरत है.,We need soap for the house.,आले ओड़ाः नातिन साबुन राः जरूड़ी मेना:।,aale oda़aah naatina saabuna raah jaruuda़ii menaa:.
हमें घर के लिए तेल चाहिए.,We need oil for the house.,आले ओड़ाः नातिन तेल लागातिङा।,aale oda़aah naatina tela laagaatingaa.
हमें घर के लिए नमक चाहिए.,We need salt for the house.,आले ओड़ाः नावा नमक लागातिङा।,aale oda़aah naawaa namaka laagaatingaa.
हमें घर के लिए चीनी की जरूरत है.,We need sugar for home.,आले ओड़ा: नातिन चीनी रा: जरूड़ी मेना:,aale oda़aa: naatina chiinii raa: jaruuda़ii menaa:
हमें घर के लिए कपड़ा चाहिए.,We need clothes for the house.,आले ओड़ा: नातिन कपड़ा लागातिङा।,aale oda़aa: naatina kapada़aa laagaatingaa.
हमें घर के लिए जूते चाहिए।,We need shoes for home.,आले आले ओड़ा: नातिन जूता लागातिङा।,aale aale oda़aa: naatina juutaa laagaatingaa.
हमें घर के लिए शर्ट चाहिए।,We need shirts for home.,आले ओड़ाः नातिन शर्ट लागातिङा।,aale oda़aah naatina sharta laagaatingaa.
हमें घर के लिए किताब की जरूरत है.,We need a book for home.,आले ओड़ाः नातिन किताब राः जरूड़ी मेना:।,aale oda़aah naatina kitaaba raah jaruuda़ii menaa:.
हमें घर के लिए पेन की जरूरत है.,We need pens for home.,आले ओड़ा: नातिन पेन रा: जरूड़ी मेना:,aale oda़aa: naatina pena raa: jaruuda़ii menaa:
हमें घर के लिए दीपक चाहिए.,We need a lamp for the house.,आले ओड़ो: ओड़ा: नातिन दीपक लागातिङा।,aale oda़o: oda़aa: naatina diipaka laagaatingaa.
हमें घर के लिए बाल्टी चाहिए।,We need a bucket for the house.,आले ओड़ाः नातिन बाल्टी लागातिङा।,aale oda़aah naatina baaltii laagaatingaa.
हमें घर के लिए रस्सी की जरूरत है.,We need rope for the house.,आले ओड़ाः नातिन रस्सी राः जरूड़ी मेना:।,aale oda़aah naatina rassii raah jaruuda़ii menaa:.
हमें घर के लिए बीज चाहिए।,We need seeds for the house.,आले ओड़ाः नातिन बीज लागातिङा।,aale oda़aah naatina biija laagaatingaa.
हमें घर के लिए उपकरण की आवश्यकता है.,We need equipment for the home.,आले ओड़ा: नातिन उपकरण रा: आवश्यकता मेना:।,aale oda़aa: naatina upakarana raa: aawashyakataa menaa:.
हमें घर के लिए बोतल चाहिए।,We need a bottle for home.,आले ओड़ाः नातिन बोतल लागातिङा।,aale oda़aah naatina botala laagaatingaa.
हमें घर के लिए बक्सा चाहिए।,We need a box for the house.,आले ओड़ाः नातिन बक्सा लागातिङा।,aale oda़aah naatina baksaa laagaatingaa.
हमें घर की रसीद चाहिए.,We need the house receipt.,आले ओड़ाः रेआ रसीद लागातिङा।,aale oda़aah reaa rasiida laagaatingaa.
हमें घर के लिए पैसों की जरूरत है.,We need money for the house.,आले ओड़ा: नातिन पैसा रा: जरूड़ी मेना:,aale oda़aa: naatina paisaa raa: jaruuda़ii menaa:
मुझे दुकान कहां मिल सकती है?,Where can I find the shop?,अइंग अइंग दुकान कजि केदा:,ainga ainga dukaana kaji kedaa:
मुझे टोकरी कहाँ मिल सकती है?,Where can I get a basket?,अइंग टोकरी ओकोआ टोकरी तायोम तइना?,ainga tokarii okoaa tokarii taayoma tainaa?
मुझे बैग कहां मिल सकता है?,Where can I get the bag?,अइंगअः अइंगअः बैग कहां नम केदाए?,aingaah aingaah baiga kahaan nama kedaae?
मुझे चावल कहां मिल सकता है?,Where can I get rice?,आञ चावल चावल काञ नामोःआञ?,aanya chaawala chaawala kaanya naamohaanya?
मुझे सब्जियाँ कहाँ मिल सकती हैं?,Where can I find vegetables?,आञ सोमाए सब्जिया ता: नम केदाञ?,aanya somaae sabjiyaa taa: nama kedaanya?
मुझे फल कहां मिल सकता है?,Where can I get fruit?,अइंगअः अइंगअः अइंगअः फल काइंग नामोःआ?,aingaah aingaah aingaah phala kaainga naamohaa?
मुझे साबुन कहां मिल सकता है?,Where can I get soap?,अइंग अइंग साबुन कहां नम तइना,ainga ainga saabuna kahaan nama tainaa
मुझे तेल कहां मिल सकता है?,Where can I get oil?,अइंगअः अइंगअः तेल अइंगअः तेल कजि केदा।,aingaah aingaah tela aingaah tela kaji kedaa.
मुझे नमक कहां मिल सकता है?,Where can I get salt?,अइंगअः अइंगअः नमक कहां नामोःआ?,aingaah aingaah namaka kahaan naamohaa?
मुझे चीनी कहां मिल सकती है?,Where can I get sugar?,आञ आञ चीनी काञ नामोःआञ?,aanya aanya chiinii kaanya naamohaanya?
मुझे कपड़ा कहां मिल सकता है?,Where can I get the fabric?,अइंग अइंग कपड़ा का नामोःआ?,ainga ainga kapada़aa kaa naamohaa?
मुझे जूते कहां मिल सकते हैं?,Where can I get shoes?,अइंगअः अइंगअः जूता कजि नम केदाए?,aingaah aingaah juutaa kaji nama kedaae?
मुझे शर्ट कहां मिल सकती है?,Where can I get a shirt?,आञ आञ शर्ट काञ नामजानाञ?,aanya aanya sharta kaanya naamajaanaanya?
मुझे किताब कहां मिल सकती है?,Where can I get the book?,आञाः किताब काञ नामोःआञ?,aanyaah kitaaba kaanya naamohaanya?
मुझे पेन कहां मिल सकता है?,Where can I get a pen?,अइंगअः अइंग पेन कजि केदाञ?,aingaah ainga pena kaji kedaanya?
मुझे दीपक कहाँ मिल सकता है?,Where can I get a lamp?,अइंग के दीपक ओकोए: तायोम नम तइना,ainga ke diipaka okoe: taayoma nama tainaa
मुझे बाल्टी कहां मिल सकती है?,Where can I get a bucket?,अइंग अइंग बाल्टी कहां नम तइना,ainga ainga baaltii kahaan nama tainaa
मुझे रस्सी कहाँ मिल सकती है?,Where can I get a rope?,अइंग अइंग रस्सी ता: रे नम तइना,ainga ainga rassii taa: re nama tainaa
मुझे बीज कहां मिल सकता है?,Where can I get seeds?,आञे बीज काञ नामोःआञ?,aanye biija kaanya naamohaanya?
मुझे उपकरण कहां मिल सकता है?,Where can I get the equipment?,आञे उपकरण काञ नामोःआञ?,aanye upakarana kaanya naamohaanya?
मुझे बोतल कहां मिल सकती है?,Where can I get a bottle?,आञ बोतल काञ नामोःआञ?,aanya botala kaanya naamohaanya?
मुझे बक्सा कहां मिल सकता है?,Where can I get the box?,अइंगअः अइंगअः बक्सा कहां नामोःआ?,aingaah aingaah baksaa kahaan naamohaa?
मुझे रसीद कहां मिल सकती है?,Where can I get a receipt?,अइंग अइंग रसीद कजि केदा:,ainga ainga rasiida kaji kedaa:
मुझे पैसे कहां मिल सकते हैं?,Where can I get money?,अइंगअः अइंगअः अइंगअः पैसा कजि मेनअः।,aingaah aingaah aingaah paisaa kaji menaah.
कृपया दुकान को टोकरी में रखें।,Please put the item in your shopping cart.,ओड़ो: कृपया दुकान के टोकरी रे ताइकेना।,oda़o: kripayaa dukaana ke tokarii re taaikenaa.
कृपया टोकरी को टोकरी में रख दें।,Please put the basket in the basket.,ओड़ोः टोकरी के टोकरी रे ताइकेना।,oda़oh tokarii ke tokarii re taaikenaa.
कृपया बैग को टोकरी में रख दें।,Please put the bag in the basket.,ओड़ोः चिलका बैग के टोकरी रे रिकाएःआ।,oda़oh chilakaa baiga ke tokarii re rikaaehaa.
कृपया चावल को टोकरी में रख दें।,Please put the rice in the basket.,नुतुम चावल के टोकरी रे रिका केदा।,nutuma chaawala ke tokarii re rikaa kedaa.
कृपया सब्जियाँ टोकरी में रखें।,Please put the vegetables in the basket.,मेनदो सोबेन सब्जियाँ टोकरी रे ताइकेना।,menado sobena sabjiyaan tokarii re taaikenaa.
कृपया फल को टोकरी में रखें।,Please put the fruit in the basket.,ओड़ो: कृपया फल को टोकरी रे ताइकेना।,oda़o: kripayaa phala ko tokarii re taaikenaa.
कृपया साबुन को टोकरी में रखें।,Please put the soap in the basket.,ओड़ो: कृपया साबुन के टोकरी रे ताइकेना।,oda़o: kripayaa saabuna ke tokarii re taaikenaa.
कृपया टोकरी में तेल डालें।,Please add oil to the basket.,ओड़ो: कृपया टोकरी रे तेल रिकाकेदा।,oda़o: kripayaa tokarii re tela rikaakedaa.
कृपया नमक को टोकरी में रखें।,Please put the salt in the basket.,ओड़ो: कृपया नमक के टोकरी रे ताइकेना।,oda़o: kripayaa namaka ke tokarii re taaikenaa.
कृपया चीनी को टोकरी में रखें।,Please put the sugar in the basket.,चीनी के टोकरी रे ताइकेना।,chiinii ke tokarii re taaikenaa.
कृपया कपड़ा टोकरी में रख दें।,Please put the clothes in the basket.,ओड़ो: कृपया कपड़ा टोकरी रे ताइकेना।,oda़o: kripayaa kapada़aa tokarii re taaikenaa.
कृपया जूतों को टोकरी में रखें।,Please put the shoes in the basket.,ओड़ो: कृपया जूतों को टोकरी रे ताइकेना।,oda़o: kripayaa juuton ko tokarii re taaikenaa.
कृपया शर्ट को टोकरी में रख दें।,Please put the shirt in the basket.,ओड़ो: कृपया शर्ट के टोकरी रे ताइकेना।,oda़o: kripayaa sharta ke tokarii re taaikenaa.
कृपया पुस्तक को टोकरी में रखें।,Please put the book in the basket.,ओड़ो: कृपया पुस्तक के टोकरी रे ताइकेना।,oda़o: kripayaa pustaka ke tokarii re taaikenaa.
कृपया कलम को टोकरी में रख दें।,Please put the pen in the basket.,ओड़ोः नुतुम कलम के टोकरी रे रिकाएःआ।,oda़oh nutuma kalama ke tokarii re rikaaehaa.
कृपया दीपक को टोकरी में रख दें।,Please put the lamp in the basket.,ओड़ो: कृपया दीपक के टोकरी रे ताइकेना।,oda़o: kripayaa diipaka ke tokarii re taaikenaa.
कृपया बाल्टी को टोकरी में रख दें।,Please put the bucket in the basket.,ओड़ो: कृपया बाल्टी के टोकरी रे ताइकेना।,oda़o: kripayaa baaltii ke tokarii re taaikenaa.
कृपया रस्सी को टोकरी में डाल दें।,Please put the rope in the basket.,ओड़ो: कृपया रस्सी के टोकरी रे डाल केदा।,oda़o: kripayaa rassii ke tokarii re daala kedaa.
कृपया बीज को टोकरी में रखें।,Please put the seeds in the basket.,ओड़ो: कृपया बीज के टोकरी रे ताइकेना।,oda़o: kripayaa biija ke tokarii re taaikenaa.
कृपया उपकरण को टोकरी में रखें।,Please put the appliance in the basket.,ओड़ो: कृपया उपकरण को टोकरी रे ताइकेना।,oda़o: kripayaa upakarana ko tokarii re taaikenaa.
कृपया बोतल को टोकरी में रख दें।,Please put the bottle in the basket.,ओड़ो: कृपया बोतल के टोकरी रे रिकाकेदाए।,oda़o: kripayaa botala ke tokarii re rikaakedaae.
कृपया बॉक्स को टोकरी में रख दें।,Please put the box in the basket.,ओड़ो: कृपया बॉक्स के टोकरी रे तइकेना।,oda़o: kripayaa baॉksa ke tokarii re taikenaa.
कृपया रसीद को टोकरी में रखें।,Please place the receipt in the basket.,ओड़ो: कृपया रसीद के टोकरी रे ताइकेना।,oda़o: kripayaa rasiida ke tokarii re taaikenaa.
कृपया पैसे टोकरी में रख दें।,Please put the money in the basket.,ओड़ो: कृपया पैसा टोकरी रे ताइकेना।,oda़o: kripayaa paisaa tokarii re taaikenaa.
दुकानदार ने दुकान समेट ली.,The shopkeeper closed his shop.,दुकानदार दुकानदार दुकानदार दुकान समेट केदाएः।,dukaanadaara dukaanadaara dukaanadaara dukaana sameta kedaaeh.
दुकानदार ने टोकरी पैक कर दी।,The shopkeeper packed the basket.,दुकानदार दो टोकरी पैक केदा।,dukaanadaara do tokarii paika kedaa.
दुकानदार ने बैग पैक कर लिया.,The shopkeeper packed the bag.,दुकानदार बैग पैक केदाएः।,dukaanadaara baiga paika kedaaeh.
दुकानदार ने चावल पैक कर दिया.,The shopkeeper packed the rice.,दुकानदार चावल पैक केदाएः।,dukaanadaara chaawala paika kedaaeh.
दुकानदार ने सब्जियां पैक कर दीं.,The shopkeeper packed the vegetables.,दुकानदार सोबेन दुकानदार सोबेन सब्जियां पैक केदा।,dukaanadaara sobena dukaanadaara sobena sabjiyaan paika kedaa.
दुकानदार ने फल पैक कर दिया.,The shopkeeper packed the fruits.,दुकानदार फल पैक केदाएः।,dukaanadaara phala paika kedaaeh.
दुकानदार ने साबुन पैक कर दिया.,The shopkeeper packed the soap.,दुकानदार साबुन पैक केदाएः।,dukaanadaara saabuna paika kedaaeh.
दुकानदार ने तेल पैक कर दिया.,The shopkeeper packed the oil.,दुकानदार दो दुकानदार तेल पैक केदा।,dukaanadaara do dukaanadaara tela paika kedaa.
दुकानदार ने नमक पैक कर दिया.,The shopkeeper packed the salt.,दुकानदार नमक पैक केदाएः।,dukaanadaara namaka paika kedaaeh.
दुकानदार ने चीनी पैक कर दी.,The shopkeeper packed the sugar.,दुकानदार चीनी पैक केदाएः।,dukaanadaara chiinii paika kedaaeh.
दुकानदार ने कपड़ा पैक कर दिया.,The shopkeeper packed the clothes.,दुकानदार कपड़ा पैक केदाएः।,dukaanadaara kapada़aa paika kedaaeh.
दुकानदार ने जूते पैक कर दिये.,The shopkeeper packed the shoes.,दुकानदार जूते पैक केदाएः।,dukaanadaara juute paika kedaaeh.
दुकानदार ने शर्ट पैक कर दी.,The shopkeeper packed the shirt.,दुकानदार शर्ट पैक केदाएः।,dukaanadaara sharta paika kedaaeh.
दुकानदार ने किताब पैक कर दी.,The shopkeeper packed the book.,दुकानदार किताब पैक केदाएः।,dukaanadaara kitaaba paika kedaaeh.
दुकानदार ने पेन पैक कर दिया.,The shopkeeper packed the pen.,दुकानदार पेन पैक केदाएः।,dukaanadaara pena paika kedaaeh.
दुकानदार ने दीया पैक कर दिया.,The shopkeeper packed the lamp.,एटा: दुकानदार के केदा पैक केदा।,etaa: dukaanadaara ke kedaa paika kedaa.
दुकानदार ने बाल्टी पैक कर दी।,The shopkeeper packed the bucket.,दुकानदार बाल्टी पैक केदाएः।,dukaanadaara baaltii paika kedaaeh.
दुकानदार ने रस्सी पैक कर दी।,The shopkeeper packed the rope.,दुकानदार रस्सी पैक केदाएः।,dukaanadaara rassii paika kedaaeh.
दुकानदार ने बीज पैक कर दिया.,The shopkeeper packed the seeds.,दुकानदार बीज पैक केदाएः।,dukaanadaara biija paika kedaaeh.
दुकानदार ने औज़ार पैक कर दिया।,The shopkeeper packed the tools.,दुकानदार औज़ार पैक केदाएः।,dukaanadaara auja़aara paika kedaaeh.
दुकानदार ने बोतल पैक कर दी.,The shopkeeper packed the bottle.,दुकानदार बोतल पैक केदाएः।,dukaanadaara botala paika kedaaeh.
दुकानदार ने डिब्बा पैक कर दिया.,The shopkeeper packed the box.,दुकानदार डिब्बा पैक केदाएः।,dukaanadaara dibbaa paika kedaaeh.
दुकानदार ने रसीद पैक कर दी।,The shopkeeper packed the receipt.,दुकानदार रसीद केदाएः।,dukaanadaara rasiida kedaaeh.
दुकानदार ने पैसे पैक कर दिये।,The shopkeeper packed the money.,दुकानदार के पैसा पैक केदाएः।,dukaanadaara ke paisaa paika kedaaeh.
दुकान मत भूलना.,Don't forget to shop.,ओड़ो: दुकान मत भूल जना।,oda़o: dukaana mata bhuula janaa.
टोकरी मत भूलना.,Don't forget the basket.,ओड़ो: टोकरी मत भूल जना।,oda़o: tokarii mata bhuula janaa.
बैग मत भूलना.,Don't forget the bag.,ओड़ो: बैग मत दुबाओआ।,oda़o: baiga mata dubaaoaa.
चावल मत भूलना.,Don't forget the rice.,ओड़ो: चावल मतलो:आ।,oda़o: chaawala matalo:aa.
सब्जियां मत भूलना.,Don't forget the vegetables.,सोबेन सोबेन सोबेन सोबेन सोबेन सोबेन सोबेन सोबेन सोबेन सोबेन सोबेन सोबेन सोबेन सोबेन सोबेन सोबेन सोबेन सोबेन सोबेन सोबेन सोबेन सोबेन सोबेन सोबेन सोबेन सोबेन सोबेन सोबेन सोबेन सोबेन सोबेन सोबेन सोबेन सोबेन सोबेन सोबेन सोबेन सोबेन सोबेन सोबेन सोबेन सोबेन को,sobena sobena sobena sobena sobena sobena sobena sobena sobena sobena sobena sobena sobena sobena sobena sobena sobena sobena sobena sobena sobena sobena sobena sobena sobena sobena sobena sobena sobena sobena sobena sobena sobena sobena sobena sobena sobena sobena sobena sobena sobena sobena ko
फल मत भूलना.,Don't forget the fruit.,ओड़ो: फल मत भूलो:वा,oda़o: phala mata bhuulo:waa
साबुन मत भूलना.,Don't forget the soap.,ओड़ो: साबुन मत उड़ु:आ।,oda़o: saabuna mata uda़u:aa.
तेल मत भूलना.,Don't forget the oil.,तेल तेल मत भूलोओःआ।,tela tela mata bhuuloohaa.
नमक मत भूलना.,Don't forget the salt.,नमक मत भूलाओःआ।,namaka mata bhuulaaohaa.
चीनी मत भूलना.,Don't forget the sugar.,चीनी मत भूलना।,chiinii mata bhuulanaa.
कपड़ा मत भूलना.,Don't forget the clothes.,ओड़ो: कपड़ा मत दुबाओआ।,oda़o: kapada़aa mata dubaaoaa.
जूते मत भूलना.,Don't forget the shoes.,जूते जूते मत भूलाओआ।,juute juute mata bhuulaaoaa.
शर्ट मत भूलना.,Don't forget the shirt.,ओड़ो: शर्ट मत दुबाओआ।,oda़o: sharta mata dubaaoaa.
किताब मत भूलना.,Don't forget the book.,ओड़ो: किताब मत बाइओआ।,oda़o: kitaaba mata baaioaa.
कलम मत भूलना.,Don't forget the pen.,ओड़ो: कलम मत दाड़िओआ।,oda़o: kalama mata daada़ioaa.
दीपक मत भूलना.,Don't forget the lamp.,ओड़ोः दीपक मतलोःआ।,oda़oh diipaka matalohaa.
बाल्टी मत भूलना.,Don't forget the bucket.,ओड़ो: बाल्टी मत उड़ु:आ।,oda़o: baaltii mata uda़u:aa.
रस्सी मत भूलना.,Don't forget the rope.,ओड़ो: रस्सी मत दुबाओआ।,oda़o: rassii mata dubaaoaa.
बीज मत भूलना.,Don't forget the seeds.,ओड़ो: बीज मत भूल जना।,oda़o: biija mata bhuula janaa.
उपकरण मत भूलना.,Don't forget the tools.,ओड़ोः उपकरण मत भूलाओःआ।,oda़oh upakarana mata bhuulaaohaa.
बोतल मत भूलना.,Don't forget the bottle.,ओड़ो: बोतल मत दुबाओआ।,oda़o: botala mata dubaaoaa.
बॉक्स मत भूलना.,Don't forget the box.,ओड़ो: बॉक्स मत भूल जना।,oda़o: baॉksa mata bhuula janaa.
कीमत मत भूलना.,Don't forget the price.,ओड़ोः रआः रआः रआः रआः रआः रआः रआः काजिओःआ।,oda़oh raaah raaah raaah raaah raaah raaah raaah kaajiohaa.
रसीद मत भूलना.,Don't forget the receipt.,ओड़ो: रसीद मत दुबाओआ।,oda़o: rasiida mata dubaaoaa.
पैसे मत भूलना.,Don't forget the money.,ओड़ो: पैसा मत बानो:।,oda़o: paisaa mata baano:.
क्या आप दुकान ले जा सकते हैं?,Can you take me to the shop?,आम दुकान लेल तनाए?,aama dukaana lela tanaae?
क्या आप टोकरी ले जा सकते हैं?,Can you carry the basket?,आम टोकरी लेल तना?,aama tokarii lela tanaa?
क्या आप बैग ले जा सकते हैं?,Can you carry the bag?,आम बैग लेल तनाए?,aama baiga lela tanaae?
क्या आप चावल ले जा सकते हैं?,Can you take rice?,आम चावल लेल तना?,aama chaawala lela tanaa?
क्या आप सब्जियाँ ले जा सकते हैं?,Can you carry vegetables?,आम सब्जियाँ लेल तनाए?,aama sabjiyaan lela tanaae?
क्या आप फल ले जा सकते हैं?,Can you carry fruit?,आम फल लेल तनाए?,aama phala lela tanaae?
क्या आप साबुन ले जा सकते हैं?,Can you take soap?,आम साबुन लेल तना?,aama saabuna lela tanaa?
क्या आप तेल ले जा सकते हैं?,Can you carry oil?,आम तेल लेल लेल तना?,aama tela lela lela tanaa?
क्या आप नमक ले जा सकते हैं?,Can you carry salt?,आमा: नमक लेलो:वा,aamaa: namaka lelo:waa
क्या आप चीनी ले जा सकते हैं?,Can you take sugar?,आम चीनी लेल तना?,aama chiinii lela tanaa?
क्या आप कपड़ा ले जा सकते हैं?,Can you take the clothes?,आम कपड़ा लेल तनाए?,aama kapada़aa lela tanaae?
क्या आप जूते ले जा सकते हैं?,Can you take the shoes?,आम जूता लेल तनाए?,aama juutaa lela tanaae?
क्या आप शर्ट ले जा सकते हैं?,Can you take the shirt?,आम शर्ट लेल तनाए?,aama sharta lela tanaae?
क्या आप किताब ले जा सकते हैं?,Can you take the book?,आम किताब लेल तना?,aama kitaaba lela tanaa?
क्या आप कलम ले जा सकते हैं?,Can you take a pen?,आम कलम लेल जाना?,aama kalama lela jaanaa?
क्या आप दीपक ले जा सकते हैं?,Can you take the lamp?,आम दीपक लेलकेदाए?,aama diipaka lelakedaae?
क्या आप बाल्टी ले जा सकते हैं?,Can you carry a bucket?,आम बाल्टी लेल जाना?,aama baaltii lela jaanaa?
क्या आप रस्सी ले जा सकते हैं?,Can you carry a rope?,आम रस्सी लेल तनाए?,aama rassii lela tanaae?
क्या आप बीज ले जा सकते हैं?,Can you carry seeds?,आम बीज लेल तनाए?,aama biija lela tanaae?
क्या आप उपकरण ले जा सकते हैं?,Can you move the equipment?,आम उपकरण लेल तनाए?,aama upakarana lela tanaae?
क्या आप बोतल ले जा सकते हैं?,Can you take the bottle?,आम बोतल लेल तनाए?,aama botala lela tanaae?
क्या आप बक्सा ले जा सकते हैं?,Can you take the box?,आम बक्सा लेल तना?,aama baksaa lela tanaa?
क्या आप कीमत ले सकते हैं?,Can you take the price?,आमा:मत लेल रिकाएआ?,aamaa:mata lela rikaaeaa?
क्या आप रसीद ले जा सकते हैं?,Can you take the receipt?,आम रसीद लेल तनाए?,aama rasiida lela tanaae?
क्या आप पैसे ले जा सकते हैं?,Can you take the money?,आम पैसा लेल तनाए?,aama paisaa lela tanaae?
कृपया फ़ोन खोलें.,Please open the phone.,ओड़ो: कृपया फ़ोन खोब जना।,oda़o: kripayaa pha़ona khoba janaa.
कृपया चार्जर खोलें.,Please open the charger.,ओड़ो: कृपया चार्जर ओमकेदा।,oda़o: kripayaa chaarjara omakedaa.
कृपया कंप्यूटर खोलें.,Please open the computer.,ओड़ोः चिमतुङ कंप्यूटर खोलाओःआ।,oda़oh chimatunga kanpyuutara kholaaohaa.
कृपया कीबोर्ड खोलें.,Please open the keyboard.,ओड़ो: कृपया रा:बोर्ड ओमकेदाए।,oda़o: kripayaa raa:borda omakedaae.
कृपया माउस खोलें.,Please open the mouse.,ओड़ोः नेआ माउस ओमकेदाएः।,oda़oh neaa maausa omakedaaeh.
कृपया स्क्रीन खोलें.,Please open the screen.,ओड़ो: कृपया स्क्रीन खोब जना।,oda़o: kripayaa skriina khoba janaa.
कृपया कैमरा खोलें.,Please open the camera.,ओड़ो: कृपया कैमरा खोब जना।,oda़o: kripayaa kaimaraa khoba janaa.
कृपया स्पीकर खोलें.,Please open the speaker.,ओड़ोः नुतुम स्पीकर खोलाओःआ।,oda़oh nutuma spiikara kholaaohaa.
कृपया हेडफ़ोन खोलें.,Please open the headphones.,ओड़ोः चिलका हेडफ़ोन ओमेआएः।,oda़oh chilakaa hedapha़ona omeaaeh.
कृपया फ़ाइल खोलें.,Please open the file.,ओड़ो: कृपया फ़ाइल खोब जना।,oda़o: kripayaa pha़aaila khoba janaa.
कृपया फ़ोल्डर खोलें.,Please open the folder.,ओड़ो: कृपया फ़ोल्डर खोब जना।,oda़o: kripayaa pha़oldara khoba janaa.
कृपया दस्तावेज़ खोलें.,Please open the document.,ओड़ोः मेनदो दस्तावेज़ खोलाओःआ।,oda़oh menado dastaaweja़ kholaaohaa.
कृपया फोटो खोलें.,Please open the photo.,ओड़ोः नेआ फोटो खोबोर जना।,oda़oh neaa photo khobora janaa.
कृपया वीडियो खोलें.,Please open the video.,ओड़ोः एटाः वीडियो खोबोर जना।,oda़oh etaah wiidiyo khobora janaa.
कृपया संदेश खोलें.,Please open the message.,ओड़ो: कृपया संदेश खोब जना।,oda़o: kripayaa sandesha khoba janaa.
कृपया पासवर्ड खोलें.,Please open the password.,ओड़ो: कृपया पासवर्ड ओमकेदाए।,oda़o: kripayaa paasawarda omakedaae.
कृपया वेबसाइट खोलें.,Please open the website.,ओड़ोः नुतुम वेबसाइट खोब जना।,oda़oh nutuma webasaaita khoba janaa.
कृपया ऐप खोलें.,Please open the app.,ओड़ो: नेप ओमकेदाए।,oda़o: nepa omakedaae.
कृपया बटन खोलें.,Please open the button.,ओड़ोः नेआ बटन ओमकेदाएः।,oda़oh neaa batana omakedaaeh.
कृपया बैटरी खोलें.,Please open the battery.,ओड़ोः मेनदो बैटरी खोलाओःआ।,oda़oh menado baitarii kholaaohaa.
कृपया केबल खोलें.,Please open the cable.,ओड़ो: कृपया केबल खोब जना।,oda़o: kripayaa kebala khoba janaa.
कृपया प्रिंटर खोलें.,Please open the printer.,ओड़ो: कृपया प्रिंटर खोब जना।,oda़o: kripayaa printara khoba janaa.
कृपया टेबलेट खोलें.,Please open the tablet.,ओड़ो: कृपया टेबलेट खोलि जना।,oda़o: kripayaa tebaleta kholi janaa.
कृपया इंटरनेट खोलें.,Please open the internet.,ओड़ोः मेनते इंटरनेट खोलाओःआ।,oda़oh menate intaraneta kholaaohaa.
कृपया फ़ोन बंद करें.,Please turn off the phone.,मेनदो कृपया फ़ोन बंद केदाएः।,menado kripayaa pha़ona banda kedaaeh.
कृपया चार्जर बंद कर दें.,Please turn off the charger.,ओड़ो: कृपया चार्जर बंद केदाए।,oda़o: kripayaa chaarjara banda kedaae.
कृपया कंप्यूटर बंद करें.,Please turn off the computer.,ओड़ोः कृपया कंप्यूटर बंद केदाएः।,oda़oh kripayaa kanpyuutara banda kedaaeh.
कृपया कीबोर्ड बंद करें.,Please close the keyboard.,ओड़ो: कृपया कीबोर्ड बंद रिकाएआ।,oda़o: kripayaa kiiborda banda rikaaeaa.
कृपया माउस बंद करें.,Please turn off the mouse.,ओड़ोः नेआ माउस बंद केदाएः।,oda़oh neaa maausa banda kedaaeh.
कृपया स्क्रीन बंद करें.,Please turn off the screen.,ओड़ो: कृपया स्क्रीन बंद ताइकेना।,oda़o: kripayaa skriina banda taaikenaa.
कृपया कैमरा बंद करें.,Please turn off the camera.,ओड़ोः नेआ कैमरा बंद केदाएः।,oda़oh neaa kaimaraa banda kedaaeh.
कृपया स्पीकर बंद कर दें.,Please turn off the speaker.,ओड़ो: कृपया स्पीकर बंद केदाए।,oda़o: kripayaa spiikara banda kedaae.
कृपया हेडफ़ोन बंद करें.,Please turn off the headphones.,मेनदो हेडफ़ोन बंद केदाएः।,menado hedapha़ona banda kedaaeh.
कृपया फ़ाइल बंद करें.,Please close the file.,ओड़ो: कृपया फ़ाइल बंद रिकाएआ।,oda़o: kripayaa pha़aaila banda rikaaeaa.
कृपया फ़ोल्डर बंद करें.,Please close the folder.,ओड़ो: कृपया फ़ोल्डर बंद ताइकेना।,oda़o: kripayaa pha़oldara banda taaikenaa.
कृपया दस्तावेज़ बंद करें.,Please close the document.,मेनदो कृपया दस्तावेज बंद रिकाएआ।,menado kripayaa dastaaweja banda rikaaeaa.
कृपया फ़ोटो बंद करें.,Please close the photo.,मेनदो कृपया फोटो बंद ताइकेना।,menado kripayaa photo banda taaikenaa.
कृपया वीडियो बंद करें.,Please stop the video.,ओड़ोः कृपया वीडियो बंद ताइकेना।,oda़oh kripayaa wiidiyo banda taaikenaa.
कृपया संदेश बंद करें.,Please close the message.,ओड़ो: कृपया संदेश बंद ताइकेना।,oda़o: kripayaa sandesha banda taaikenaa.
कृपया पासवर्ड बंद करें.,Please turn off the password.,ओड़ोः कृपया पासवर्ड बंद केदाएः।,oda़oh kripayaa paasawarda banda kedaaeh.
कृपया वेबसाइट बंद करें.,Please close the website.,ओड़ोः नेबसाइट बंद केदाएः।,oda़oh nebasaaita banda kedaaeh.
कृपया ऐप बंद करें.,Please close the app.,नेप बंद रिकाएआ।,nepa banda rikaaeaa.
कृपया बटन बंद करें.,Please close the button.,ओड़ो: कृपया बटन बंद ताइकेना।,oda़o: kripayaa batana banda taaikenaa.
कृपया बैटरी बंद करें.,Please turn off the battery.,ओड़ोः कृपया बैटरी बंद ताइकेना।,oda़oh kripayaa baitarii banda taaikenaa.
कृपया केबल बंद करें.,Please turn off the cable.,ओड़ो: कृपया केबल बंद रिकाएआ।,oda़o: kripayaa kebala banda rikaaeaa.
कृपया प्रिंटर बंद करें.,Please turn off the printer.,मेनदो कृपया प्रिंटर बंद केदाएः।,menado kripayaa printara banda kedaaeh.
कृपया टेबलेट बंद करें.,Please turn off the tablet.,ओड़ोः कृपया टेबलेट बंद ताइकेना।,oda़oh kripayaa tebaleta banda taaikenaa.
कृपया इंटरनेट बंद करें.,Please turn off the internet.,ओड़ोः कृपया इंटरनेट बंद ताइकेना।,oda़oh kripayaa intaraneta banda taaikenaa.
कृपया फ़ोन जांचें.,Please check the phone.,ओड़ो: कृपया फ़ोन जांच केदा।,oda़o: kripayaa pha़ona jaancha kedaa.
कृपया चार्जर की जांच करें.,Please check the charger.,ओड़ोः कृपया चार्जर राः जांच केदाएः।,oda़oh kripayaa chaarjara raah jaancha kedaaeh.
कृपया कंप्यूटर की जांच करें.,Please check your computer.,ओड़ोः कृपया कंप्यूटर राः जांच केदाएः।,oda़oh kripayaa kanpyuutara raah jaancha kedaaeh.
कृपया कीबोर्ड की जांच करें.,Please check the keyboard.,ओड़ो: कृपया कीबोर्ड रा: जांच रिकाएआ।,oda़o: kripayaa kiiborda raa: jaancha rikaaeaa.
कृपया माउस की जाँच करें.,Please check the mouse.,ओड़ोः नेआ माउस राः जाँच केदाएः।,oda़oh neaa maausa raah jaancha kedaaeh.
कृपया स्क्रीन की जांच करें.,Please check the screen.,ओड़ोः कृपया स्क्रीन राः जांच केदाएः।,oda़oh kripayaa skriina raah jaancha kedaaeh.
कृपया कैमरे की जांच करें.,Please check the camera.,ओड़ोः कृपया कैमरे राः जांच रिकाएः।,oda़oh kripayaa kaimare raah jaancha rikaaeh.
कृपया स्पीकर की जांच करें.,Please check the speaker.,ओड़ोः कृपया स्पीकर राः जांच केदाएः।,oda़oh kripayaa spiikara raah jaancha kedaaeh.
कृपया हेडफोन की जांच करें.,Please check the headphones.,नेडफोन राः जांच रिकाकेदाएः।,nedaphona raah jaancha rikaakedaaeh.
कृपया फ़ाइल की जाँच करें.,Please check the file.,ओड़ो: कृपया फ़ाइल रा: जाँच रिकाएआ।,oda़o: kripayaa pha़aaila raa: jaancha rikaaeaa.
कृपया फ़ोल्डर की जाँच करें.,Please check the folder.,ओड़ो: कृपया फ़ोल्डर रा: जाँच रिकाएआ।,oda़o: kripayaa pha़oldara raa: jaancha rikaaeaa.
कृपया दस्तावेज़ की जाँच करें.,Please check the document.,ओड़ो: कृपया दस्तावेज़ रा: जाँच रिकाएआ।,oda़o: kripayaa dastaaweja़ raa: jaancha rikaaeaa.
कृपया फोटो जांचें.,Please check the photo.,ओड़ो: कृपया फोटो जांच केदा।,oda़o: kripayaa photo jaancha kedaa.
कृपया वीडियो जांचें.,Please check the video.,ओड़ो: कृपया वीडियो जांच केदा।,oda़o: kripayaa wiidiyo jaancha kedaa.
कृपया संदेश की जांच करें.,Please check the message.,ओड़ोः कृपया संदेश राः जांच केदाएः।,oda़oh kripayaa sandesha raah jaancha kedaaeh.
कृपया पासवर्ड जांचें.,Please check the password.,ओड़ो: कृपया पासवर्ड जांच केदा।,oda़o: kripayaa paasawarda jaancha kedaa.
कृपया वेबसाइट जांचें.,Please check the website.,ओड़ो: कृपया वेबसाइट जांच केदा।,oda़o: kripayaa webasaaita jaancha kedaa.
कृपया ऐप जांचें.,Please check the app.,ओड़ो: कृपया ऐप जांच केदा।,oda़o: kripayaa aipa jaancha kedaa.
कृपया बटन जांचें.,Please check the button.,ओड़ो: कृपया बटन जांच केदा।,oda़o: kripayaa batana jaancha kedaa.
कृपया बैटरी की जांच करें.,Please check the battery.,ओड़ोः कृपया बैटरी राः जांच केदाएः।,oda़oh kripayaa baitarii raah jaancha kedaaeh.
कृपया केबल की जांच करें.,Please check the cable.,ओड़ो: कृपया केबल रा: जांच रिकाएआ।,oda़o: kripayaa kebala raa: jaancha rikaaeaa.
कृपया प्रिंटर की जांच करें.,Please check the printer.,मेनदो कृपया प्रिंटर राः जांच रिकाएआ।,menado kripayaa printara raah jaancha rikaaeaa.
कृपया टेबलेट की जांच करें.,Please check the tablet.,ओड़ोः कृपया टेबलेट राः जांच केदाएः।,oda़oh kripayaa tebaleta raah jaancha kedaaeh.
कृपया इंटरनेट जांचें.,Please check the internet.,ओड़ोः कृपया इंटरनेट जांच जना।,oda़oh kripayaa intaraneta jaancha janaa.
फ़ोन काम नहीं कर रहा है.,The phone is not working.,मेनदो फ़ोन कामि का ताइकेना।,menado pha़ona kaami kaa taaikenaa.
चार्जर काम नहीं कर रहा है.,The charger is not working.,मेनदो चार्जर कामि का ताइकेना।,menado chaarjara kaami kaa taaikenaa.
कंप्यूटर काम नहीं कर रहा है.,The computer is not working.,मेनदो कंप्यूटर कामि का ताइकेना।,menado kanpyuutara kaami kaa taaikenaa.
कीबोर्ड काम नहीं कर रहा है.,The keyboard is not working.,ओड़ो: कीबोर्ड कामि का ताइकेना।,oda़o: kiiborda kaami kaa taaikenaa.
माउस काम नहीं कर रहा है.,The mouse is not working.,मेनदो माउस कामि का ताइकेना।,menado maausa kaami kaa taaikenaa.
स्क्रीन काम नहीं कर रही है.,The screen is not working.,स्क्रीन कामि का ताइकेना।,skriina kaami kaa taaikenaa.
कैमरा काम नहीं कर रहा है.,The camera is not working.,मेनदो कैमरा कामि का ताइकेना।,menado kaimaraa kaami kaa taaikenaa.
स्पीकर काम नहीं कर रहा है.,The speaker is not working.,मेनदो स्पीकर कामि का ताइकेना।,menado spiikara kaami kaa taaikenaa.
हेडफ़ोन काम नहीं कर रहा है.,The headphones are not working.,मेनदो हेडफ़ोन काम का रिका तनाए।,menado hedapha़ona kaama kaa rikaa tanaae.
फ़ाइल काम नहीं कर रही है.,The file is not working.,मेनदो फाइल कामि का ताइकेना।,menado phaaila kaami kaa taaikenaa.
फ़ोल्डर काम नहीं कर रहा है.,The folder is not working.,मेनदो फ़ोल्डर कामि का ताइकेना।,menado pha़oldara kaami kaa taaikenaa.
दस्तावेज़ काम नहीं कर रहा है.,The document is not working.,मेनदो दस्तावेज़ कामि का ताइकेना।,menado dastaaweja़ kaami kaa taaikenaa.
फोटो काम नहीं कर रहा है.,The photo is not working.,मेनदो फोटो कामि का ताइकेना।,menado photo kaami kaa taaikenaa.
वीडियो काम नहीं कर रहा है.,The video is not working.,ओड़ोः वीडियो कामि का ताइकेना।,oda़oh wiidiyo kaami kaa taaikenaa.
संदेश काम नहीं कर रहा है.,The message is not working.,मेनदो संदेश कामि का ताइकेना।,menado sandesha kaami kaa taaikenaa.
पासवर्ड काम नहीं कर रहा.,The password is not working.,मेनदो पासवर्ड कामि का ताइकेना।,menado paasawarda kaami kaa taaikenaa.
वेबसाइट काम नहीं कर रही है.,The website is not working.,मेनदो वेबसाइट कामि का ताइकेना।,menado webasaaita kaami kaa taaikenaa.
ऐप काम नहीं कर रहा है.,The app is not working.,नेप कामि का रिका तनाए।,nepa kaami kaa rikaa tanaae.
बटन काम नहीं कर रहा है.,The button is not working.,मेनदो बटन कामि का रिका तनाए।,menado batana kaami kaa rikaa tanaae.
बैटरी काम नहीं कर रही है.,The battery is not working.,मेनदो बैटरी कामि का ताइकेना।,menado baitarii kaami kaa taaikenaa.
केबल काम नहीं कर रही है.,The cable is not working.,मेनदो केबल कामि का रिका तनाए।,menado kebala kaami kaa rikaa tanaae.
प्रिंटर काम नहीं कर रहा है.,The printer is not working.,प्रिंटर कामि का ताइकेना।,printara kaami kaa taaikenaa.
टेबलेट काम नहीं कर रहा है.,The tablet is not working.,मेनदो टेबलेट कामि का ताइकेना।,menado tebaleta kaami kaa taaikenaa.
इंटरनेट काम नहीं कर रहा है.,The internet is not working.,मेनदो इंटरनेट काम का रिका तनाए।,menado intaraneta kaama kaa rikaa tanaae.
फोन को चार्जिंग की जरूरत है.,The phone needs charging.,फोन के चार्जिंग रा: जरूड़ी मेना:,phona ke chaarjinga raa: jaruuda़ii menaa:
चार्जर को चार्ज करने की आवश्यकता है.,The charger needs to be charged.,चार्जर के चार्जर के चार्ज रा: आवश्यकता मेना:।,chaarjara ke chaarjara ke chaarja raa: aawashyakataa menaa:.
कंप्यूटर को चार्जिंग की आवश्यकता है.,The computer needs charging.,कंप्यूटर के चार्जिंग रा: आवश्यकता मेना:,kanpyuutara ke chaarjinga raa: aawashyakataa menaa:
कीबोर्ड को चार्जिंग की आवश्यकता है.,The keyboard requires charging.,काबोर्ड के चार्जिंग रा: आवश्यकता मेना:।,kaaborda ke chaarjinga raa: aawashyakataa menaa:.
माउस को चार्जिंग की आवश्यकता है.,The mouse requires charging.,मेनदो माउस के चार्जिंग राः आवश्यकता मेना:।,menado maausa ke chaarjinga raah aawashyakataa menaa:.
स्क्रीन को चार्जिंग की आवश्यकता है.,The screen requires charging.,स्क्रीन के चार्जिंग रा: आवश्यकता मेना:।,skriina ke chaarjinga raa: aawashyakataa menaa:.
कैमरे को चार्जिंग की आवश्यकता है.,The camera requires charging.,कैमरे के चार्जिंग रा: आवश्यकता मेना:।,kaimare ke chaarjinga raa: aawashyakataa menaa:.
स्पीकर को चार्जिंग की आवश्यकता है.,The speaker requires charging.,रआः स्पीकर के चार्जिंग राः आवश्यकता मेना:।,raaah spiikara ke chaarjinga raah aawashyakataa menaa:.
हेडफ़ोन को चार्जिंग की आवश्यकता है.,Headphones require charging.,हेडफ़ोन के चार्जिंग रा: आवश्यकता मेना:,hedapha़ona ke chaarjinga raa: aawashyakataa menaa:
फ़ाइल को चार्जिंग की आवश्यकता है.,The file requires charging.,एटा: फ़ाइल के चार्जिंग रा: आवश्यकता मेना:,etaa: pha़aaila ke chaarjinga raa: aawashyakataa menaa:
फ़ोल्डर को चार्ज करने की आवश्यकता है.,The folder needs to be charged.,एटा: फ़ोल्डर के चार्ज रा: आवश्यकता मेना:,etaa: pha़oldara ke chaarja raa: aawashyakataa menaa:
दस्तावेज़ को चार्ज करने की आवश्यकता है.,The document needs to be charged.,एटा: दस्तावेज़ के चार्ज रा: आवश्यकता मेना:।,etaa: dastaaweja़ ke chaarja raa: aawashyakataa menaa:.
फोटो को चार्जिंग की जरूरत है.,Photo needs charging.,फोटो के चार्जिंग रा: जरूड़ी मेना:,photo ke chaarjinga raa: jaruuda़ii menaa:
वीडियो को चार्जिंग की आवश्यकता है.,Video requires charging.,ओड़ोः वीडियो के चार्जिंग राः जारुड़ु मेनाः।,oda़oh wiidiyo ke chaarjinga raah jaaruda़u menaah.
संदेश को चार्ज करने की आवश्यकता है.,Message needs to be charged.,मेनदो संदेश के चार्ज रिका रआः जारुड़ु मेनाः।,menado sandesha ke chaarja rikaa raaah jaaruda़u menaah.
पासवर्ड को चार्ज करने की आवश्यकता है.,Password is required to charge.,मेनदो पासवर्ड के चार्ज राः आवश्यकता मेना:।,menado paasawarda ke chaarja raah aawashyakataa menaa:.
वेबसाइट को चार्जिंग की आवश्यकता है.,The website requires charging.,इनि वेबसाइट के चार्जिंग रा: आवश्यकता मेना:।,ini webasaaita ke chaarjinga raa: aawashyakataa menaa:.
ऐप को चार्जिंग की जरूरत है.,The app needs charging.,नेप के चार्जिंग रा: जरूड़ी मेना:,nepa ke chaarjinga raa: jaruuda़ii menaa:
बटन को चार्ज करने की आवश्यकता है.,The button needs to be charged.,ओड़ोः बटन को चार्ज रिका रआः जारुड़ु मेनाः।,oda़oh batana ko chaarja rikaa raaah jaaruda़u menaah.
बैटरी को चार्जिंग की जरूरत है.,The battery needs charging.,एटा: बैटरी के चार्जिंग रा: जरूड़ी मेना:,etaa: baitarii ke chaarjinga raa: jaruuda़ii menaa:
केबल को चार्जिंग की आवश्यकता है.,Cable required for charging.,ओड़ो: केबल के चार्जिंग रा: आवश्यकता मेना:।,oda़o: kebala ke chaarjinga raa: aawashyakataa menaa:.
प्रिंटर को चार्जिंग की आवश्यकता है.,The printer requires charging.,प्रिंटर के चार्जिंग रा: आवश्यकता मेना:।,printara ke chaarjinga raa: aawashyakataa menaa:.
टैबलेट को चार्जिंग की आवश्यकता है.,The tablet requires charging.,टैबलेट के चार्जिंग रा: आवश्यकता मेना:।,taibaleta ke chaarjinga raa: aawashyakataa menaa:.
इंटरनेट को चार्जिंग की जरूरत है.,Internet needs charging.,इंटरनेट के चार्जिंग रा: जरूड़ी मेना:,intaraneta ke chaarjinga raa: jaruuda़ii menaa:
मैंने फोन सेव कर लिया.,I saved the phone.,आञ फोन सेव केदाञ।,aanya phona sewa kedaanya.
मैंने चार्जर सहेज लिया.,I saved the charger.,आञ चार्जर सहेज केदाञ।,aanya chaarjara saheja kedaanya.
मैंने कंप्यूटर सहेजा.,I saved the computer.,आञ कंप्यूटर सहेजादाञ।,aanya kanpyuutara sahejaadaanya.
मैंने कीबोर्ड सहेजा.,I saved the keyboard.,आञ कीबोर्ड सहेजादाञ।,aanya kiiborda sahejaadaanya.
मैंने चूहे को बचा लिया.,I saved the mouse.,आइंग चूह के बइया केदाञ।,aainga chuuha ke baiyaa kedaanya.
मैंने स्क्रीन सहेज ली.,I saved the screen.,आञ स्क्रीन सहेज केदाञ।,aanya skriina saheja kedaanya.
मैंने कैमरा सहेज लिया.,I saved the camera.,आञ कैमरा सहेज केदाञ।,aanya kaimaraa saheja kedaanya.
मैंने स्पीकर को बचा लिया.,I saved the speaker.,आञ स्पीकर के बाइकेदाञ।,aanya spiikara ke baaikedaanya.
मैंने हेडफ़ोन सहेज लिया.,I saved the headphones.,आञ हेडफ़ोन सहेज केदाञ।,aanya hedapha़ona saheja kedaanya.
मैंने फ़ाइल सहेज ली.,I saved the file.,आञ फाइल सहेज केदाञ।,aanya phaaila saheja kedaanya.
मैंने फ़ोल्डर सहेजा.,I saved the folder.,आञ फ़ोल्डर सहेजादाञ।,aanya pha़oldara sahejaadaanya.
मैंने दस्तावेज़ सहेजा.,I saved the document.,आञ दस्तावेज़ सहेजाञ।,aanya dastaaweja़ sahejaanya.
मैंने फोटो सेव कर लिया.,I saved the photo.,आञ फोटो सेव केदाञ।,aanya photo sewa kedaanya.
मैंने वीडियो सहेजा.,I saved the video.,आञ वीडियो सहेजादाञ।,aanya wiidiyo sahejaadaanya.
मैंने संदेश सहेजा.,I saved the message.,आञ संदेश सहेजादाञ।,aanya sandesha sahejaadaanya.
मैंने पासवर्ड सेव कर लिया.,I saved the password.,आञ पासवर्ड सेव केदाञ।,aanya paasawarda sewa kedaanya.
मैंने वेबसाइट सहेज ली.,I saved the website.,आञ वेबसाइट सहेज केदाञ।,aanya webasaaita saheja kedaanya.
मैंने ऐप सहेजा.,I saved the app.,आञ ऐप सहेजादाञ।,aanya aipa sahejaadaanya.
मैंने बटन सहेजा.,I saved the button.,आञ बटन सहेजाञाञ।,aanya batana sahejaanyaanya.
मैंने बैटरी बचा ली.,I saved the battery.,आञ बैटरी बाइकेदाञ।,aanya baitarii baaikedaanya.
मैंने केबल सहेज ली.,I saved the cable.,आञ केबल सहेज केदाञ।,aanya kebala saheja kedaanya.
मैंने प्रिंटर सहेज लिया.,I saved the printer.,आञ प्रिंटर सहेज केदाञ।,aanya printara saheja kedaanya.
मैंने टेबलेट सहेज लिया.,I saved the tablet.,आञ टेबलेट सहेज केदाञ।,aanya tebaleta saheja kedaanya.
मैंने इंटरनेट बचा लिया.,I saved the internet.,आञ इंटरनेट बाइकेदाञ।,aanya intaraneta baaikedaanya.
कृपया फ़ोन कनेक्ट करें.,Please connect the phone.,ओड़ोः कृपया फ़ोन कनेक्ट मेनाः।,oda़oh kripayaa pha़ona kanekta menaah.
कृपया चार्जर कनेक्ट करें.,Please connect the charger.,ओड़ोः कृपया चार्जर कनेक्ट मेनाः।,oda़oh kripayaa chaarjara kanekta menaah.
कृपया कंप्यूटर कनेक्ट करें.,Please connect the computer.,ओड़ोः कृपया कंप्यूटर कनेक्ट मेनाः।,oda़oh kripayaa kanpyuutara kanekta menaah.
कृपया कीबोर्ड कनेक्ट करें.,Please connect the keyboard.,ओड़ो: कृपया कीबोर्ड कनेक्ट रिकाएआ।,oda़o: kripayaa kiiborda kanekta rikaaeaa.
कृपया माउस कनेक्ट करें.,Please connect a mouse.,ओड़ोः माउस कनेक्ट केदाएः।,oda़oh maausa kanekta kedaaeh.
कृपया स्क्रीन कनेक्ट करें.,Please connect the screen.,ओड़ो: कृपया स्क्रीन कनेक्ट मेनाः।,oda़o: kripayaa skriina kanekta menaah.
कृपया कैमरा कनेक्ट करें.,Please connect the camera.,ओड़ोः कृपया कैमरा कनेक्ट केदाएः।,oda़oh kripayaa kaimaraa kanekta kedaaeh.
कृपया स्पीकर कनेक्ट करें.,Please connect the speaker.,ओड़ोः कृपया स्पीकर कनेक्ट मेनाः।,oda़oh kripayaa spiikara kanekta menaah.
कृपया हेडफ़ोन कनेक्ट करें.,Please connect headphones.,ओड़ो: हेडफ़ोन कनेक्ट रिकाएआ।,oda़o: hedapha़ona kanekta rikaaeaa.
कृपया फ़ाइल कनेक्ट करें.,Please connect the file.,ओड़ो: कृपया फ़ाइल कनेक्ट रिकाएआ।,oda़o: kripayaa pha़aaila kanekta rikaaeaa.
कृपया फ़ोल्डर कनेक्ट करें.,Please connect the folder.,ओड़ो: कृपया फ़ोल्डर कनेक्ट केदा।,oda़o: kripayaa pha़oldara kanekta kedaa.
कृपया दस्तावेज़ कनेक्ट करें.,Please connect the document.,ओड़ोः कृपया दस्तावेज़ कनेक्ट मेनाः।,oda़oh kripayaa dastaaweja़ kanekta menaah.
कृपया फोटो कनेक्ट करें.,Please connect a photo.,ओड़ो: कृपया फोटो कनेक्ट केदा।,oda़o: kripayaa photo kanekta kedaa.
कृपया वीडियो कनेक्ट करें.,Please connect the video.,ओड़ोः कृपया वीडियो कनेक्ट केदाएः।,oda़oh kripayaa wiidiyo kanekta kedaaeh.
कृपया संदेश कनेक्ट करें.,Please connect the message.,ओड़ोः कृपया संदेश कनेक्ट केदा।,oda़oh kripayaa sandesha kanekta kedaa.
कृपया पासवर्ड कनेक्ट करें.,Please connect password.,ओड़ोः कृपया पासवर्ड कनेक्ट केदाएः।,oda़oh kripayaa paasawarda kanekta kedaaeh.
कृपया वेबसाइट से जुड़ें.,Please join the website.,ओड़ो: कृपया वेबसाइट ते जुड़ेंओआ।,oda़o: kripayaa webasaaita te juda़enoaa.
कृपया ऐप कनेक्ट करें.,Please connect the app.,ओड़ो: कृपया ऐप कनेक्ट केदा।,oda़o: kripayaa aipa kanekta kedaa.
कृपया बटन कनेक्ट करें.,Please connect the button.,ओड़ोः कृपया बटन कनेक्ट मेनाः।,oda़oh kripayaa batana kanekta menaah.
कृपया बैटरी कनेक्ट करें.,Please connect the battery.,ओड़ोः कृपया बैटरी कनेक्ट केदाएः।,oda़oh kripayaa baitarii kanekta kedaaeh.
कृपया केबल कनेक्ट करें.,Please connect the cable.,ओड़ोः कृपया केबल कनेक्ट मेनाः।,oda़oh kripayaa kebala kanekta menaah.
कृपया प्रिंटर कनेक्ट करें.,Please connect the printer.,ओड़ोः कृपया प्रिंटर कनेक्ट मेनाः।,oda़oh kripayaa printara kanekta menaah.
कृपया टेबलेट कनेक्ट करें.,Please connect the tablet.,ओड़ो: कृपया टेबलेट कनेक्ट मेनाः।,oda़o: kripayaa tebaleta kanekta menaah.
कृपया इंटरनेट कनेक्ट करें.,Please connect to the internet.,ओड़ोः नुतुम इंटरनेट कनेक्ट कनेक्ट मेनाः।,oda़oh nutuma intaraneta kanekta kanekta menaah.
फ़ोन डिलीट न करें.,Do not delete the phone.,मेनदो फ़ोन डिलीट नमोःआ।,menado pha़ona diliita namohaa.
चार्जर को न हटाएं.,Do not remove the charger.,चार्जर के नवा हटाओआ।,chaarjara ke nawaa hataaoaa.
कंप्यूटर को डिलीट न करें.,Do not delete the computer.,कंप्यूटर के डिलीट रिकाएआ।,kanpyuutara ke diliita rikaaeaa.
कीबोर्ड को डिलीट न करें.,Do not delete the keyboard.,ओड़ो: कीबोर्ड के डिलीट रिकाएआ।,oda़o: kiiborda ke diliita rikaaeaa.
माउस को न हटाएं.,Do not remove the mouse.,ओड़ो: माउस के नवा हटाओआ।,oda़o: maausa ke nawaa hataaoaa.
स्क्रीन को न हटाएं.,Do not remove the screen.,स्क्रीन नवा स्क्रीन नवा हटाओआ।,skriina nawaa skriina nawaa hataaoaa.
कैमरा न हटाएँ.,Do not remove the camera.,मेनदो कैमरा नवा हटाओआ।,menado kaimaraa nawaa hataaoaa.
स्पीकर को न हटाएं.,Do not remove the speaker.,रआः स्पीकर के नवा हटाओआ।,raaah spiikara ke nawaa hataaoaa.
हेडफोन को डिलीट न करें.,Do not delete the headphones.,हेडफोन के डिलीट रिकाएआ।,hedaphona ke diliita rikaaeaa.
फ़ाइल को डिलीट न करें.,Do not delete the file.,एटा: फ़ाइल के डिलीट नवा,etaa: pha़aaila ke diliita nawaa
फ़ोल्डर को डिलीट न करें.,Do not delete the folder.,ओड़ो: फ़ोल्डर के डिलीट रिकाएआ।,oda़o: pha़oldara ke diliita rikaaeaa.
दस्तावेज़ को न हटाएं.,Do not delete the document.,एटा: दस्तावेज़ के नवा हटाओवा,etaa: dastaaweja़ ke nawaa hataaowaa
फोटो डिलीट न करें.,Do not delete the photo.,ओड़ोः फोटो डिलीट नमोःआ।,oda़oh photo diliita namohaa.
वीडियो डिलीट न करें.,Do not delete the video.,ओड़ोः वीडियो डिलीट नमोःआ।,oda़oh wiidiyo diliita namohaa.
संदेश को न हटाएं.,Do not delete the message.,ओड़ोः संदेश के नमोः हटाओआ।,oda़oh sandesha ke namoh hataaoaa.
पासवर्ड डिलीट न करें.,Do not delete the password.,मेनदो पासवर्ड डिलीट रिकाएआ।,menado paasawarda diliita rikaaeaa.
वेबसाइट को डिलीट न करें.,Do not delete the website.,इनिः वेबसाइट के डिलीट रिकाएःआ।,inih webasaaita ke diliita rikaaehaa.
ऐप को डिलीट न करें.,Do not delete the app.,एप के डिलीट काएः रिकाएः।,epa ke diliita kaaeh rikaaeh.
बटन को न हटाएं.,Do not remove the button.,ओड़ो: बटन के नवा हटाओआ।,oda़o: batana ke nawaa hataaoaa.
बैटरी नष्ट न करें.,Do not destroy the battery.,एटा: बैटरी नष्ट नष्ट रिकाएआ।,etaa: baitarii nashta nashta rikaaeaa.
केबल को न हटाएं.,Do not remove the cable.,ओड़ो: केबल के नवा हटाओआ।,oda़o: kebala ke nawaa hataaoaa.
प्रिंटर को न हटाएं.,Do not remove the printer.,प्रिंटर के का हटाओआ।,printara ke kaa hataaoaa.
टेबलेट को न हटाएं.,Do not remove the tablet.,ने टेबलेट के नवा हटाओआ।,ne tebaleta ke nawaa hataaoaa.
इंटरनेट डिलीट न करें.,Don't delete the internet.,एटा: इंटरनेट डिलीट का रिकाएआ।,etaa: intaraneta diliita kaa rikaaeaa.
क्या आप फ़ोन ढूंढ सकते हैं?,Can you find the phone?,आम फ़ोन ढूंढ दड़िआ?,aama pha़ona dhuundha dada़iaa?
क्या आप चार्जर ढूंढ सकते हैं?,Can you find the charger?,आम चार्जर ढूंढ तनाए?,aama chaarjara dhuundha tanaae?
क्या आप कंप्यूटर ढूंढ सकते हैं?,Can you find the computer?,आम कंप्यूटर ढूंढ तना?,aama kanpyuutara dhuundha tanaa?
क्या आप कीबोर्ड ढूंढ सकते हैं?,Can you find the keyboard?,आम कीबोर्ड ढूंढ तनाए?,aama kiiborda dhuundha tanaae?
क्या आप चूहा ढूंढ सकते हैं?,Can you find the mouse?,आम चूहा ढूंढ तनाए?,aama chuuhaa dhuundha tanaae?
क्या आप स्क्रीन ढूंढ सकते हैं?,Can you find the screen?,आम स्क्रीन ढूंढ तनाए?,aama skriina dhuundha tanaae?
क्या आप कैमरा ढूंढ सकते हैं?,Can you find the camera?,आम कैमरा ढूंढ दड़िआ?,aama kaimaraa dhuundha dada़iaa?
क्या आप स्पीकर ढूंढ सकते हैं?,Can you find the speaker?,आम स्पीकर ढूंढ तना?,aama spiikara dhuundha tanaa?
क्या आप हेडफोन ढूंढ सकते हैं?,Can you find the headphones?,आम हेडफोन ढूंढ तना?,aama hedaphona dhuundha tanaa?
क्या आप फ़ाइल ढूंढ सकते हैं?,Can you find the file?,आम फ़ाइल ढूंढ तनाए?,aama pha़aaila dhuundha tanaae?
क्या आप फ़ोल्डर ढूंढ सकते हैं?,Can you find the folder?,आम फ़ोल्डर ढूंढ तनाए?,aama pha़oldara dhuundha tanaae?
क्या आप दस्तावेज़ ढूंढ सकते हैं?,Can you find the document?,आम दस्तावेज़ ढूंढ तना?,aama dastaaweja़ dhuundha tanaa?
क्या आप फोटो ढूंढ सकते हैं?,Can you find the photo?,आम फोटो ढूंढ तनाए?,aama photo dhuundha tanaae?
क्या आप वीडियो ढूंढ सकते हैं?,Can you find the video?,आम वीडियो ढूंढ तनाए?,aama wiidiyo dhuundha tanaae?
क्या आप संदेश ढूंढ सकते हैं?,Can you find the message?,आम संदेश ढूंढ तनाए?,aama sandesha dhuundha tanaae?
क्या आप पासवर्ड ढूंढ सकते हैं?,Can you find the password?,आम पासवर्ड ढूंढ तना?,aama paasawarda dhuundha tanaa?
क्या आप वेबसाइट ढूंढ सकते हैं?,Can you find the website?,आम वेबसाइट ढूंढ तनाए?,aama webasaaita dhuundha tanaae?
क्या आप ऐप ढूंढ सकते हैं?,Can you find the app?,आम ऐप ढूंढ दड़िआ?,aama aipa dhuundha dada़iaa?
क्या आप बटन ढूंढ सकते हैं?,Can you find the button?,आम बटन ढूंढ तनाए?,aama batana dhuundha tanaae?
क्या आप बैटरी ढूंढ सकते हैं?,Can you find the battery?,आम बैटरी ढूंढ तनाए?,aama baitarii dhuundha tanaae?
क्या आप केबल ढूंढ सकते हैं?,Can you find the cable?,आम केबल ढूंढ तनाए?,aama kebala dhuundha tanaae?
क्या आप प्रिंटर ढूंढ सकते हैं?,Can you find the printer?,आम प्रिंटर ढूंढ तनाए?,aama printara dhuundha tanaae?
क्या आप टेबलेट ढूंढ सकते हैं?,Can you find the tablet?,आम टेबलेट ढूंढ तना?,aama tebaleta dhuundha tanaa?
क्या आप इंटरनेट ढूंढ सकते हैं?,Can you find the internet?,आम इंटरनेट ढूंढ तना?,aama intaraneta dhuundha tanaa?
कृपया फ़ोन का उपयोग सावधानी से करें।,Please use the phone with care.,ओड़ो: कृपया फ़ोनरा: उपयोग सावधानी ते रिकाएआ।,oda़o: kripayaa pha़onaraa: upayoga saawadhaanii te rikaaeaa.
कृपया चार्जर का उपयोग सावधानी से करें।,Please use the charger with care.,ओड़ोः कृपया चार्जर राः उपयोग सावधानीते रिकाएः।,oda़oh kripayaa chaarjara raah upayoga saawadhaaniite rikaaeh.
कृपया कंप्यूटर का उपयोग सावधानी से करें.,Please use the computer with caution.,अदिका कंप्यूटर रआः उपयोग सावधानी ते रिकाएआ।,adikaa kanpyuutara raaah upayoga saawadhaanii te rikaaeaa.
कृपया कीबोर्ड का उपयोग सावधानी से करें।,Please use the keyboard with caution.,ओड़ो: कृपया कीबोर्डरा: उपयोग सावधानी ते रिकाएआ।,oda़o: kripayaa kiibordaraa: upayoga saawadhaanii te rikaaeaa.
कृपया माउस का प्रयोग सावधानी से करें.,Please use the mouse carefully.,मेनदो माउसरा: प्रयोग सावधानी ते रिकाएआ।,menado maausaraa: prayoga saawadhaanii te rikaaeaa.
कृपया स्क्रीन का उपयोग सावधानी से करें।,Please use the screen with care.,नुतुम स्क्रीनरा: उपयोग सावधानी ते रिकाएआ।,nutuma skriinaraa: upayoga saawadhaanii te rikaaeaa.
कृपया कैमरे का उपयोग सावधानी से करें।,Please use the camera with care.,चिमरा राः उपयोग सावधानी ते रिकाएआ।,chimaraa raah upayoga saawadhaanii te rikaaeaa.
कृपया स्पीकर का उपयोग सावधानी से करें।,Please use the speaker with care.,ओड़ोः कृपया स्पीकर राः उपयोग सावधानीते रिकाएः।,oda़oh kripayaa spiikara raah upayoga saawadhaaniite rikaaeh.
कृपया हेडफ़ोन का उपयोग सावधानी से करें।,Please use the headphones with care.,मेनदो हेडफ़ोन राः उपयोग सावधानी ते रिकाएआ।,menado hedapha़ona raah upayoga saawadhaanii te rikaaeaa.
कृपया फ़ाइल का सावधानीपूर्वक उपयोग करें.,Please handle the file with care.,ओड़ो: कृपया फ़ाइल रा: सावधानीपूर्वक उपयोग रिकाएआ।,oda़o: kripayaa pha़aaila raa: saawadhaaniipuurwaka upayoga rikaaeaa.
कृपया फ़ोल्डर का सावधानीपूर्वक उपयोग करें.,Please use the folder with care.,ओड़ो: कृपया फ़ोल्डर रा: सावधानीपूर्वक उपयोग रिकाएआ।,oda़o: kripayaa pha़oldara raa: saawadhaaniipuurwaka upayoga rikaaeaa.
कृपया दस्तावेज़ का सावधानीपूर्वक उपयोग करें।,Please use the document carefully.,ओड़ोः कृपया दस्तावेज़ राः सावधानीपूर्वक उपयोग रिकाएआ।,oda़oh kripayaa dastaaweja़ raah saawadhaaniipuurwaka upayoga rikaaeaa.
कृपया फोटो का उपयोग सावधानी से करें।,Please use photos with caution.,ओड़ोः कृपया फोटो राः उपयोग सावधानीते रिकाएः।,oda़oh kripayaa photo raah upayoga saawadhaaniite rikaaeh.
कृपया वीडियो का उपयोग सावधानी से करें।,Please use the video with caution.,आपान वीडियोरा: उपयोग सावधानी ते रिकाएआ।,aapaana wiidiyoraa: upayoga saawadhaanii te rikaaeaa.
कृपया संदेश का उपयोग सावधानी से करें.,Please use the message with caution.,ओड़ो: कृपया संदेशरा: उपयोग सावधानी ते रिकाएआ।,oda़o: kripayaa sandesharaa: upayoga saawadhaanii te rikaaeaa.
कृपया पासवर्ड का सावधानी से उपयोग करें.,Please use your password carefully.,ओड़ो: कृपया पासवर्ड रा: सावधानी ते उपयोग रिकाएआ।,oda़o: kripayaa paasawarda raa: saawadhaanii te upayoga rikaaeaa.
कृपया वेबसाइट का उपयोग सावधानीपूर्वक करें।,Please use the website with caution.,नेबसाइटरा: उपयोग सावधानीपूर्वक रिकाएआ।,nebasaaitaraa: upayoga saawadhaaniipuurwaka rikaaeaa.
कृपया ऐप का उपयोग सावधानी से करें।,Please use the app with caution.,नेपरा: उपयोग सावधानी ते रिकाएआ।,neparaa: upayoga saawadhaanii te rikaaeaa.
कृपया बटन का उपयोग सावधानी से करें।,Please use the buttons with caution.,ओड़ोः कृपया बटन राः उपयोग सावधानी ते रिकाएः।,oda़oh kripayaa batana raah upayoga saawadhaanii te rikaaeh.
कृपया बैटरी का उपयोग सावधानी से करें।,Please handle the battery with care.,ओड़ोः कृपया बैटरी राः उपयोग सावधानी ते रिकाएः।,oda़oh kripayaa baitarii raah upayoga saawadhaanii te rikaaeh.
कृपया केबल का उपयोग सावधानी से करें।,Please use the cable with care.,ओड़ो: कृपया केबल रा: उपयोग सावधानी ते रिकाएआ।,oda़o: kripayaa kebala raa: upayoga saawadhaanii te rikaaeaa.
कृपया प्रिंटर का उपयोग सावधानी से करें।,Please use the printer with care.,प्रिंटररा: उपयोग सावधानी ते रिकाएआ।,printararaa: upayoga saawadhaanii te rikaaeaa.
कृपया टेबलेट का उपयोग सावधानी से करें।,Please use the tablet with care.,नुतुम टेबलेटरा: उपयोग सावधानी ते रिकाएआ।,nutuma tebaletaraa: upayoga saawadhaanii te rikaaeaa.
कृपया इंटरनेट का उपयोग सावधानी से करें।,Please use the internet with caution.,नेटरनेटरा: उपयोग सावधानी ते रिकाएआ।,netaranetaraa: upayoga saawadhaanii te rikaaeaa.
मैदान तैयार है.,The field is ready.,मेनदो मैदान तैयार मेना:।,menado maidaana taiyaara menaa:.
बीज तैयार है.,The seeds are ready.,मेनदो बीज तैयार मेना:।,menado biija taiyaara menaa:.
मिट्टी तैयार है.,The soil is ready.,मेनदो मिट्टी तैयार मेना:।,menado mittii taiyaara menaa:.
हल तैयार है.,The solution is ready.,ओड़ो: हल तैयार मेना:।,oda़o: hala taiyaara menaa:.
ट्रैक्टर तैयार है.,The tractor is ready.,मेनदो ट्रैक्टर तैयार मेना:।,menado traiktara taiyaara menaa:.
कुआँ तैयार है.,The well is ready.,ओड़ो: कुआँ तैयार मेना:।,oda़o: kuaan taiyaara menaa:.
पंप तैयार है.,The pump is ready.,ओड़ो: पंप तैयार मेना:।,oda़o: panpa taiyaara menaa:.
फसल तैयार है.,The crop is ready.,मेनदो फसल तैयार मेना:।,menado phasala taiyaara menaa:.
मक्का तैयार है.,The corn is ready.,मक्का तैयार मेना:।,makkaa taiyaara menaa:.
सब्जी तैयार है.,The vegetable is ready.,सब्जी तैयार मेना:।,sabjii taiyaara menaa:.
टोकरी तैयार है.,The basket is ready.,मेनदो टोकरी तैयार मेना:।,menado tokarii taiyaara menaa:.
दरांती तैयार है.,The sickle is ready.,मेनदो दरांती तैयार मेना:।,menado daraantii taiyaara menaa:.
रस्सी तैयार है.,The rope is ready.,मेनदो रस्सी तैयार मेना:।,menado rassii taiyaara menaa:.
गाय तैयार है.,The cow is ready.,गाय तैयार मेना:।,gaaya taiyaara menaa:.
बैल तैयार है.,The bull is ready.,ओड़ो: बैल तैयार मेना:।,oda़o: baila taiyaara menaa:.
बकरी तैयार है.,The goat is ready.,मेनदो बकरी तैयार मेना:।,menado bakarii taiyaara menaa:.
चिकन तैयार है.,The chicken is ready.,चिकन चिकन तैयार मेना:।,chikana chikana taiyaara menaa:.
शेड तैयार है.,The shed is ready.,मेनदो शेड तैयार मेना:।,menado sheda taiyaara menaa:.
बाड़ तैयार है.,The fence is ready.,ओड़ो: बाड़ तैयार मेना:।,oda़o: baada़ taiyaara menaa:.
पेड़ तैयार है.,The tree is ready.,ओड़ो: पेड़ तैयार मेना:।,oda़o: peda़ taiyaara menaa:.
पौधा तैयार है.,The plant is ready.,मेनदो पौधा तैयार मेना:।,menado paudhaa taiyaara menaa:.
खाद तैयार है.,The fertilizer is ready.,ओड़ो: खाद तैयार मेना:।,oda़o: khaada taiyaara menaa:.
फसल तैयार है.,The crop is ready.,मेनदो फसल तैयार मेना:।,menado phasala taiyaara menaa:.
कृपया फ़ील्ड की जाँच करें.,Please check the field.,ओड़ोः मेनदो फ़ील्ड राः जाँच केदाएः।,oda़oh menado pha़iilda raah jaancha kedaaeh.
कृपया मिट्टी की जांच करें.,Please check the soil.,ओड़ोः कृपया मिट्टी राः जांच रिकाएः।,oda़oh kripayaa mittii raah jaancha rikaaeh.
कृपया हल की जांच करें.,Please check the solution.,ओड़ोः कृपया हल राः जांच रिकाएः।,oda़oh kripayaa hala raah jaancha rikaaeh.
कृपया ट्रैक्टर की जांच करें.,Please check the tractor.,ओड़ोः कृपया ट्रैक्टर राः जांच केदाएः।,oda़oh kripayaa traiktara raah jaancha kedaaeh.
कृपया कुएं की जांच करें.,Please check the well.,ओड़ो: कृपया कुना रा: जांच रिकाएआ।,oda़o: kripayaa kunaa raa: jaancha rikaaeaa.
कृपया पंप की जांच करें.,Please check the pump.,ओड़ो: कृपया पंपरा: जांच रिकाएआ।,oda़o: kripayaa panparaa: jaancha rikaaeaa.
कृपया फसल की जांच करें.,Please check the crop.,ओड़ो: कृपया फसल रा: जांच रिकाएआ।,oda़o: kripayaa phasala raa: jaancha rikaaeaa.
कृपया मक्के की जांच करें.,Please check the corn.,ओड़ोः कृपया मक्के राः जांच रिकाएः।,oda़oh kripayaa makke raah jaancha rikaaeh.
कृपया दरांती की जांच करें.,Please check the sickle.,ओड़ोः कृपया दरांती राः जांच केदाएः।,oda़oh kripayaa daraantii raah jaancha kedaaeh.
कृपया गाय की जाँच करें।,Please check out the cow.,मेनदो कृपया गायरा: जाँच रिकाएआ।,menado kripayaa gaayaraa: jaancha rikaaeaa.
कृपया बैल की जाँच करें।,Please check the bull.,ओड़ोः कृपया बैल राः जाँच रिकाएः।,oda़oh kripayaa baila raah jaancha rikaaeh.
कृपया बकरी की जाँच करें।,Please check the goat.,ओड़ो: कृपया बकरी रा: जाँच रिकाएआ।,oda़o: kripayaa bakarii raa: jaancha rikaaeaa.
कृपया चिकन की जांच करें.,Please check the chicken.,ओड़ोः कृपया चिकन राः जांच केदाएः।,oda़oh kripayaa chikana raah jaancha kedaaeh.
कृपया शेड की जांच करें.,Please check the shade.,ओड़ोः कृपया शेड राः जांच रिकाएः।,oda़oh kripayaa sheda raah jaancha rikaaeh.
कृपया बाड़ की जाँच करें.,Please check the fence.,ओड़ोः कृपया बाड़ राः जाँच रिकाएः।,oda़oh kripayaa baada़ raah jaancha rikaaeh.
कृपया पेड़ की जांच करें.,Please check the tree.,ओड़ोः कृपया पेड़ राः जांच रिकाएः।,oda़oh kripayaa peda़ raah jaancha rikaaeh.
कृपया पौधे की जांच करें.,Please check the plant.,मेनदो कृपया पौधेरा: जांच रिकाएआ।,menado kripayaa paudheraa: jaancha rikaaeaa.
कृपया उर्वरक की जांच करें.,Please check the fertilizer.,ओड़ो: कृपया उर्वरक रा: जांच रिकाएआ।,oda़o: kripayaa urwaraka raa: jaancha rikaaeaa.
कृपया फसल की जांच करें.,Please check the crop.,ओड़ो: कृपया फसल रा: जांच रिकाएआ।,oda़o: kripayaa phasala raa: jaancha rikaaeaa.
हमें और अधिक फ़ील्ड की आवश्यकता है.,We need more fields.,आले ओड़ोः बेसे फ़ील्ड राः आवश्यकता मेना:।,aale oda़oh bese pha़iilda raah aawashyakataa menaa:.
हमें और बीज चाहिए.,We need more seeds.,आले ओड़ोः बीज लागातिङा।,aale oda़oh biija laagaatingaa.
हमें और अधिक मिट्टी की जरूरत है.,We need more soil.,आले ओड़ो: पुरा मिट्टी रा: जरूड़ी मेना:,aale oda़o: puraa mittii raa: jaruuda़ii menaa:
हमें और अधिक हल की आवश्यकता है.,We need more solutions.,आले ओड़ो: पुरा हल रा: आवश्यकता मेना:।,aale oda़o: puraa hala raa: aawashyakataa menaa:.
हमें और ट्रैक्टर चाहिए.,We need more tractors.,आले ओड़ो: ट्रैक्टर लागातिङा।,aale oda़o: traiktara laagaatingaa.
हमें और पानी चाहिए.,We need more water.,आले ओड़ो: पानी लागातिङा।,aale oda़o: paanii laagaatingaa.
हमें और अच्छे की जरूरत है.,We need better.,आले ओड़ो: अच्छे रा: जरूड़ी मेना:,aale oda़o: achchhe raa: jaruuda़ii menaa:
हमें और पंप की जरूरत है.,We need more pumps.,आले ओड़ो: पंप रा: जरूड़ी मेना:,aale oda़o: panpa raa: jaruuda़ii menaa:
हमें और फसल चाहिए.,We need more crops.,आले ओड़ो: फसल लागातिङा।,aale oda़o: phasala laagaatingaa.
हमें और चावल चाहिए.,We need more rice.,आले ओड़ो: चावल लागातिङा।,aale oda़o: chaawala laagaatingaa.
हमें और मक्के की जरूरत है.,We need more corn.,आले ओड़ो: मक्के रा: जरूड़ी मेना:,aale oda़o: makke raa: jaruuda़ii menaa:
हमें और सब्जी चाहिए.,We need more vegetables.,आले ओड़ो: सब्जी लागातिङा।,aale oda़o: sabjii laagaatingaa.
हमें और टोकरी चाहिए.,We need more baskets.,आले ओड़ो: टोकरी लागातिङा।,aale oda़o: tokarii laagaatingaa.
हमें और दरांती की जरूरत है.,We need more sickles.,आले ओड़ो: दरांती रा: जरूड़ी मेना:,aale oda़o: daraantii raa: jaruuda़ii menaa:
हमें और रस्सी की जरूरत है.,We need more rope.,आले ओड़ो: रस्सी रा: जरूड़ी मेना:,aale oda़o: rassii raa: jaruuda़ii menaa:
हमें और गाय चाहिए.,We need more cows.,आले ओड़ो: गाय लागातिङा।,aale oda़o: gaaya laagaatingaa.
हमें और बैल चाहिए.,We need more bulls.,आले ओड़ो: बैल लागातिङा।,aale oda़o: baila laagaatingaa.
हमें और बकरी चाहिए.,We need more goats.,आले ओड़ो: बकरी लागातिङा।,aale oda़o: bakarii laagaatingaa.
हमें और चिकन चाहिए.,We need more chicken.,आले ओड़ोः चिकन लागातिङा।,aale oda़oh chikana laagaatingaa.
हमें और शेड की जरूरत है.,We need more sheds.,आले ओड़ो: शेड रा: जरूड़ी मेना:,aale oda़o: sheda raa: jaruuda़ii menaa:
हमें और अधिक बाड़ की जरूरत है.,We need more fences.,आले ओड़ोः बेसे बाड़ राः जरूड़ी मेना:।,aale oda़oh bese baada़ raah jaruuda़ii menaa:.
हमें और अधिक पेड़ों की जरूरत है.,We need more trees.,आले ओड़ोः बेसे पेड़कोआः जरूड़ी मेना:।,aale oda़oh bese peda़koaah jaruuda़ii menaa:.
हमें और अधिक पौधे की जरूरत है.,We need more plants.,आले ओड़ोः बेसे पौधे राः जरूड़ी मेना:।,aale oda़oh bese paudhe raah jaruuda़ii menaa:.
हमें अधिक उर्वरक की आवश्यकता है।,We need more fertilizer.,आले बेसे उर्वरक राः आवश्यकता मेना:।,aale bese urwaraka raah aawashyakataa menaa:.
हमें और अधिक फसल की जरूरत है.,We need more crops.,आले ओड़ो: पुरा फसल रा: जरूड़ी मेना:,aale oda़o: puraa phasala raa: jaruuda़ii menaa:
मैदान मैदान के पास है.,The field is near the grounds.,मैदान मैदान मैदान रेन तायोम मेनाः।,maidaana maidaana maidaana rena taayoma menaah.
बीज खेत के पास है.,The seeds are near the field.,ओड़ोः बीज खेत रेन तायोम मेनाः।,oda़oh biija kheta rena taayoma menaah.
मिट्टी खेत के पास है.,The soil is near the farm.,मेनदो मिट्टी खेत रेअः रे तइन केना।,menado mittii kheta reah re taina kenaa.
हल खेत के पास है.,The plough is near the field.,मेनदो हल खेत रेआ: तायोम मेनाः।,menado hala kheta reaa: taayoma menaah.
ट्रैक्टर खेत के पास है.,The tractor is near the farm.,मेनदो ट्रैक्टर खेत रेअः रे तइन केना।,menado traiktara kheta reah re taina kenaa.
पानी खेत के पास है.,The water is near the farm.,पानी पानी खेत रेन तायोम रे मेना:।,paanii paanii kheta rena taayoma re menaa:.
कुआं खेत के पास है.,The well is near the field.,कुआं कुआं खेत तायोम रे मेना:।,kuaan kuaan kheta taayoma re menaa:.
पंप खेत के पास है.,The pump is near the farm.,मेनदो पंप खेत रेन तायोम रे मेना:।,menado panpa kheta rena taayoma re menaa:.
फसल खेत के पास है.,The crop is near the field.,ओड़ोः फसल खेत रेअः रे तइन केना।,oda़oh phasala kheta reah re taina kenaa.
धान खेत के पास है.,The paddy is near the field.,धान खेत रेन तला रे मेना:।,dhaana kheta rena talaa re menaa:.
मक्का खेत के पास है.,The corn is near the field.,मक्का ओड़ो: मक्का ओड़ो: तायोम रे मेना:,makkaa oda़o: makkaa oda़o: taayoma re menaa:
सब्जी खेत के पास है.,The vegetable is near the farm.,सब्जी ओड़ो: सब्जी खेत तायोम रे मेना:।,sabjii oda़o: sabjii kheta taayoma re menaa:.
टोकरी मैदान के पास है.,The basket is near the field.,टोकरी मैदान रेन टोकरी मैदान रे मेना:।,tokarii maidaana rena tokarii maidaana re menaa:.
दरांती खेत के पास है.,The sickle is near the field.,मेनदो दरांती खेत रेन तायोम रे मेना:।,menado daraantii kheta rena taayoma re menaa:.
रस्सी खेत के पास है.,The rope is near the field.,रस्सी ओड़ो: रस्सी ओड़ो: तालारे मेना:।,rassii oda़o: rassii oda़o: taalaare menaa:.
गाय खेत के पास है.,The cow is near the field.,गाय खेत रेन तायोम रे मेना:।,gaaya kheta rena taayoma re menaa:.
बैल खेत के पास है.,The bull is near the field.,मेनदो बैल खेत रेन तायोम रे मेना:।,menado baila kheta rena taayoma re menaa:.
बकरी खेत के पास है.,The goat is near the field.,ओड़ो: बकरी खेत तायोम रे मेना:।,oda़o: bakarii kheta taayoma re menaa:.
मुर्गी मैदान के पास है.,The chicken is near the field.,मुर्गी मैदान रेन मेदान रे मेना:।,murgii maidaana rena medaana re menaa:.
शेड मैदान के पास है.,The shed is near the field.,मेनदो शेड मैदान रे मेना: मेनाः।,menado sheda maidaana re menaa: menaah.
बाड़ मैदान के पास है.,The fence is near the field.,बाड़ मैदान रेन बाड़ मैदान रे मेना:।,baada़ maidaana rena baada़ maidaana re menaa:.
पेड़ खेत के पास है.,The tree is near the field.,ओड़ो: पेड़ खेत तायोम रे मेना:।,oda़o: peda़ kheta taayoma re menaa:.
प्लांट खेत के पास है.,The plant is near the farm.,प्लांट प्लांट खेत रे मेना:।,plaanta plaanta kheta re menaa:.
खाद खेत के पास है.,The fertilizer is near the farm.,मेनदो खाद खेत राः तायोम रे मेना:।,menado khaada kheta raah taayoma re menaa:.
फसल खेत के पास है.,The crop is near the field.,ओड़ोः फसल खेत रेअः रे तइन केना।,oda़oh phasala kheta reah re taina kenaa.
कृपया मैदान साफ़ करें.,Please clear the ground.,ओड़ो: कृपया मैदान साफ़ रिकाएआ।,oda़o: kripayaa maidaana saapha़ rikaaeaa.
कृपया बीज साफ करें.,Please clean the seeds.,ओड़ोः कृपया बीज साफ केदाएः।,oda़oh kripayaa biija saapha kedaaeh.
कृपया मिट्टी साफ़ करें.,Please clean the dirt.,ओड़ो: कृपया मिट्टी साफ़ रिकाएआ।,oda़o: kripayaa mittii saapha़ rikaaeaa.
कृपया हल साफ कर लें.,Please clean the solution.,ओड़ोः नेका पुराः लेलकेदाएः।,oda़oh nekaa puraah lelakedaaeh.
कृपया ट्रैक्टर साफ़ करें।,Please clean the tractor.,ओड़ो: कृपया ट्रैक्टर साफ रिकाएआ।,oda़o: kripayaa traiktara saapha rikaaeaa.
कृपया पानी साफ करें.,Please clean the water.,मेनदो कृपया पानी साफ रिकाएआ।,menado kripayaa paanii saapha rikaaeaa.
कृपया कुआं साफ़ करें.,Please clean the well.,ओड़ोः मेनदो कुआं साफ़ रिकाएः।,oda़oh menado kuaan saapha़ rikaaeh.
कृपया पंप को साफ़ करें.,Please clean the pump.,ओड़ो: कृपया पंप के साफ़ रिकाएआ।,oda़o: kripayaa panpa ke saapha़ rikaaeaa.
कृपया फसल को साफ करें.,Please clean the crop.,ओड़ो: कृपया फसल के साफ रिकाएआ।,oda़o: kripayaa phasala ke saapha rikaaeaa.
कृपया चावल साफ कर लें.,Please clean the rice.,ओड़ो: कृपया चावल साफ केदा।,oda़o: kripayaa chaawala saapha kedaa.
कृपया मक्के को साफ कर लें.,Please clean the corn.,मेनदो कृपया मक्के को साफ केदा।,menado kripayaa makke ko saapha kedaa.
कृपया सब्जी साफ कर लें.,Please clean the vegetables.,ओड़ो: कृपया सब्जी साफ केदाए।,oda़o: kripayaa sabjii saapha kedaae.
कृपया टोकरी साफ़ करें.,Please clear the basket.,ओड़ो: कृपया टोकरी साफ़ रिकाएआ।,oda़o: kripayaa tokarii saapha़ rikaaeaa.
कृपया दरांती साफ़ करें.,Please clean the sickle.,ओड़ो: कृपया दरांती साफ़ रिकाएआ।,oda़o: kripayaa daraantii saapha़ rikaaeaa.
कृपया रस्सी साफ करें.,Please clean the rope.,ओड़ो: कृपया रस्सी साफ केदा।,oda़o: kripayaa rassii saapha kedaa.
कृपया गाय को साफ करें.,Please clean the cow.,मेनदो कृपया गाय के साफ रिकाएआ।,menado kripayaa gaaya ke saapha rikaaeaa.
कृपया बैल को साफ़ करें।,Please clean up the bull.,ओड़ो: कृपया बैल के साफ़ रिकाएआ।,oda़o: kripayaa baila ke saapha़ rikaaeaa.
कृपया बकरी को साफ़ करें।,Please clean the goat.,ओड़ोः नुतुम बकरी के साफ रिकाएः।,oda़oh nutuma bakarii ke saapha rikaaeh.
कृपया चिकन को साफ करें.,Please clean the chicken.,ओड़ो: कृपया चिकन के साफ रिकाएआ।,oda़o: kripayaa chikana ke saapha rikaaeaa.
कृपया शेड साफ़ करें.,Please clean the shed.,ओड़ो: कृपया शेड साफ़ रिकाएआ।,oda़o: kripayaa sheda saapha़ rikaaeaa.
कृपया बाड़ साफ करें.,Please clear the fence.,ओड़ो: कृपया बाड़ साफ ताइकेना।,oda़o: kripayaa baada़ saapha taaikenaa.
कृपया पेड़ को साफ़ करें.,Please clean the tree.,ओड़ो: कृपया पेड़ को साफ रिकाएआ।,oda़o: kripayaa peda़ ko saapha rikaaeaa.
कृपया पौधे को साफ़ करें.,Please clean the plant.,मेनदो कृपया पौधे को साफ केदा।,menado kripayaa paudhe ko saapha kedaa.
कृपया उर्वरक को साफ करें.,Please clean the fertilizer.,ओड़ो: कृपया उर्वरक को साफ रिकाएआ।,oda़o: kripayaa urwaraka ko saapha rikaaeaa.
कृपया फसल को साफ करें।,Please clean the crop.,ओड़ो: कृपया फसल के साफ रिकाएआ।,oda़o: kripayaa phasala ke saapha rikaaeaa.
हम हर सुबह मैदान का उपयोग करते हैं।,We use the grounds every morning.,आले सोबेन सोमाए मैदान रेआ उपयोग रिकाएआ।,aale sobena somaae maidaana reaa upayoga rikaaeaa.
हम हर सुबह बीज का उपयोग करते हैं।,We use the seeds every morning.,आले सोबेन सोमाए बीज राः उपयोग रिकाएआ।,aale sobena somaae biija raah upayoga rikaaeaa.
हम हर सुबह मिट्टी का उपयोग करते हैं।,We use clay every morning.,आले सोबेन सुसुन मिट्टी रा: उपयोग रिकाएआ।,aale sobena susuna mittii raa: upayoga rikaaeaa.
हम रोज सुबह हल चलाते हैं।,We plow every morning.,आले सोबेन सोबेन सोबेन सुसुन हल चलव जना।,aale sobena sobena sobena susuna hala chalawa janaa.
हम हर सुबह ट्रैक्टर का उपयोग करते हैं।,We use the tractor every morning.,आले सोबेन सुसुन ट्रैक्टर राः उपयोग रिकाएआ।,aale sobena susuna traiktara raah upayoga rikaaeaa.
हम हर सुबह पानी का उपयोग करते हैं।,We use water every morning.,आले सोबेन सुसुन पानीरा: उपयोग रिकाएआ।,aale sobena susuna paaniiraa: upayoga rikaaeaa.
हम हर सुबह कुएं का उपयोग करते हैं।,We use the well every morning.,आले सोबेन सोबेन हुलंग कुना रा: उपयोग रिकाएआ।,aale sobena sobena hulanga kunaa raa: upayoga rikaaeaa.
हम हर सुबह पंप का उपयोग करते हैं।,We use the pump every morning.,आले सोबेन सोमाए पंप राः उपयोग रिकाएआ।,aale sobena somaae panpa raah upayoga rikaaeaa.
हम हर सुबह फसल का उपयोग करते हैं।,We use the crop every morning.,आले सोबेन सोमाए फसल राः उपयोग रिकाएआ।,aale sobena somaae phasala raah upayoga rikaaeaa.
हम हर सुबह चावल का उपयोग करते हैं।,We use rice every morning.,आले सोबेन सोमाए चावल राः उपयोग रिकाएआ।,aale sobena somaae chaawala raah upayoga rikaaeaa.
हम हर सुबह मक्के का इस्तेमाल करते हैं.,We use corn every morning.,आले सोबेन सोमाए मक्केरा: इस्तेमाल रिकाएआ।,aale sobena somaae makkeraa: istemaala rikaaeaa.
हम हर सुबह सब्जी का उपयोग करते हैं।,We use the vegetable every morning.,आले सोबेन सोमाए सब्जी राः उपयोग रिकाएआ।,aale sobena somaae sabjii raah upayoga rikaaeaa.
हम हर सुबह टोकरी का उपयोग करते हैं।,We use the basket every morning.,आले सोबेन सोमाए टोकरी राः उपयोग रिकाएआ।,aale sobena somaae tokarii raah upayoga rikaaeaa.
हम हर सुबह हंसिया का इस्तेमाल करते हैं.,We use sickles every morning.,आले सोबेन हुलंग हंसिया रा: इस्तेमाल रिकाएआ।,aale sobena hulanga hansiyaa raa: istemaala rikaaeaa.
हम हर सुबह रस्सी का उपयोग करते हैं।,We use the rope every morning.,आले सोबेन सोमाए रस्सी राः उपयोग रिकाएआ।,aale sobena somaae rassii raah upayoga rikaaeaa.
हम हर सुबह गाय का उपयोग करते हैं।,We use cow milk every morning.,आले सोबेन सुसुन गायरा: उपयोग रिकाएआ।,aale sobena susuna gaayaraa: upayoga rikaaeaa.
हम हर सुबह बैल का उपयोग करते हैं।,We use the bullocks every morning.,आले सोबेन सोमाए बैल राः उपयोग रिकाएआ।,aale sobena somaae baila raah upayoga rikaaeaa.
हम हर सुबह बकरी का उपयोग करते हैं।,We use goat every morning.,आले सोबेन सोमाए बकरी राः उपयोग रिकाएआ।,aale sobena somaae bakarii raah upayoga rikaaeaa.
हम हर सुबह चिकन का इस्तेमाल करते हैं.,We use chicken every morning.,आले सोबेन सुसुन चिकन रा: इस्तेमाल रिकाएआ।,aale sobena susuna chikana raa: istemaala rikaaeaa.
हम हर सुबह शेड का उपयोग करते हैं।,We use the shed every morning.,आले सोबेन सोमाए शेड राः उपयोग रिकाएआ।,aale sobena somaae sheda raah upayoga rikaaeaa.
हम हर सुबह बाड़ का उपयोग करते हैं।,We use the fence every morning.,आले सोबेन सोमाए बाड़रा: उपयोग रिकाएआ।,aale sobena somaae baada़raa: upayoga rikaaeaa.
हम हर सुबह पेड़ का उपयोग करते हैं।,We use the tree every morning.,आले सोबेन सोमाए पेड़रा: उपयोग रिकाएआ।,aale sobena somaae peda़raa: upayoga rikaaeaa.
हम हर सुबह पौधे का उपयोग करते हैं।,We use the plant every morning.,आले सोबेन सोमाए पौधे राः उपयोग रिकाएआ।,aale sobena somaae paudhe raah upayoga rikaaeaa.
हम हर सुबह उर्वरक का उपयोग करते हैं।,We use fertilizer every morning.,आले सोबेन सोमाए उर्वरक राः उपयोग रिकाएआ।,aale sobena somaae urwaraka raah upayoga rikaaeaa.
हम हर सुबह फसल का उपयोग करते हैं।,We use the crop every morning.,आले सोबेन सोमाए फसल राः उपयोग रिकाएआ।,aale sobena somaae phasala raah upayoga rikaaeaa.
खेत को पानी की जरूरत है.,The field needs water.,ओड़ो: खेत के पानी रा: जरूड़ी मेना:,oda़o: kheta ke paanii raa: jaruuda़ii menaa:
बीज को पानी की जरूरत होती है.,The seeds need water.,बीज के पानीरा: जरूड़ी होबाओआ।,biija ke paaniiraa: jaruuda़ii hobaaoaa.
हल को पानी की जरूरत है.,The plough needs water.,ओड़ो: हल के पानी रा: जरूड़ी मेना:,oda़o: hala ke paanii raa: jaruuda़ii menaa:
ट्रैक्टर को पानी की जरूरत है.,The tractor needs water.,ओड़ो: ट्रैक्टर के पानी रा: जरूड़ी मेना:,oda़o: traiktara ke paanii raa: jaruuda़ii menaa:
पानी को पानी की जरूरत है.,Water needs water.,पानी के पानी रा: जरूड़ी मेना:,paanii ke paanii raa: jaruuda़ii menaa:
कुएं को पानी की जरूरत है.,The well needs water.,ओड़ो: कुना को पानी रा: जरूड़ी मेना:,oda़o: kunaa ko paanii raa: jaruuda़ii menaa:
पंप को पानी की जरूरत है.,The pump needs water.,ओड़ोः पंप के पानी राः जरूड़ी मेना:।,oda़oh panpa ke paanii raah jaruuda़ii menaa:.
फसल को पानी की जरूरत है.,The crop needs water.,एटा: फसल के पानी रा: जरूड़ी मेना:,etaa: phasala ke paanii raa: jaruuda़ii menaa:
चावल को पानी की जरूरत है.,Rice needs water.,ओड़ो: चावल के पानी रा: जरूड़ी मेना:,oda़o: chaawala ke paanii raa: jaruuda़ii menaa:
मक्के को पानी की जरूरत है.,Corn needs water.,मक्के के पानी रा: जरूड़ी मेना:,makke ke paanii raa: jaruuda़ii menaa:
सब्जी को पानी की जरूरत है.,Vegetables need water.,सब्जी के पानी रा: जरूड़ी मेना:,sabjii ke paanii raa: jaruuda़ii menaa:
टोकरी को पानी की जरूरत है.,The basket needs water.,टोकरी के पानीरा: जरूड़ी मेना:,tokarii ke paaniiraa: jaruuda़ii menaa:
दरांती को पानी की जरूरत है.,The sickle needs water.,ओड़ो: दरांती के पानी रा: जरूड़ी मेना:,oda़o: daraantii ke paanii raa: jaruuda़ii menaa:
रस्सी को पानी की जरूरत है.,The rope needs water.,ओड़ो: रस्सी के पानी रा: जरूड़ी मेना:,oda़o: rassii ke paanii raa: jaruuda़ii menaa:
गाय को पानी की जरूरत है.,The cow needs water.,गाय के पानी रा: जरूड़ी मेना:,gaaya ke paanii raa: jaruuda़ii menaa:
बैल को पानी की जरूरत है.,The bull needs water.,ओड़ोः बैल के पानी राः जरूड़ी मेना:।,oda़oh baila ke paanii raah jaruuda़ii menaa:.
बकरी को पानी की जरूरत है.,The goat needs water.,बकरी के पानी रा: जरूड़ी मेना:,bakarii ke paanii raa: jaruuda़ii menaa:
मुर्गे को पानी की जरूरत है.,The chicken needs water.,मुर्गे के पानी रा: जरूड़ी मेना:,murge ke paanii raa: jaruuda़ii menaa:
शेड को पानी की जरूरत है.,The shed needs water.,ओड़ोः शेड के पानी राः जरूड़ी मेना:।,oda़oh sheda ke paanii raah jaruuda़ii menaa:.
बाड़ को पानी की जरूरत है.,The fence needs water.,ओड़ो: बाड़ के पानी रा: जरूड़ी मेना:,oda़o: baada़ ke paanii raa: jaruuda़ii menaa:
पेड़ को पानी की जरूरत है.,The tree needs water.,ओड़ो: पेड़ के पानी रा: जरूड़ी मेना:,oda़o: peda़ ke paanii raa: jaruuda़ii menaa:
पौधे को पानी की जरूरत होती है.,The plant needs water.,पौधे के पानीरा: जरूड़ी होबाओआ।,paudhe ke paaniiraa: jaruuda़ii hobaaoaa.
खाद के लिए पानी की आवश्यकता होती है।,Fertilizer requires water.,ओड़ो: खाद नातिन पानीरा: आवश्यकता होबाओआ।,oda़o: khaada naatina paaniiraa: aawashyakataa hobaaoaa.
फसल को पानी की जरूरत है.,The crop needs water.,एटा: फसल के पानी रा: जरूड़ी मेना:,etaa: phasala ke paanii raa: jaruuda़ii menaa:
कृपया खेत को सुरक्षित रखें।,Please keep the farm safe.,ओड़ो: कृपया खेत के सुरक्षित रिकाएआ।,oda़o: kripayaa kheta ke surakshashita rikaaeaa.
कृपया बीज को सुरक्षित रखें।,Please keep the seeds safe.,ओड़ो: कृपया बीज के सुरक्षित रिकाएआ।,oda़o: kripayaa biija ke surakshashita rikaaeaa.
कृपया मिट्टी को सुरक्षित रखें.,Please keep the soil safe.,ओड़ो: कृपया मिट्टी के सुरक्षित रिकाएआ।,oda़o: kripayaa mittii ke surakshashita rikaaeaa.
कृपया हल को सुरक्षित रखें।,Please keep the solution safe.,ओड़ो: कृपया हल के सुरक्षित रिकाएआ।,oda़o: kripayaa hala ke surakshashita rikaaeaa.
कृपया ट्रैक्टर को सुरक्षित रखें।,Please keep the tractor safe.,ओड़ो: कृपया ट्रैक्टर के सुरक्षित रिकाएआ।,oda़o: kripayaa traiktara ke surakshashita rikaaeaa.
कृपया पानी सुरक्षित रखें.,Please keep the water safe.,ओड़ोः कृपया पानी सुरक्षित ताइकेना।,oda़oh kripayaa paanii surakshashita taaikenaa.
कृपया कुएँ को सुरक्षित रखें।,Please keep the well safe.,ओड़ो: कृपया कुड़ि को सुरक्षित रिकाएआ।,oda़o: kripayaa kuda़i ko surakshashita rikaaeaa.
कृपया पंप को सुरक्षित रखें।,Please protect the pump.,ओड़ो: कृपया पंप के सुरक्षित रिकाएआ।,oda़o: kripayaa panpa ke surakshashita rikaaeaa.
कृपया फसल को सुरक्षित रखें।,Please keep the crop safe.,ओड़ो: कृपया फसल के सुरक्षित रिकाएआ।,oda़o: kripayaa phasala ke surakshashita rikaaeaa.
कृपया चावल सुरक्षित रखें।,Please keep the rice safe.,ओड़ोः कृपया चावल सुरक्षित ताइकेना।,oda़oh kripayaa chaawala surakshashita taaikenaa.
कृपया मक्का को सुरक्षित रखें।,Please keep the corn safe.,ओड़ो: कृपया मक्का के सुरक्षित रिकाएआ।,oda़o: kripayaa makkaa ke surakshashita rikaaeaa.
कृपया सब्जी को सुरक्षित रखें।,Please keep the vegetables safe.,ओड़ो: कृपया सब्जी के सुरक्षित रिकाएआ।,oda़o: kripayaa sabjii ke surakshashita rikaaeaa.
कृपया टोकरी को सुरक्षित रखें।,Please keep the basket safe.,ओड़ो: कृपया टोकरी के सुरक्षित ताइकेना।,oda़o: kripayaa tokarii ke surakshashita taaikenaa.
कृपया हँसिया सुरक्षित रखें।,Please keep the sickle safe.,ओड़ो: कृपया हँसिया सुरक्षित ताइकेना।,oda़o: kripayaa hansiyaa surakshashita taaikenaa.
कृपया रस्सी को सुरक्षित रखें।,Please keep the rope safe.,ओड़ो: कृपया रस्सी के सुरक्षित ताइकेना।,oda़o: kripayaa rassii ke surakshashita taaikenaa.
कृपया गाय को सुरक्षित रखें।,Please keep the cow safe.,ओड़ो: कृपया गाय के सुरक्षित रिकाएआ।,oda़o: kripayaa gaaya ke surakshashita rikaaeaa.
कृपया बैल को सुरक्षित रखें।,Please keep the bull safe.,ओड़ो: कृपया बैल के सुरक्षित रिकाएआ।,oda़o: kripayaa baila ke surakshashita rikaaeaa.
कृपया बकरी को सुरक्षित रखें।,Please keep the goat safe.,ओड़ो: कृपया बकरी के सुरक्षित रिकाएआ।,oda़o: kripayaa bakarii ke surakshashita rikaaeaa.
कृपया मुर्गे को सुरक्षित रखें।,Please keep the chicken safe.,ओड़ो: कृपया मुर्गे के सुरक्षित ताइकेना।,oda़o: kripayaa murge ke surakshashita taaikenaa.
कृपया शेड को सुरक्षित रखें।,Please keep the shed safe.,ओड़ो: कृपया शेड के सुरक्षित रिकाएआ।,oda़o: kripayaa sheda ke surakshashita rikaaeaa.
कृपया बाड़ को सुरक्षित रखें।,Please keep the fence safe.,ओड़ो: कृपया बाड़ को सुरक्षित रिकाएआ।,oda़o: kripayaa baada़ ko surakshashita rikaaeaa.
कृपया पेड़ को सुरक्षित रखें।,Please protect the tree.,ओड़ो: कृपया पेड़ को सुरक्षित रिकाएआ।,oda़o: kripayaa peda़ ko surakshashita rikaaeaa.
कृपया पौधे को सुरक्षित रखें।,Please keep the plant safe.,ओड़ो: कृपया पौधे के सुरक्षित रिकाएआ।,oda़o: kripayaa paudhe ke surakshashita rikaaeaa.
कृपया उर्वरक को सुरक्षित रखें।,Please keep the fertilizer safe.,ओड़ो: कृपया उर्वरक को सुरक्षित तना।,oda़o: kripayaa urwaraka ko surakshashita tanaa.
कृपया फसल को सुरक्षित रखें।,Please keep the crop safe.,ओड़ो: कृपया फसल के सुरक्षित रिकाएआ।,oda़o: kripayaa phasala ke surakshashita rikaaeaa.
हमने फ़ील्ड का उपयोग समाप्त कर लिया।,We ended up using the field.,आले फ़ील्ड राः उपयोग समाप्त केदा।,aale pha़iilda raah upayoga samaapta kedaa.
हमने बीज का उपयोग समाप्त कर लिया।,We finished using the seeds.,आले बीज राः उपयोग समाप्त केदा।,aale biija raah upayoga samaapta kedaa.
हमने मिट्टी का उपयोग समाप्त कर लिया।,We ended up using the soil.,आले मिट्टी रा: उपयोग समाप्त केदा।,aale mittii raa: upayoga samaapta kedaa.
हमने हल का प्रयोग समाप्त कर दिया।,We ended up using the plow.,आले हलरा: प्रयोग समाप्त केदा।,aale halaraa: prayoga samaapta kedaa.
हमने ट्रैक्टर का उपयोग समाप्त कर लिया।,We ended up using the tractor.,आले ट्रैक्टर राः उपयोग समाप्त केदा।,aale traiktara raah upayoga samaapta kedaa.
हमने पानी का उपयोग समाप्त कर लिया।,We finished using the water.,आले पानीरा: उपयोग समाप्त केदा।,aale paaniiraa: upayoga samaapta kedaa.
हमने कुएं का उपयोग समाप्त कर लिया।,We finished using the well.,आले कुना रा: उपयोग समाप्त केदा।,aale kunaa raa: upayoga samaapta kedaa.
हमने पंप का उपयोग समाप्त कर लिया।,We ended up using the pump.,आले पंपरा: उपयोग समाप्त केदा।,aale panparaa: upayoga samaapta kedaa.
हमने फसल का उपयोग समाप्त कर लिया।,We finished using the crop.,आले फसलरा: उपयोग समाप्त केदा।,aale phasalaraa: upayoga samaapta kedaa.
हमने चावल का उपयोग समाप्त कर लिया।,We ended up using rice.,आले चावल राः उपयोग समाप्त केदा।,aale chaawala raah upayoga samaapta kedaa.
हमने मक्के का उपयोग समाप्त कर लिया।,We ended up using corn.,आले मक्केरा: उपयोग समाप्त केदा।,aale makkeraa: upayoga samaapta kedaa.
हमने सब्जी का उपयोग समाप्त कर लिया।,We finished using the vegetable.,आले सब्जी राः उपयोग समाप्त केदा।,aale sabjii raah upayoga samaapta kedaa.
हमने टोकरी का उपयोग समाप्त कर लिया।,We ended up using the basket.,आले टोकरी राः उपयोग समाप्त केदा।,aale tokarii raah upayoga samaapta kedaa.
हमने दरांती का उपयोग समाप्त कर लिया।,We finished using the sickle.,आले दरांती राः उपयोग समाप्त केदा।,aale daraantii raah upayoga samaapta kedaa.
हमने रस्सी का उपयोग समाप्त कर लिया।,We ended up using the rope.,आले रस्सी राः उपयोग समाप्त केदा।,aale rassii raah upayoga samaapta kedaa.
हमने गाय का उपयोग समाप्त कर दिया।,We ended up using cows.,आले गायरा: उपयोग समाप्त केदा।,aale gaayaraa: upayoga samaapta kedaa.
हमने बैल का उपयोग समाप्त कर लिया।,We finished using the bull.,आले बैल राः उपयोग समाप्त केदा।,aale baila raah upayoga samaapta kedaa.
हमने बकरी का उपयोग समाप्त कर लिया।,We ended up using the goat.,आले बकरीरा: उपयोग समाप्त केदा।,aale bakariiraa: upayoga samaapta kedaa.
हमने चिकन का उपयोग समाप्त कर लिया।,We ended up using chicken.,आले चिकन राः उपयोग समाप्त केदा।,aale chikana raah upayoga samaapta kedaa.
हमने शेड का उपयोग समाप्त कर लिया।,We ended up using the shed.,आले शेडरा: उपयोग समाप्त केदा।,aale shedaraa: upayoga samaapta kedaa.
हमने बाड़ का उपयोग समाप्त कर लिया।,We ended up using the fence.,आले बाड़ रा: उपयोग समाप्त केदा।,aale baada़ raa: upayoga samaapta kedaa.
हमने पेड़ का उपयोग समाप्त कर लिया।,We ended up using the tree.,आले पेड़रा: उपयोग समाप्त केदा।,aale peda़raa: upayoga samaapta kedaa.
हमने संयंत्र का उपयोग समाप्त कर लिया।,We finished using the plant.,आले संयंत्र राः उपयोग समाप्त केदा।,aale sanyantrara raah upayoga samaapta kedaa.
हमने उर्वरक का उपयोग समाप्त कर लिया।,We finished using fertilizer.,आले उर्वरक राः उपयोग समाप्त केदा।,aale urwaraka raah upayoga samaapta kedaa.
हमने फसल का उपयोग समाप्त कर लिया।,We finished using the crop.,आले फसलरा: उपयोग समाप्त केदा।,aale phasalaraa: upayoga samaapta kedaa.
क्या आप मैदान ला सकते हैं?,Can you bring the grounds?,आम मैदान ला: तना?,aama maidaana laa: tanaa?
क्या आप बीज ला सकते हैं?,Can you bring seeds?,आम बीज ला: तना?,aama biija laa: tanaa?
क्या आप मिट्टी ला सकते हैं?,Can you bring soil?,आम मिट्टी ला: तना?,aama mittii laa: tanaa?
क्या तुम हल ला सकते हो?,Can you bring a solution?,चिमतुङ चानाः चानाः चि आञ हल लादाञ?,chimatunga chaanaah chaanaah chi aanya hala laadaanya?
क्या आप ट्रैक्टर ला सकते हैं?,Can you bring a tractor?,आम ट्रैक्टर ला: तना?,aama traiktara laa: tanaa?
क्या तुम कुआँ ला सकते हो?,Can you bring a well?,अइंग कुआंइंग कुआंइंग लअः तइना?,ainga kuaaninga kuaaninga laah tainaa?
क्या आप पंप ला सकते हैं?,Can you bring the pump?,आम पंप ला: तना?,aama panpa laa: tanaa?
क्या आप फसल ला सकते हैं?,Can you harvest the crop?,आम फसल ला:वा,aama phasala laa:waa
क्या आप चावल ला सकते हैं?,Can you bring rice?,आम चावल ला: तना?,aama chaawala laa: tanaa?
क्या आप मक्का ला सकते हैं?,Can you bring corn?,आम मक्का ला: तना?,aama makkaa laa: tanaa?
क्या आप सब्जी ला सकते हैं?,Can you bring vegetables?,आम सब्जी ला: तना?,aama sabjii laa: tanaa?
क्या आप टोकरी ला सकते हैं?,Can you bring a basket?,आम टोकरी ला: तना?,aama tokarii laa: tanaa?
क्या आप दरांती ला सकते हैं?,Can you bring the sickle?,आम दरांती ला: तना?,aama daraantii laa: tanaa?
क्या तुम रस्सी ला सकते हो?,Can you bring a rope?,चिमतुङ आम रस्सी लाएःआ?,chimatunga aama rassii laaehaa?
क्या आप गाय ला सकते हैं?,Can you bring the cow?,आम गाय ला: तना?,aama gaaya laa: tanaa?
क्या तुम बैल ला सकते हो?,Can you bring the bull?,आञ बैल लाञाञ?,aanya baila laanyaanya?
क्या आप बकरी ला सकते हैं?,Can you bring a goat?,आम बकरी ला: तना?,aama bakarii laa: tanaa?
क्या आप चिकन ला सकते हैं?,Can you bring chicken?,आले चिलका चि आम चिकन लाड़िआ?,aale chilakaa chi aama chikana laada़iaa?
क्या आप शेड ला सकते हैं?,Can you bring a shed?,आम शेड ला:वा,aama sheda laa:waa
क्या आप बाड़ ला सकते हैं?,Can you bring the fence?,आम बाड़ ला:ओआ?,aama baada़ laa:oaa?
क्या आप पेड़ ला सकते हैं?,Can you bring the tree?,आम पेड़ ला: तना?,aama peda़ laa: tanaa?
क्या आप पौधा ला सकते हैं?,Can you bring a plant?,आम पौधा ला: तना?,aama paudhaa laa: tanaa?
क्या आप खाद ला सकते हैं?,Can you bring fertilizer?,आम खाद ला: तना?,aama khaada laa: tanaa?
क्या आप फसल ला सकते हैं?,Can you harvest the crop?,आम फसल ला:वा,aama phasala laa:waa
बारिश बदल रही है.,The rain is changing.,ओड़ो: बारिश बदली तना:,oda़o: baarisha badalii tanaa:
बादल बदल रहा है.,The clouds are changing.,बादल बदलव तना:,baadala badalawa tanaa:
हवा बदल रही है.,The wind is changing.,ओड़ो: हवा बदली तना:,oda़o: hawaa badalii tanaa:
सूरज बदल रहा है.,The sun is changing.,मेनदो सूरज बदली तनाए।,menado suuraja badalii tanaae.
गर्मी बदल रही है.,The heat is changing.,ओड़ो: गर्मी बदली तना:,oda़o: garmii badalii tanaa:
ठंड बदल रही है.,The cold is changing.,ओड़ो: ठंड बदली तना:,oda़o: thanda badalii tanaa:
तूफ़ान बदल रहा है.,The storm is changing.,तूफ़ान बदलव तना।,tuupha़aana badalawa tanaa.
कोहरा बदल रहा है.,The fog is changing.,ओड़ो: कोहरा बदली तना:,oda़o: koharaa badalii tanaa:
आसमान बदल रहा है.,The sky is changing.,ओड़ो: आसमान बदली तना:,oda़o: aasamaana badalii tanaa:
छाता बदल रहा है.,The umbrella is changing.,ओड़ो: छाता बदली तना:,oda़o: chhaataa badalii tanaa:
कोट बदल रहा है.,The coat is changing.,कोट बदलाव तना।,kota badalaawa tanaa.
जूता बदल रहा है.,The shoe is changing.,जूता बदलव तना।,juutaa badalawa tanaa.
रास्ता बदल रहा है.,The path is changing.,मेनदो रास्ता बदली तनाए।,menado raastaa badalii tanaae.
क्षेत्र बदल रहा है.,The area is changing.,एटा: क्षेत्र बदली तना:,etaa: kshashetrara badalii tanaa:
नदी बदल रही है.,The river is changing.,नदी बदली तनाए।,nadii badalii tanaae.
पेड़ बदल रहा है.,The tree is changing.,ओड़ो: पेड़ बदली तना:,oda़o: peda़ badalii tanaa:
छत बदल रही है.,The roof is being replaced.,ओड़ो: छत बदली तना:,oda़o: chhata badalii tanaa:
विंडो बदल रही है.,The window is changing.,विंडो बदलव तना।,windo badalawa tanaa.
बगीचा बदल रहा है.,The garden is changing.,मेनदो बगीचा बदली तनाए।,menado bagiichaa badalii tanaae.
मिट्टी बदल रही है.,The soil is changing.,मेनदो मिट्टी बदली तनाए।,menado mittii badalii tanaae.
पानी बदल रहा है.,The water is changing.,मेनदो पानी बदलाव तनाए।,menado paanii badalaawa tanaae.
सुबह बदल रही है.,The morning is changing.,मेनदो तिसिङ बदलि तनाए।,menado tisinga badali tanaae.
दोपहर बदल रही है.,The afternoon is changing.,मेनदो दोपहर बदली तनाए।,menado dopahara badalii tanaae.
शाम बदल रही है.,The evening is changing.,मेनदो शाम बदली तनाए।,menado shaama badalii tanaae.
रात बदल रही है.,The night is changing.,ओड़ो: रात बदली तना:,oda़o: raata badalii tanaa:
आज बारिश तेज़ है.,It is raining heavily today.,तिसिङ तिसिङ बारिश तेज मेना:।,tisinga tisinga baarisha teja menaa:.
आज बादल तेज़ है.,It is cloudy today.,तिसिङ तिसिङ बादल तेज मेना:,tisinga tisinga baadala teja menaa:
आज हवा तेज़ है.,The wind is strong today.,तिसिङ हवा तेज़ मेना:।,tisinga hawaa teja़ menaa:.
आज धूप तेज़ है.,The sun is shining brightly today.,तिसिंग तिसिङ धूप तेज मेना:।,tisinga tisinga dhuupa teja menaa:.
आज गर्मी तेज़ है.,It is very hot today.,तिसिङ हुलाङ गर्मी तेज़ मेना:।,tisinga hulaanga garmii teja़ menaa:.
आज ठंड बहुत ज्यादा है.,It is very cold today.,तिसिङ हुलाङ ठंड बेसे पुराः मेनाः।,tisinga hulaanga thanda bese puraah menaah.
आज तूफ़ान बहुत तेज़ है.,The storm is very strong today.,तिसिङ तूफ़ान बेसे तेज़ मेना:।,tisinga tuupha़aana bese teja़ menaa:.
आज कोहरा बहुत ज्यादा है.,There is a lot of fog today.,तिसिङ कोहरा बेसे पुराः मेनाः।,tisinga koharaa bese puraah menaah.
आज आसमान तेज़ है.,The sky is bright today.,तिसिङ आसमान तेज मेना:।,tisinga aasamaana teja menaa:.
छाता आज मजबूत है.,The umbrella is strong today.,तिसिङ मजबूत मेना: तिसिंग मजबूत मेना:,tisinga majabuuta menaa: tisinga majabuuta menaa:
कोट आज मजबूत है.,The coat is strong today.,कोट तिसिङ मजबूत मेना:।,kota tisinga majabuuta menaa:.
जूता आज मजबूत है.,The shoe is strong today.,जूता तिसिङ मजबूत मेना:।,juutaa tisinga majabuuta menaa:.
आज सड़क मजबूत है.,The road is strong today.,तिसिंग तिसिङ सड़क मजबूत मेना:।,tisinga tisinga sada़ka majabuuta menaa:.
आज मैदान मजबूत है.,The field is strong today.,तिसिंग तिसिङ मैदान मजबूत मेना:।,tisinga tisinga maidaana majabuuta menaa:.
नदी आज तेज़ है.,The river is fast today.,नदी तिसिङ तेज़ मेना:।,nadii tisinga teja़ menaa:.
पेड़ आज मजबूत है.,The tree is strong today.,सोबेन पेड़ तिसिङ मजबूत मेना:।,sobena peda़ tisinga majabuuta menaa:.
आज छत मजबूत है.,The roof is strong today.,तिसिंग तिसिङ छत मजबूत मेना:।,tisinga tisinga chhata majabuuta menaa:.
आज खिड़की मजबूत है.,The window is strong today.,तिसिङ खिड़की मजबूत मेना:।,tisinga khida़kii majabuuta menaa:.
आज बगीचा मजबूत है.,The garden is strong today.,तिसिङ बगीचा मजबूत मेना:।,tisinga bagiichaa majabuuta menaa:.
आज मिट्टी मजबूत है.,Today the soil is strong.,तिसिङ मिट्टी मजबूत मेना:।,tisinga mittii majabuuta menaa:.
आज पानी तेज़ है.,The water is strong today.,तिसिंग तिसिङ पानी तेज़ मेना:।,tisinga tisinga paanii teja़ menaa:.
आज सुबह तेज़ है.,It's brisk this morning.,तिसिङ तिसिङ तिसिङ तेज मेना:।,tisinga tisinga tisinga teja menaa:.
आज दोपहर का समय तेज़ है।,It's a brisk afternoon today.,तिसिङ दोपहर राः समय तेज मेना:।,tisinga dopahara raah samaya teja menaa:.
आज शाम तेज़ है.,It's a brisk evening today.,तिसिङ तिसिङ तिसिङ तेज तेज मेना:।,tisinga tisinga tisinga teja teja menaa:.
आज रात तेज़ है.,It's fast tonight.,तिसिङ तिसिङ तिसिङ तेज मेना:।,tisinga tisinga tisinga teja menaa:.
हमने आज सुबह बारिश देखी।,We saw rain this morning.,आले तिसिङ हुलंग बारिश जना।,aale tisinga hulanga baarisha janaa.
हमने आज सुबह बादल देखा।,We saw clouds this morning.,आले तिसिङ हुलंग बादल लेल केदा।,aale tisinga hulanga baadala lela kedaa.
हमने आज सुबह हवा को देखा।,We saw the wind this morning.,आले तिसिङ हुलंग हवा केदाएः।,aale tisinga hulanga hawaa kedaaeh.
हमने आज सुबह सूरज को देखा।,We saw the sun this morning.,आले तिसिङ हुलंग सूरज केदाएः।,aale tisinga hulanga suuraja kedaaeh.
हमने आज सुबह गर्मी देखी।,We saw heat this morning.,आले तिसिङ हुलंग हुलंग गर्मी जना।,aale tisinga hulanga hulanga garmii janaa.
हमने आज सुबह ठंड देखी।,We saw cold this morning.,आले तिसिङ हुलंग ठंड जना।,aale tisinga hulanga thanda janaa.
हमने आज सुबह तूफान देखा।,We saw a storm this morning.,आले तिसिङ तिसिङ तूफान लेलकेदा।,aale tisinga tisinga tuuphaana lelakedaa.
हमने आज सुबह कोहरा देखा।,We saw fog this morning.,आले तिसिङ हुलंग कोहरा लेलकेदा।,aale tisinga hulanga koharaa lelakedaa.
हमने आज सुबह आसमान देखा।,We saw the sky this morning.,आले तिसिङ तिसिङ आसमान लेलकेदाएः।,aale tisinga tisinga aasamaana lelakedaaeh.
हमने आज सुबह छाते पर ध्यान दिया।,We noticed the umbrella this morning.,आले तिसिङ हुलंग छाता रे ध्यान केदाएः।,aale tisinga hulanga chhaataa re dhyaana kedaaeh.
हमने आज सुबह कोट पर ध्यान दिया।,We noticed the coat this morning.,आले तिसिङ हुलंग कोट रे ध्यान केदा।,aale tisinga hulanga kota re dhyaana kedaa.
हमने आज सुबह जूते पर ध्यान दिया।,We noticed the shoes this morning.,आले तिसिङ जूता रे ध्यान केदाएः।,aale tisinga juutaa re dhyaana kedaaeh.
हमने आज सुबह सड़क पर ध्यान दिया।,We noticed the road this morning.,आले तिसिङ सड़क रे ध्यान केदाएः।,aale tisinga sada़ka re dhyaana kedaaeh.
हमने आज सुबह मैदान देखा।,We saw the ground this morning.,आले तिसिङ हुलंग मैदान लेल केदा।,aale tisinga hulanga maidaana lela kedaa.
हमने आज सुबह नदी को देखा।,We saw the river this morning.,आले तिसिङ हुलंग नदी केदाएः।,aale tisinga hulanga nadii kedaaeh.
हमने आज सुबह पेड़ को देखा।,We saw the tree this morning.,आले तिसिङ हुलंग पेड़ केदाएः।,aale tisinga hulanga peda़ kedaaeh.
हमने आज सुबह छत पर ध्यान दिया।,We noticed the roof this morning.,आले तिसिङ हुलंग छत रे ध्यान केदा।,aale tisinga hulanga chhata re dhyaana kedaa.
हमने आज सुबह खिड़की पर ध्यान दिया।,We noticed the window this morning.,आले तिसिङ खिड़की रे ध्यान केदाएः।,aale tisinga khida़kii re dhyaana kedaaeh.
हमने आज सुबह बगीचे को देखा।,We saw the garden this morning.,आले तिसिङ हुलंग बगीचे केदाएः।,aale tisinga hulanga bagiiche kedaaeh.
हमने आज सुबह मिट्टी देखी।,We saw the mud this morning.,आले तिसिङ हुलंग मिट्टी केदाएः।,aale tisinga hulanga mittii kedaaeh.
हमने आज सुबह पानी देखा।,We saw water this morning.,आले तिसिङ हुलंग हुलंग तायोम पानी लेलकेदा।,aale tisinga hulanga hulanga taayoma paanii lelakedaa.
हमने आज सुबह सुबह देखा।,We saw it this morning.,आले तिसिङ हुलंग तिसिङ हुलंग सेसेनकेदाञ।,aale tisinga hulanga tisinga hulanga sesenakedaanya.
हमने आज सुबह दोपहर को देखा।,We saw it this morning at noon.,आले तिसिङ तिसिङ तिसिङ दोपहर केदाएः।,aale tisinga tisinga tisinga dopahara kedaaeh.
हमने आज सुबह शाम को देखा।,We saw it this morning and evening.,आले तिसिङ हुलंग तिसिङ हुलंग हुलंग हुलंग हुलंग हुलंग हुलंग हुलंग सेनोःकेदाएः।,aale tisinga hulanga tisinga hulanga hulanga hulanga hulanga hulanga hulanga hulanga senohkedaaeh.
आज सुबह हमें रात का पता चला।,This morning we found out about the night.,तिसिङ तिसिङ तिसिङ आले तिसिङ राः पता हिजुःजाना।,tisinga tisinga tisinga aale tisinga raah pataa hijuhjaanaa.
कृपया बारिश को ध्यान से देखें।,Please watch the rain carefully.,ओड़ो: कृपया बारिश रा: ध्यान ते लेल केदा।,oda़o: kripayaa baarisha raa: dhyaana te lela kedaa.
कृपया बादल को ध्यान से देखें।,Please look at the cloud carefully.,मेनदो कृपया बादल के ध्यान ते लेल केदा।,menado kripayaa baadala ke dhyaana te lela kedaa.
कृपया हवा को ध्यान से देखें।,Please watch the wind carefully.,ओड़ो: कृपया हवा के ध्यान ते लेल केदा।,oda़o: kripayaa hawaa ke dhyaana te lela kedaa.
कृपया सूर्य को ध्यान से देखें।,Please look at the sun carefully.,ओड़ो: कृपया सूर्य के ध्यान ते लेल केदा।,oda़o: kripayaa suurya ke dhyaana te lela kedaa.
कृपया गर्मी पर ध्यान से नजर रखें।,Please monitor the heat carefully.,ओड़ोः कृपया गर्मी रे ध्यान ते नजर ताइकेना।,oda़oh kripayaa garmii re dhyaana te najara taaikenaa.
कृपया ठंड को ध्यान से देखें।,Please observe the cold carefully.,ओड़ो: कृपया ठंड को ध्यान ते लेल केदा।,oda़o: kripayaa thanda ko dhyaana te lela kedaa.
कृपया तूफान को ध्यान से देखें।,Please watch the storm carefully.,अदिका तूफान के ध्यान ते लेल केदा।,adikaa tuuphaana ke dhyaana te lela kedaa.
कृपया कोहरे को ध्यान से देखें।,Please look carefully at the fog.,ओड़ो: कोहरा को ध्यान ते लेल केदा।,oda़o: koharaa ko dhyaana te lela kedaa.
कृपया आकाश को ध्यान से देखें।,Please look at the sky carefully.,आकाश के ध्यान ते लेलकेदाएः।,aakaasha ke dhyaana te lelakedaaeh.
कृपया छाते को ध्यान से देखें।,Please look at the umbrella carefully.,ओड़ो: कृपया छाता के ध्यान ते लेल केदा।,oda़o: kripayaa chhaataa ke dhyaana te lela kedaa.
कृपया कोट को ध्यान से देखें।,Please check the coat carefully.,ओड़ो: कृपया कोट के ध्यान ते लेल केदा।,oda़o: kripayaa kota ke dhyaana te lela kedaa.
कृपया जूते को ध्यान से देखें।,Please inspect the shoes carefully.,ओड़ो: कृपया जूता के ध्यान ते लेल केदा।,oda़o: kripayaa juutaa ke dhyaana te lela kedaa.
कृपया सड़क को ध्यान से देखें।,Please watch the road carefully.,ओड़ो: कृपया सड़क के ध्यान ते लेल केदा।,oda़o: kripayaa sada़ka ke dhyaana te lela kedaa.
कृपया मैदान को ध्यान से देखें।,Please check the field carefully.,ओड़ो: कृपया मैदान के ध्यान ते लेल केदा।,oda़o: kripayaa maidaana ke dhyaana te lela kedaa.
कृपया नदी को ध्यान से देखें।,Please look at the river carefully.,ओड़ो: कृपया नदी के ध्यान ते लेल केदा।,oda़o: kripayaa nadii ke dhyaana te lela kedaa.
कृपया पेड़ को ध्यान से देखें।,Please look at the tree carefully.,ओड़ो: कृपया पेड़ को ध्यान ते लेल केदा।,oda़o: kripayaa peda़ ko dhyaana te lela kedaa.
कृपया छत को ध्यान से देखें।,Please look at the ceiling carefully.,ओड़ो: कृपया छत के ध्यान ते लेल केदा।,oda़o: kripayaa chhata ke dhyaana te lela kedaa.
कृपया खिड़की को ध्यान से देखें।,Please look at the window carefully.,नुतुम खिड़की के ध्यान ते लेल केदा।,nutuma khida़kii ke dhyaana te lela kedaa.
कृपया बगीचे को ध्यान से देखें।,Please look at the garden carefully.,अदिका बगीचे के ध्यान ते लेल केदाए।,adikaa bagiiche ke dhyaana te lela kedaae.
कृपया मिट्टी की सावधानीपूर्वक निगरानी करें।,Please monitor the soil carefully.,ओड़ोः कृपया मिट्टी राः सावधानीपूर्वक निगरानी रिकाएः।,oda़oh kripayaa mittii raah saawadhaaniipuurwaka nigaraanii rikaaeh.
कृपया पानी को ध्यान से देखें।,Please watch the water carefully.,ओड़ो: कृपया पानी के ध्यान ते लेल केदा।,oda़o: kripayaa paanii ke dhyaana te lela kedaa.
कृपया सुबह ध्यान से देखें.,Please check carefully in the morning.,ओड़ोः सुसुन सुसुन ध्यान ते लेलोःआ।,oda़oh susuna susuna dhyaana te lelohaa.
कृपया दोपहर को ध्यान से देखें।,Please pay close attention this afternoon.,नेपहर राः ध्यान ते लेलकेदाएः।,nepahara raah dhyaana te lelakedaaeh.
कृपया शाम को ध्यान से देखें।,Please watch carefully in the evening.,ओड़ोः मेनदो शाम के ध्यान ते लेल केदा।,oda़oh menado shaama ke dhyaana te lela kedaa.
कृपया रात को ध्यान से देखें.,Please watch carefully at night.,ओड़ो: कृपया रात के ध्यान ते लेल केदा।,oda़o: kripayaa raata ke dhyaana te lela kedaa.
बारिश से सड़क गीली हो गई।,The road became wet due to rain.,बारिश ते सड़क गीली होबा जना।,baarisha te sada़ka giilii hobaa janaa.
बादल ने सड़क को गीला कर दिया.,The cloud made the road wet.,बादल सड़क के गीला केदाएः।,baadala sada़ka ke giilaa kedaaeh.
हवा ने सड़क को गीला कर दिया.,The wind made the road wet.,हवा दो सड़क के गीला केदाएः।,hawaa do sada़ka ke giilaa kedaaeh.
सूरज ने सड़क को गीला कर दिया.,The sun made the road wet.,सूरज सड़क के गीला केदाएः।,suuraja sada़ka ke giilaa kedaaeh.
गर्मी ने सड़क को गीला कर दिया।,The heat made the road wet.,होड़ोको सड़क के गीला केदाएः।,hoda़oko sada़ka ke giilaa kedaaeh.
ठंड ने सड़क को गीला कर दिया।,The cold made the road wet.,ओड़ो: ठंड दो सड़क के गीला केदाए।,oda़o: thanda do sada़ka ke giilaa kedaae.
तूफान ने सड़क को गीला कर दिया.,The storm made the road wet.,तूफान सड़क के गीला केदाए।,tuuphaana sada़ka ke giilaa kedaae.
कोहरे ने सड़क को गीला कर दिया।,The fog made the road wet.,कोहरा कोहरा कोहरे सड़क के गीला केदाए।,koharaa koharaa kohare sada़ka ke giilaa kedaae.
आसमान ने सड़क को गीला कर दिया.,The sky made the road wet.,सड़क रा: आसमान के गीला केदा:,sada़ka raa: aasamaana ke giilaa kedaa:
छाते ने सड़क को गीला कर दिया।,The umbrella made the road wet.,छाता छाते सड़क के गीला केदाएः।,chhaataa chhaate sada़ka ke giilaa kedaaeh.
कोट ने सड़क को गीला कर दिया.,The coat wet the road.,कोट दो सड़क के गीला केदाएः।,kota do sada़ka ke giilaa kedaaeh.
जूते से सड़क गीली हो गई.,The road became wet due to the shoes.,जूते जूते ते सड़क गीली होबा जना,juute juute te sada़ka giilii hobaa janaa
सड़क गीली हो गई।,The road became wet.,सड़क गीली होबा जना।,sada़ka giilii hobaa janaa.
मैदान ने सड़क को गीला कर दिया.,The ground made the road wet.,नेआ मैदान सड़क के गीला केदाएः।,neaa maidaana sada़ka ke giilaa kedaaeh.
नदी ने सड़क को गीला कर दिया.,The river wet the road.,नदी सड़क के गीला केदाएः।,nadii sada़ka ke giilaa kedaaeh.
पेड़ ने सड़क को गीला कर दिया.,The tree wet the road.,ओड़ो: पेड़ के सड़क के गीला केदा:,oda़o: peda़ ke sada़ka ke giilaa kedaa:
छत से सड़क गीली हो गई।,The road got wet from the roof.,ओड़ो: छत ते सड़क गीली होबाजाना।,oda़o: chhata te sada़ka giilii hobaajaanaa.
खिड़की से सड़क गीली हो गई.,The road became wet from the window.,ओड़ोः खिड़की ते सड़क गीली होबा जना।,oda़oh khida़kii te sada़ka giilii hobaa janaa.
बगीचे ने सड़क को गीला कर दिया।,The garden wet the road.,बगीचे बगीचे सड़क के गीला केदाएः।,bagiiche bagiiche sada़ka ke giilaa kedaaeh.
मिट्टी से सड़क गीली हो गई।,The road became wet with mud.,नेआ मिट्टी ते सड़क गीली होबा जना।,neaa mittii te sada़ka giilii hobaa janaa.
पानी से सड़क गीली हो गई।,The road became wet with water.,पानी ते सड़क गीली होबा जना।,paanii te sada़ka giilii hobaa janaa.
सुबह होने से सड़क गीली हो गई।,The road became wet in the morning.,सिंगि हुलंग होबाओःते सड़क गीली होबाओःआ।,singi hulanga hobaaohte sada़ka giilii hobaaohaa.
दोपहर को सड़क गीली हो गई।,The road became wet in the afternoon.,नेपहर हुलंग रे सड़क गीली होबा जना।,nepahara hulanga re sada़ka giilii hobaa janaa.
शाम को सड़क गीली हो गई।,The road became wet in the evening.,तायोम सोमाए रे सड़क गीली होबा जना।,taayoma somaae re sada़ka giilii hobaa janaa.
रात ने सड़क को गीला कर दिया।,The night made the road wet.,तायोमते सड़क के गीला केदाएः।,taayomate sada़ka ke giilaa kedaaeh.
बारिश के कारण यात्रा करना मुश्किल हो रहा है.,Travelling is becoming difficult due to rain.,ओड़ो: बारिश रा: कारण यात्रा रिका तना:,oda़o: baarisha raa: kaarana yaatraraa rikaa tanaa:
बादल यात्रा को कठिन बना रहे हैं।,The clouds are making travel difficult.,बादल यात्रा के कठिन बइया तइना,baadala yaatraraa ke kathina baiyaa tainaa
हवा यात्रा को कठिन बना रही है।,The wind is making travel difficult.,ओड़ोः हवा यात्रा राः कठिन बाइ तना।,oda़oh hawaa yaatraraa raah kathina baai tanaa.
सूरज यात्रा को कठिन बना रहा है।,The sun is making the journey difficult.,सूरज यात्रा के कठिन बइया तना।,suuraja yaatraraa ke kathina baiyaa tanaa.
गर्मी यात्रा को कठिन बना रही है।,The heat is making travel difficult.,ओड़ो: गर्मी यात्रा रा: कठिन बाइ तना:,oda़o: garmii yaatraraa raa: kathina baai tanaa:
ठंड के कारण यात्रा करना मुश्किल हो रहा है.,Travelling is becoming difficult due to cold.,ओड़ो: ठंड रा: कारण यात्रा रिका तना:,oda़o: thanda raa: kaarana yaatraraa rikaa tanaa:
तूफ़ान यात्रा को कठिन बना रहा है.,The storm is making travel difficult.,तूफ़ान यात्रा के कठिन बइया तना।,tuupha़aana yaatraraa ke kathina baiyaa tanaa.
कोहरा सफर को मुश्किल बना रहा है.,Fog is making travel difficult.,ओड़ो: कोहरा सफर के मुश्किल बाइ तना:,oda़o: koharaa saphara ke mushkila baai tanaa:
आकाश यात्रा को कठिन बना रहा है।,The sky is making travel difficult.,आकाश यात्रा के कठिन बइया तना।,aakaasha yaatraraa ke kathina baiyaa tanaa.
छाता यात्रा को कठिन बना रहा है।,The umbrella is making the journey difficult.,ओड़ो: छाता यात्रा रा: कठिन बाइ तना:,oda़o: chhaataa yaatraraa raa: kathina baai tanaa:
कोट यात्रा को कठिन बना रहा है।,The coat is making the journey difficult.,कोट यात्रा के कठिन बइया तना।,kota yaatraraa ke kathina baiyaa tanaa.
जूता यात्रा को कठिन बना रहा है।,The shoe is making the journey difficult.,जूता यात्रा के कठिन बइया तना।,juutaa yaatraraa ke kathina baiyaa tanaa.
सड़क यात्रा को कठिन बना रही है।,The road is making travel difficult.,रआः सड़क यात्रा राः कठिन बाइओःआ।,raaah sada़ka yaatraraa raah kathina baaiohaa.
यह क्षेत्र यात्रा को कठिन बना रहा है।,This area is making travel difficult.,नेआ क्षेत्र यात्रा राः कठिन बाइओःआ।,neaa kshashetrara yaatraraa raah kathina baaiohaa.
नदी यात्रा को कठिन बना रही है।,The river is making travel difficult.,नदी यात्रा के कठिन बइया तना।,nadii yaatraraa ke kathina baiyaa tanaa.
पेड़ यात्रा को कठिन बना रहा है।,The tree is making travel difficult.,ओड़ो: पेड़ यात्रा रा: कठिन बाइ तना:,oda़o: peda़ yaatraraa raa: kathina baai tanaa:
छत के कारण यात्रा करना कठिन हो रहा है।,The roof is making it difficult to travel.,ओड़ो: छत र:अ कारण यात्रा रिका तना: कठिन होबाओआ।,oda़o: chhata ra:a kaarana yaatraraa rikaa tanaa: kathina hobaaoaa.
खिड़की यात्रा को कठिन बना रही है।,The window is making travel difficult.,ओड़ोः खिड़की यात्रा राः कठिन बाइओःआ।,oda़oh khida़kii yaatraraa raah kathina baaiohaa.
उद्यान यात्रा को कठिन बना रहा है।,The park is making travel difficult.,ओड़ोः उद्यान यात्रा के कठिन बाइओःआ।,oda़oh udyaana yaatraraa ke kathina baaiohaa.
मिट्टी यात्रा को कठिन बना रही है।,The mud is making travel difficult.,ओड़ोः मिट्टी यात्रा राः कठिन बाइओःआ।,oda़oh mittii yaatraraa raah kathina baaiohaa.
पानी यात्रा को कठिन बना रहा है।,The water is making travel difficult.,पानी यात्रा रा: कठिन बाइ तना:,paanii yaatraraa raa: kathina baai tanaa:
सुबह के समय यात्रा करना कठिन हो रहा है।,It is becoming difficult to travel in the morning.,ओड़ोः सोबेन रआः समय यात्रा राः समय यात्रा कठिन होबाओआ।,oda़oh sobena raaah samaya yaatraraa raah samaya yaatraraa kathina hobaaoaa.
दोपहर के समय यात्रा करना कठिन हो रहा है।,It is becoming difficult to travel during the afternoon.,ओड़ोः दोपहर राः समय यात्रा राः समय यात्रा रिका तनाए।,oda़oh dopahara raah samaya yaatraraa raah samaya yaatraraa rikaa tanaae.
शाम के समय यात्रा करना कठिन हो रहा है।,It is becoming difficult to travel in the evening.,मेनदो शाम राः समय यात्रा रिका तनाए।,menado shaama raah samaya yaatraraa rikaa tanaae.
रात के कारण यात्रा करना कठिन हो रहा है।,It is becoming difficult to travel due to night.,रात रा: कारण यात्रा रा: कारण यात्रा कठिन तइना,raata raa: kaarana yaatraraa raa: kaarana yaatraraa kathina tainaa
हम यहाँ से बारिश देख सकते हैं।,We can see the rain from here.,आले नेता: ते बारिश लेल लेलो:आ।,aale netaa: te baarisha lela lelo:aa.
हम यहां से बादल देख सकते हैं।,We can see the clouds from here.,आले नेता: ते बादल लेल लेलो:आ।,aale netaa: te baadala lela lelo:aa.
हम यहां से हवा देख सकते हैं।,We can see the wind from here.,आले नेता: ते हवा लेल तना।,aale netaa: te hawaa lela tanaa.
यहाँ से हम सूर्य को देख सकते हैं।,From here we can see the sun.,नेता ते आले सूर्य को लेल केदा।,netaa te aale suurya ko lela kedaa.
हम यहाँ से गर्मी देख सकते हैं।,We can see the heat from here.,आले नेता: ते गर्मी लेल तना।,aale netaa: te garmii lela tanaa.
हम यहां से ठंड देख सकते हैं।,We can see the cold from here.,आले नेता: ते ठंड लेल तना।,aale netaa: te thanda lela tanaa.
हम यहां से तूफ़ान देख सकते हैं.,We can see the storm from here.,आले नेता: ते तूफ़ान लेल केदाए।,aale netaa: te tuupha़aana lela kedaae.
हम यहां से कोहरा देख सकते हैं।,We can see the fog from here.,आले नेता: ते कोहरा लेल लेलो:आ।,aale netaa: te koharaa lela lelo:aa.
यहां से हम आसमान देख सकते हैं.,From here we can see the sky.,नेता ते आले आसमान लेल लेल तना।,netaa te aale aasamaana lela lela tanaa.
हम यहां से छाता देख सकते हैं।,We can see the umbrella from here.,आले नेता ते छाता लेल लेल तना।,aale netaa te chhaataa lela lela tanaa.
हम यहाँ से कोट देख सकते हैं।,We can see the coat from here.,आले नेता: ते कोट लेल लेल केदा।,aale netaa: te kota lela lela kedaa.
हम यहां से जूता देख सकते हैं.,We can see the shoe from here.,आले नेता ते जूता लेल जना।,aale netaa te juutaa lela janaa.
हम यहां से सड़क देख सकते हैं।,We can see the road from here.,आले नेता: ते सड़क लेल लेल तना।,aale netaa: te sada़ka lela lela tanaa.
हम यहां से मैदान देख सकते हैं.,We can see the field from here.,आले नेता: ते मैदान लेल लेल तना।,aale netaa: te maidaana lela lela tanaa.
हम यहां से नदी देख सकते हैं।,We can see the river from here.,आले नेता: ते नदी लेल लेलो:आ।,aale netaa: te nadii lela lelo:aa.
हम यहाँ से पेड़ देख सकते हैं।,We can see the trees from here.,आले नेता: ते पेड़ लेल लेल तना।,aale netaa: te peda़ lela lela tanaa.
हम यहां से छत देख सकते हैं।,We can see the roof from here.,आले नेता: ते छत लेल लेलो:आ।,aale netaa: te chhata lela lelo:aa.
हम यहां से खिड़की देख सकते हैं।,We can see the window from here.,आले नेता: ते खिड़की लेल केदा।,aale netaa: te khida़kii lela kedaa.
हम यहाँ से बगीचा देख सकते हैं।,We can see the garden from here.,आले नेता: ते बगीचा लेल तना।,aale netaa: te bagiichaa lela tanaa.
हम यहाँ से मिट्टी देख सकते हैं।,We can see the soil from here.,आले नेता: ते मिट्टी लेल केदा।,aale netaa: te mittii lela kedaa.
हम यहां से पानी देख सकते हैं।,We can see the water from here.,आले नेता: ते पानी लेल लेलो:आ।,aale netaa: te paanii lela lelo:aa.
हम यहां से सुबह देख सकते हैं.,We can see the morning from here.,आले नेता: ते सोबेन लेल लेलो:वा,aale netaa: te sobena lela lelo:waa
यहां से हम दोपहर का नजारा देख सकते हैं।,From here we can see the afternoon view.,नेता: ते आले दोपहर रा: नजारा लेल तना:,netaa: te aale dopahara raa: najaaraa lela tanaa:
हम यहां से शाम का नजारा देख सकते हैं.,We can see the evening view from here.,आले नेता: ते शाम रा: नजारा लेल तना:,aale netaa: te shaama raa: najaaraa lela tanaa:
हम यहां से रात का नजारा देख सकते हैं.,We can see the night view from here.,आले नेता: ते रातरा: नजारा लेल तना:,aale netaa: te raataraa: najaaraa lela tanaa:
आज बारिश सुहानी लग रही है.,The rain is feeling nice today.,तिसिंग तिसिङ बारिश सुहानी लगिन ताइकेना।,tisinga tisinga baarisha suhaanii lagina taaikenaa.
आज बादल सुहाना लगता है.,The clouds look nice today.,तिसिङ तिसिङ बादल सुहाना लगव तना।,tisinga tisinga baadala suhaanaa lagawa tanaa.
आज हवा सुहानी लग रही है.,The air feels nice today.,तिसिङ हवा सुहानी लगिन ताइकेना।,tisinga hawaa suhaanii lagina taaikenaa.
आज धूप सुहावनी लग रही है.,The sun is feeling pleasant today.,तिसिङ धूप सुहावनी लगव तना।,tisinga dhuupa suhaawanii lagawa tanaa.
आज गर्मी सुहानी लग रही है.,The heat is pleasant today.,तिसिङ हुलाङ गर्मी सुहानी लगिन तइना।,tisinga hulaanga garmii suhaanii lagina tainaa.
आज ठंड सुहानी लग रही है.,The cold is feeling pleasant today.,तिसिंग तिसिङ ठंड सुहानी लगिन ताइकेना।,tisinga tisinga thanda suhaanii lagina taaikenaa.
तूफ़ान आज सुहाना लगता है.,The storm feels pleasant today.,तूफ़ान तिसिङ सुहाना लागातिङा।,tuupha़aana tisinga suhaanaa laagaatingaa.
आज कोहरा सुहाना लग रहा है.,The fog feels nice today.,तिसिङ कोहरा सुहाना लगव तना।,tisinga koharaa suhaanaa lagawa tanaa.
आज आसमान सुहाना लग रहा है.,The sky looks beautiful today.,तिसिंग तिसिङ आसमान सुहाना लगव तना।,tisinga tisinga aasamaana suhaanaa lagawa tanaa.
आज छाता सुखद लगता है.,The umbrella feels nice today.,तिसिंग तिसिङ छाता सुकु तना।,tisinga tisinga chhaataa suku tanaa.
कोट आज सुखद लग रहा है.,The coat looks nice today.,कोट तिसिङ सुखद लगव तना।,kota tisinga sukhada lagawa tanaa.
जूता आज सुखद लग रहा है.,The shoe looks nice today.,जूता तिसिङ सुखद लगव तना।,juutaa tisinga sukhada lagawa tanaa.
आज सड़क सुहानी लग रही है.,The road looks nice today.,तिसिङ सड़क सुहानी लगिन ताइकेना।,tisinga sada़ka suhaanii lagina taaikenaa.
आज मैदान सुखद लग रहा है.,The ground looks pleasant today.,तिसिंग तिसिङ मैदान सुकु तनाए।,tisinga tisinga maidaana suku tanaae.
आज नदी सुहानी लगती है.,The river looks beautiful today.,तिसिङ तिसिङ नदी सुहानी लगव तना।,tisinga tisinga nadii suhaanii lagawa tanaa.
पेड़ आज सुखद लगता है.,The tree looks pleasant today.,ओड़ो: पेड़ तिसिङ सुकु लागातिङा।,oda़o: peda़ tisinga suku laagaatingaa.
आज छत सुहानी लग रही है.,The rooftop looks beautiful today.,तिसिंग तिसिङ छत सुहानी लगिन तइना।,tisinga tisinga chhata suhaanii lagina tainaa.
आज खिड़की सुहानी लगती है.,The window looks beautiful today.,तिसिङ खिड़की सुहानी लागातिङा।,tisinga khida़kii suhaanii laagaatingaa.
आज बगीचा सुहाना लग रहा है.,The garden looks beautiful today.,तिसिङ बगीचा सुहाना लगव तना।,tisinga bagiichaa suhaanaa lagawa tanaa.
आज मिट्टी सुहानी लगती है.,The soil looks pleasant today.,तिसिङ मिट्टी सुहानी लागातिङा।,tisinga mittii suhaanii laagaatingaa.
आज पानी सुहावना लग रहा है.,The water looks nice today.,तिसिंग तिसिङ पानी सुहावना लगव तना।,tisinga tisinga paanii suhaawanaa lagawa tanaa.
आज सुबह सुहानी लग रही है.,It looks beautiful this morning.,तिसिङ तिसिङ हुलंग सुहानी लगिन तइना।,tisinga tisinga hulanga suhaanii lagina tainaa.
आज दोपहर सुखद लग रही है।,It's looking pleasant this afternoon.,तिसिङ तिसिङ दोपहर सुकु ताइकेना।,tisinga tisinga dopahara suku taaikenaa.
आज शाम सुहानी लग रही है.,It looks lovely this evening.,तिसिङ तिसिङ तिसिङ सुहानी लगिन ताइकेना।,tisinga tisinga tisinga suhaanii lagina taaikenaa.
आज रात सुहानी लग रही है.,It looks lovely tonight.,तिसिङ तिसिङ हुलंग सुहानी लगव तना।,tisinga tisinga hulanga suhaanii lagawa tanaa.
बारिश आज रात भी जारी रह सकती है.,Rain may continue tonight also.,ओड़ो: बारिश तिसिङ रेओ जारी ताइना।,oda़o: baarisha tisinga reo jaarii taainaa.
आज रात भी बादल छाए रह सकते हैं।,It may remain cloudy tonight as well.,तिसिङ तिसिङ रेओ बादल छाएआकान ताइकेना।,tisinga tisinga reo baadala chhaaeaakaana taaikenaa.
आज रात हवा जारी रह सकती है.,The wind may continue tonight.,तिसिङ तिसिङ तिसिङ हवा जारी ताइना।,tisinga tisinga tisinga hawaa jaarii taainaa.
आज रात धूप जारी रह सकती है.,The sunshine may continue tonight.,तिसिङ तिसिङ हुलंग धूप जारी ताइना।,tisinga tisinga hulanga dhuupa jaarii taainaa.
आज रात भी गर्मी जारी रह सकती है.,The heat may continue tonight also.,तिसिङ तिसिङ रेओ गर्मी जारी ताइना।,tisinga tisinga reo garmii jaarii taainaa.
आज रात ठंड जारी रह सकती है.,The cold may continue tonight.,तिसिङ तिसिङ हुलंग ठंड जारी ताइना।,tisinga tisinga hulanga thanda jaarii taainaa.
तूफान आज रात भी जारी रह सकता है.,The storm may continue tonight also.,तूफान तिसिङ रेओ जारी ताइना।,tuuphaana tisinga reo jaarii taainaa.
आज रात कोहरा जारी रह सकता है.,Fog may continue tonight.,तिसिङ तिसिङ हुलाङ कोहरा जारी ताइना।,tisinga tisinga hulaanga koharaa jaarii taainaa.
आज रात आसमान में बादल छाए रह सकते हैं।,The sky may remain cloudy tonight.,तिसिङ तिसिङ सोमाए आसमान रे बादल छाएआकान ताइना।,tisinga tisinga somaae aasamaana re baadala chhaaeaakaana taainaa.
छाता आज रात भी जारी रह सकता है.,The umbrella may continue tonight as well.,ओड़ोः छाता तिसिङ रेओ जारी ताइना।,oda़oh chhaataa tisinga reo jaarii taainaa.
कोट आज रात भी जारी रह सकता है.,The quote may continue tonight.,कोट तिसिङ रेओ जारी ताइना।,kota tisinga reo jaarii taainaa.
जूता आज रात भी जारी रह सकता है.,The shoe may continue tonight as well.,जूता तिसिङ रेओ जारी ताइना।,juutaa tisinga reo jaarii taainaa.
सड़क आज रात भी जारी रह सकती है.,The roadblocks may continue tonight.,सड़क तिसिङ रेओ जारी ताइना।,sada़ka tisinga reo jaarii taainaa.
मैदान आज रात भी जारी रह सकता है.,The ground could continue tonight.,अइंग मैदान तिसिङ रेओ जारी तइना।,ainga maidaana tisinga reo jaarii tainaa.
नदी का बहाव आज रात भी जारी रह सकता है।,The river flow may continue tonight.,नदी राः बहाव तिसिङ रेओ जारी ताइना।,nadii raah bahaawa tisinga reo jaarii taainaa.
पेड़ आज रात भी जारी रह सकता है.,The tree may continue tonight as well.,ओड़ोः पेड़ तिसिङ रेओ जारी ताइना।,oda़oh peda़ tisinga reo jaarii taainaa.
छत आज रात भी जारी रह सकती है.,The roof may continue tonight.,ओड़ोः छत तिसिङ रेओ जारी ताइना।,oda़oh chhata tisinga reo jaarii taainaa.
विंडो आज रात भी जारी रह सकती है.,The window could continue tonight.,विंडो तिसिङ रेओ जारी ताइना।,windo tisinga reo jaarii taainaa.
बगीचा आज रात भी जारी रह सकता है।,The garden may continue tonight.,बगीचा तिसिङ तायोम रेओ जारी ताइना।,bagiichaa tisinga taayoma reo jaarii taainaa.
मिट्टी आज रात भी जारी रह सकती है.,The mud may continue tonight.,आयार मिट्टी तिसिङ रेओ जारी ताइना।,aayaara mittii tisinga reo jaarii taainaa.
पानी आज रात भी जारी रह सकता है.,The rain may continue tonight as well.,पानी तिसिङ रेओ जारी ताइना।,paanii tisinga reo jaarii taainaa.
सुबह आज रात भी जारी रह सकती है.,The morning may continue tonight as well.,ओड़ोः तिसिङ तिसिङ तिसिङ तिसिङ रेओ जारी ताइना।,oda़oh tisinga tisinga tisinga tisinga reo jaarii taainaa.
दोपहर बाद आज रात भी जारी रह सकती है.,It may continue later this afternoon tonight as well.,नेपहर तायोम तायोमते तिसिङ रेओ जारी ताइना।,nepahara taayoma taayomate tisinga reo jaarii taainaa.
शाम आज रात भी जारी रह सकती है.,The evening may continue tonight as well.,मेनदो तिसिङ तिसिङ तिसिङ रेओ जारी ताइना।,menado tisinga tisinga tisinga reo jaarii taainaa.
रात आज भी जारी रह सकती है.,The night may continue today also.,तायोम तिसिङ तिसिङगे जारी ताइना।,taayoma tisinga tisingage jaarii taainaa.
कृपया बारिश के लिए तैयारी करें.,Please prepare for rain.,नेयारी नातिन तैयारी मेनते तैयारी मेनाः।,neyaarii naatina taiyaarii menate taiyaarii menaah.
कृपया बादल के लिए तैयार रहें.,Please be prepared for the clouds.,ओड़ो: कृपया बादल नातिन तैयार ताइकेना।,oda़o: kripayaa baadala naatina taiyaara taaikenaa.
कृपया हवा के लिए तैयार रहें.,Please be prepared for wind.,मेनदो कृपया हवा नातिन तैयार ताइकेना।,menado kripayaa hawaa naatina taiyaara taaikenaa.
कृपया सूरज के लिए तैयारी करें.,Please prepare for the sun.,नेयारी सुरज नातिन तैयारी रिकाएआ।,neyaarii suraja naatina taiyaarii rikaaeaa.
कृपया गर्मी के लिए तैयारी करें.,Please prepare for the heat.,ओड़ोः मेनते गर्मी नातिन तैयारी रिकाएः।,oda़oh menate garmii naatina taiyaarii rikaaeh.
कृपया ठंड के लिए तैयारी करें।,Please prepare for the cold.,ओड़ो: कृपया ठंड नातिन तैयारी रिकाएआ।,oda़o: kripayaa thanda naatina taiyaarii rikaaeaa.
कृपया तूफान के लिए तैयार रहें।,Please be prepared for the storm.,ओड़ो: कृपया तूफान नातिन तैयार ताइना।,oda़o: kripayaa tuuphaana naatina taiyaara taainaa.
कृपया कोहरे के लिए तैयारी करें।,Please prepare for fog.,नेयारी कोहरा नातिन तैयारी रिकाएआ।,neyaarii koharaa naatina taiyaarii rikaaeaa.
कृपया आकाश के लिए तैयारी करें.,Please prepare for the sky.,आकाश नातिन तैयारी रिकाएआ।,aakaasha naatina taiyaarii rikaaeaa.
कृपया छाते की तैयारी करें।,Please prepare an umbrella.,ओड़ो: कृपया छातारा: तैयारी रिकाएआ।,oda़o: kripayaa chhaataaraa: taiyaarii rikaaeaa.
कृपया कोट की तैयारी करें.,Please prepare for the quote.,मेनदो कृपया कोटरा: तैयारी रिकाएआ।,menado kripayaa kotaraa: taiyaarii rikaaeaa.
कृपया जूते की तैयारी करें.,Please prepare your shoes.,ओड़ोः कृपया जूता राः तैयारी ताइकेना।,oda़oh kripayaa juutaa raah taiyaarii taaikenaa.
कृपया सड़क के लिए तैयारी करें.,Please prepare for the road.,ओड़ो: कृपया सड़क नातिन तैयारी रिकाएआ।,oda़o: kripayaa sada़ka naatina taiyaarii rikaaeaa.
कृपया मैदान के लिए तैयारी करें.,Please prepare for the field.,ओड़ो: कृपया मैदान नातिन तैयारी रिकाएआ।,oda़o: kripayaa maidaana naatina taiyaarii rikaaeaa.
कृपया नदी के लिए तैयारी करें।,Please prepare for the river.,मेनदो कृपया नदी नातिन तैयारी रिकाएआ।,menado kripayaa nadii naatina taiyaarii rikaaeaa.
कृपया पेड़ के लिए तैयारी करें.,Please prepare for the tree.,नेयारी पेड़ नातिन तैयारी रिकाएआ।,neyaarii peda़ naatina taiyaarii rikaaeaa.
कृपया छत की तैयारी करें.,Please prepare the roof.,ओड़ो: कृपया छतरा: तैयारी रिकाएआ।,oda़o: kripayaa chhataraa: taiyaarii rikaaeaa.
कृपया विंडो के लिए तैयारी करें.,Please prepare for the window.,मेनदो कृपया विंडो नातिन तैयारी मेनाः।,menado kripayaa windo naatina taiyaarii menaah.
कृपया बगीचे की तैयारी करें.,Please prepare the garden.,ओड़ोः कृपया बगीचे रआः तैयारी ताइकेना।,oda़oh kripayaa bagiiche raaah taiyaarii taaikenaa.
कृपया मिट्टी की तैयारी करें.,Please prepare the soil.,ओड़ोः कृपया मिट्टी राः तैयारी रिकाएः।,oda़oh kripayaa mittii raah taiyaarii rikaaeh.
कृपया पानी की तैयारी करें.,Please prepare water.,मेनदो कृपया पानीरा: तैयारी रिकाएआ।,menado kripayaa paaniiraa: taiyaarii rikaaeaa.
कृपया सुबह के लिए तैयारी करें.,Please prepare for the morning.,नेयारी सुसुन नातिन तैयारी रिकाएआ।,neyaarii susuna naatina taiyaarii rikaaeaa.
कृपया दोपहर के लिए तैयारी करें।,Please prepare for the afternoon.,मेनदो दोपहर राः नातिन तैयारी ताइकेना।,menado dopahara raah naatina taiyaarii taaikenaa.
कृपया शाम के लिए तैयारी करें.,Please prepare for the evening.,ओड़ोः मेनदो शाम नातिन तैयारी मेनाः।,oda़oh menado shaama naatina taiyaarii menaah.
कृपया रात के लिए तैयारी करें.,Please prepare for the night.,नेयारी राः नातिन तैयारी रिकाएआ।,neyaarii raah naatina taiyaarii rikaaeaa.
मेरी माँ घर पर है।,my mother is at home.,अइंगअः अइंगअः अइंगअः अइंगअः अइंग अइंगअः रे तइन केना।,aingaah aingaah aingaah aingaah ainga aingaah re taina kenaa.
मेरे पिता घर पर हैं.,My father is at home.,आञाः आञाः पिता ओड़ाः रे ताइकेना।,aanyaah aanyaah pitaa oda़aah re taaikenaa.
मेरा भाई घर पर है.,My brother is at home.,आञाः आञाः भाई ओड़ोः रे मेना:।,aanyaah aanyaah bhaaii oda़oh re menaa:.
मेरी बहन घर पर है.,My sister is at home.,आञाः आञाः बहन ओड़ोः रे मेना:।,aanyaah aanyaah bahana oda़oh re menaa:.
मेरे दादाजी घर पर हैं.,My grandfather is at home.,आञाः दादाजी ओड़ोः रे ताइकेना।,aanyaah daadaajii oda़oh re taaikenaa.
मेरी दादी घर पर हैं.,My grandmother is at home.,आञाः आञाः दादी ओड़ोः रे ताइकेना।,aanyaah aanyaah daadii oda़oh re taaikenaa.
मेरे चाचा घर पर हैं.,My uncle is at home.,आञाः चाचा ओड़ोः रे ताइकेना।,aanyaah chaachaa oda़oh re taaikenaa.
मेरी चाची घर पर हैं.,My aunt is at home.,आञा: चाची ओड़ा: रे मेना:।,aanyaa: chaachii oda़aa: re menaa:.
मेरा चचेरा भाई घर पर है.,My cousin is at home.,आञाः चचेरा भाई ओड़ोः रे मेना:।,aanyaah chacheraa bhaaii oda़oh re menaa:.
मेरा बच्चा घर पर है.,My child is at home.,आञाः आञाः बच्चा ओड़ोः रे मेना:।,aanyaah aanyaah bachchaa oda़oh re menaa:.
मेरा बच्चा घर पर है.,My child is at home.,आञाः आञाः बच्चा ओड़ोः रे मेना:।,aanyaah aanyaah bachchaa oda़oh re menaa:.
मेरा दोस्त घर पर है.,My friend is at home.,आञाः आञाः दोस्त ओड़ोः रे मेना:।,aanyaah aanyaah dosta oda़oh re menaa:.
मेरे शिक्षक घर पर हैं.,My teacher is at home.,आञाः आञाः शिक्षक ओड़ोः रे ताइकेना।,aanyaah aanyaah shikshashaka oda़oh re taaikenaa.
मेरा पड़ोसी घर पर है.,My neighbor is at home.,आञाः आञाः पड़ोसी ओड़ाः रे मेना:।,aanyaah aanyaah pada़osii oda़aah re menaa:.
मेरे मेहमान घर पर हैं.,My guests are at home.,आञाः आञाः मेहमान ओड़ोः रे ताइकेना।,aanyaah aanyaah mehamaana oda़oh re taaikenaa.
मेरा किसान घर पर है.,My farmer is at home.,आञाः किसान ओड़ोः रे मेना:।,aanyaah kisaana oda़oh re menaa:.
मेरा कार्यकर्ता घर पर है.,My worker is at home.,आञाः कार्यकर्ता ओड़ोः रे मेना:।,aanyaah kaaryakartaa oda़oh re menaa:.
मेरा डॉक्टर घर पर है.,My doctor is at home.,आञाः आञाः डॉक्टर ओड़ाः रे मेना:।,aanyaah aanyaah daॉktara oda़aah re menaa:.
मेरा ड्राइवर घर पर है.,My driver is at home.,आञाः ड्राइवर ओड़ोः रे मेना:।,aanyaah draaiwara oda़oh re menaa:.
मेरा दुकानदार घर पर है.,My shopkeeper is at home.,आञाः दुकानदार ओड़ोः रे मेना:।,aanyaah dukaanadaara oda़oh re menaa:.
मेरा छात्र घर पर है.,My student is at home.,आञाः आञाः छात्र ओड़ोः रे मेना:।,aanyaah aanyaah chhaatrara oda़oh re menaa:.
मेरे माता-पिता घर पर हैं.,My parents are at home.,आञाः आञाः मातापिता ओड़ोः रे ताइकेना।,aanyaah aanyaah maataapitaa oda़oh re taaikenaa.
मेरा बेटा घर पर है.,My son is at home.,आञाः आञाः बेटा ओड़ोः रे मेना:।,aanyaah aanyaah betaa oda़oh re menaa:.
मेरी बेटी घर पर है.,My daughter is at home.,आञाः आञाः बेटी ओड़ाः रे ताइकेना।,aanyaah aanyaah betii oda़aah re taaikenaa.
मेरा पोता घर पर है.,My grandson is at home.,आञाः आञाः पोता ओड़ोः रे मेना:।,aanyaah aanyaah potaa oda़oh re menaa:.
माँ बाहर इंतज़ार कर रही है.,Mother is waiting outside.,मेनदो बाहर इंतज़ार रिका ताइकेना।,menado baahara intaja़aara rikaa taaikenaa.
पिता बाहर इंतज़ार कर रहे हैं.,Father is waiting outside.,ओड़ो: पिता बाहर रे इंतज़ार ताइकेना।,oda़o: pitaa baahara re intaja़aara taaikenaa.
भाई बाहर इंतज़ार कर रहा है.,Brother is waiting outside.,भाई बाहर इंतज़ार रिका तनाए।,bhaaii baahara intaja़aara rikaa tanaae.
बहन बाहर इंतज़ार कर रही है.,Sister is waiting outside.,मेनदो बहन बाहर इंतज़ार रिका ताइकेना।,menado bahana baahara intaja़aara rikaa taaikenaa.
दादाजी बाहर इंतज़ार कर रहे हैं.,Grandfather is waiting outside.,दादाजी बाहर इंतज़ार ताइकेना।,daadaajii baahara intaja़aara taaikenaa.
दादी बाहर इंतज़ार कर रही हैं.,Grandma is waiting outside.,मेनदो दादी बाहर इंतज़ार रिकाकेदाएः।,menado daadii baahara intaja़aara rikaakedaaeh.
चाचा बाहर इंतजार कर रहे हैं.,Uncle is waiting outside.,चाचा बाहर रे इंतजार रिकाकेदाएः।,chaachaa baahara re intajaara rikaakedaaeh.
मौसी बाहर इंतज़ार कर रही है.,Aunt is waiting outside.,मौसी बाहर इंतज़ार रिका तनाए।,mausii baahara intaja़aara rikaa tanaae.
चचेरा भाई बाहर इंतज़ार कर रहा है.,Cousin is waiting outside.,चचेरा भाई बाहर इंतज़ार केदाएः।,chacheraa bhaaii baahara intaja़aara kedaaeh.
बच्चा बाहर इंतज़ार कर रहा है.,The child is waiting outside.,होड़ो बच्चा बाहर इंतज़ार रिका तनाए।,hoda़o bachchaa baahara intaja़aara rikaa tanaae.
बच्चा बाहर इंतज़ार कर रहा है.,The child is waiting outside.,होड़ो बच्चा बाहर इंतज़ार रिका तनाए।,hoda़o bachchaa baahara intaja़aara rikaa tanaae.
दोस्त बाहर इंतज़ार कर रहा है.,The friend is waiting outside.,एटा: दोस्त बाहर इंतज़ार रिका तनाए।,etaa: dosta baahara intaja़aara rikaa tanaae.
शिक्षक बाहर इंतज़ार कर रहे हैं.,The teachers are waiting outside.,ओड़ोः शिक्षक बाहर इंतज़ार रिकाकेदाएः।,oda़oh shikshashaka baahara intaja़aara rikaakedaaeh.
पड़ोसी बाहर इंतज़ार कर रहा है.,The neighbor is waiting outside.,पड़ोसी बाहर इंतज़ार रिका तना।,pada़osii baahara intaja़aara rikaa tanaa.
मेहमान बाहर इंतज़ार कर रहा है.,The guest is waiting outside.,मेहमान बाहर इंतज़ार रिकाकेदाएः।,mehamaana baahara intaja़aara rikaakedaaeh.
किसान बाहर इंतज़ार कर रहा है.,The farmer is waiting outside.,मेनदो किसान बाहर इंतज़ार रिका तनाए।,menado kisaana baahara intaja़aara rikaa tanaae.
कार्यकर्ता बाहर इंतजार कर रहा है.,The worker is waiting outside.,ओड़ोः कार्यकर्ता बाहर इंतजार केदाएः।,oda़oh kaaryakartaa baahara intajaara kedaaeh.
डॉक्टर बाहर इंतज़ार कर रहा है.,The doctor is waiting outside.,डॉक्टर बाहर इंतज़ार रिका तना।,daॉktara baahara intaja़aara rikaa tanaa.
ड्राइवर बाहर इंतज़ार कर रहा है.,The driver is waiting outside.,ओड़ोः ड्राइवर बाहर इंतज़ार रिका तना।,oda़oh draaiwara baahara intaja़aara rikaa tanaa.
दुकानदार बाहर इंतज़ार कर रहा है.,The shopkeeper is waiting outside.,ओड़ोः दुकानदार बाहर इंतज़ार रिका तनाए।,oda़oh dukaanadaara baahara intaja़aara rikaa tanaae.
छात्र बाहर इंतज़ार कर रहा है.,The student is waiting outside.,ओड़ोः छात्र बाहर इंतज़ार रिका तनाए।,oda़oh chhaatrara baahara intaja़aara rikaa tanaae.
माता-पिता बाहर इंतज़ार कर रहे हैं.,The parents are waiting outside.,माता-पिता बाहर इंतज़ार ताइकेना।,maataa-pitaa baahara intaja़aara taaikenaa.
बेटा बाहर इंतज़ार कर रहा है.,The son is waiting outside.,ओड़ो: बेटा बाहर इंतज़ार रिका तना:,oda़o: betaa baahara intaja़aara rikaa tanaa:
बेटी बाहर इंतज़ार कर रही है.,The daughter is waiting outside.,ओड़ो: बेटी बाहर इंतज़ार रिका तनाए।,oda़o: betii baahara intaja़aara rikaa tanaae.
पोता बाहर इंतज़ार कर रहा है.,The grandson is waiting outside.,ओड़ो: पोता बाहर इंतज़ार रिका तना।,oda़o: potaa baahara intaja़aara rikaa tanaa.
मैंने आज सुबह मां से बात की.,I spoke to mother this morning.,आञ तिसिङ तिसिङ मां ते जागार केदाञ।,aanya tisinga tisinga maan te jaagaara kedaanya.
मैंने आज सुबह पिता से बात की.,I spoke to father this morning.,आञ तिसिङ हुलंग तायोमते आञ तिसिङ केदाञ।,aanya tisinga hulanga taayomate aanya tisinga kedaanya.
मैंने आज सुबह भाई से बात की.,I spoke to brother this morning.,आञ तिसिङ हुलंग भाई ते जागार केदाञ।,aanya tisinga hulanga bhaaii te jaagaara kedaanya.
मैंने आज सुबह बहन से बात की.,I spoke to my sister this morning.,आञ तिसिङ हुलंग बहन ते आञ तिसिङ बहन ते जागार केदाञ।,aanya tisinga hulanga bahana te aanya tisinga bahana te jaagaara kedaanya.
मैंने आज सुबह दादाजी से बात की।,I spoke to Grandpa this morning.,आञ तिसिंग हुलंग दादाजी ते बात केदाञ।,aanya tisinga hulanga daadaajii te baata kedaanya.
मैंने आज सुबह दादी से बात की.,I spoke to grandma this morning.,आञ तिसिङ हुलंग दादी ते दुराङकेदाञ।,aanya tisinga hulanga daadii te duraangakedaanya.
मैंने आज सुबह चाचा से बात की.,I spoke to uncle this morning.,आञ तिसिङ चाचा ते आञ चाचा ते जागार केदाञ।,aanya tisinga chaachaa te aanya chaachaa te jaagaara kedaanya.
मैंने आज सुबह चाची से बात की.,I spoke to aunty this morning.,आञ तिसिङ चाची ते चाची ते बात केदाञ।,aanya tisinga chaachii te chaachii te baata kedaanya.
मैंने आज सुबह चचेरे भाई से बात की।,I spoke to my cousin this morning.,आञ तिसिङ हुलंग चचेरे भाई ते बात केदाञ।,aanya tisinga hulanga chachere bhaaii te baata kedaanya.
मैंने आज सुबह बच्चे से बात की.,I spoke to the child this morning.,आञ तिसिङ हुलंग होड़ोको ते जागार केदाञ।,aanya tisinga hulanga hoda़oko te jaagaara kedaanya.
मैंने आज सुबह बच्चे से बात की।,I spoke to the child this morning.,आञ तिसिङ हुलंग होड़ोको ते जागार केदाञ।,aanya tisinga hulanga hoda़oko te jaagaara kedaanya.
मैंने आज सुबह दोस्त से बात की.,I spoke to a friend this morning.,आञ तिसिङ तिसिङ तिसिङ दोस्त ते आञ दोस्त केदाञ।,aanya tisinga tisinga tisinga dosta te aanya dosta kedaanya.
मैंने आज सुबह शिक्षक से बात की।,I spoke to the teacher this morning.,आञ तिसिङ तिसिङ शिक्षक ते जागार केदाञ।,aanya tisinga tisinga shikshashaka te jaagaara kedaanya.
मैंने आज सुबह पड़ोसी से बात की.,I spoke to the neighbor this morning.,आञ तिसिङ हुलंग पड़ोसी ते जागार केदाञ।,aanya tisinga hulanga pada़osii te jaagaara kedaanya.
मैंने आज सुबह अतिथि से बात की।,I spoke to the guest this morning.,आञ तिसिङ हुलंग अतिथि ते जागार केदाञ।,aanya tisinga hulanga atithi te jaagaara kedaanya.
मैंने आज सुबह किसान से बात की।,I spoke to the farmer this morning.,आञ तिसिङ हुलंग किसान ते जागार केदाञ।,aanya tisinga hulanga kisaana te jaagaara kedaanya.
मैंने आज सुबह कार्यकर्ता से बात की।,I spoke to the worker this morning.,आञ तिसिङ हुलंग कार्यकर्ता ते जागार केदाञ।,aanya tisinga hulanga kaaryakartaa te jaagaara kedaanya.
मैंने आज सुबह डॉक्टर से बात की.,I spoke to the doctor this morning.,आञ तिसिङ हुलंग डॉक्टर ते जागार केदाञ।,aanya tisinga hulanga daॉktara te jaagaara kedaanya.
मैंने आज सुबह ड्राइवर से बात की।,I spoke to the driver this morning.,आञ तिसिङ हुलंग ड्राइवर ते जागार केदाञ।,aanya tisinga hulanga draaiwara te jaagaara kedaanya.
मैंने आज सुबह दुकानदार से बात की।,I spoke to the shopkeeper this morning.,आञ तिसिङ हुलंग दुकानदार ते जागार केदाञ।,aanya tisinga hulanga dukaanadaara te jaagaara kedaanya.
मैंने आज सुबह छात्र से बात की।,I spoke to the student this morning.,आञ तिसिङ हुलंग छात्र ते जागार केदाञ।,aanya tisinga hulanga chhaatrara te jaagaara kedaanya.
मैंने आज सुबह माता-पिता से बात की।,I spoke to the parents this morning.,आञ तिसिङ हुलंग मातापिता ते जागार केदाञ।,aanya tisinga hulanga maataapitaa te jaagaara kedaanya.
मैंने आज सुबह बेटे से बात की.,I spoke to my son this morning.,आञ तिसिङ हुलंग बेटे ते जागार केदाञ।,aanya tisinga hulanga bete te jaagaara kedaanya.
मैंने आज सुबह बेटी से बात की.,I spoke to my daughter this morning.,आञ तिसिङ हुलंग बेटी ते जागार केदाञ।,aanya tisinga hulanga betii te jaagaara kedaanya.
मैंने आज सुबह पोते से बात की।,I spoke to the grandson this morning.,आञ तिसिङ हुलंग पोते ते जागार केदाञ।,aanya tisinga hulanga pote te jaagaara kedaanya.
मां ने कल मेरी मदद की.,Mother helped me yesterday.,अइंग अइंग अइंग अइंग अइंगअः मदद केदा।,ainga ainga ainga ainga aingaah madada kedaa.
कल पापा ने मेरी मदद की.,Papa helped me yesterday.,आञाः तिसिङ पापा आञाः मदद केदाञ।,aanyaah tisinga paapaa aanyaah madada kedaanya.
कल भाई ने मेरी मदद की.,My brother helped me yesterday.,आञाः कल भाई आञाः मदद केदाञ।,aanyaah kala bhaaii aanyaah madada kedaanya.
कल बहन ने मेरी मदद की.,My sister helped me yesterday.,आञाः तिसिङ बहन आञाः मदद केदाञ।,aanyaah tisinga bahana aanyaah madada kedaanya.
दादाजी ने कल मेरी मदद की।,Grandfather helped me yesterday.,अइंग अइंग अइंग अइंगअः मदद केदाजी अइंग अइंगअः मदद केदा।,ainga ainga ainga aingaah madada kedaajii ainga aingaah madada kedaa.
कल दादी ने मेरी मदद की.,Grandma helped me yesterday.,आञाः कल दादी आञाः मदद केदाञ।,aanyaah kala daadii aanyaah madada kedaanya.
कल अंकल ने मेरी मदद की.,Uncle helped me yesterday.,आञाः कल अंकल आञाः मदद केदाञ।,aanyaah kala ankala aanyaah madada kedaanya.
कल आंटी ने मेरी मदद की.,Aunty helped me yesterday.,आञाः तिसिङ आंटी आञाः मदद केदाञ।,aanyaah tisinga aantii aanyaah madada kedaanya.
कल चचेरे भाई ने मेरी मदद की।,My cousin helped me yesterday.,आञाः कल चचेरे भाई आञाः मदद केदाञ।,aanyaah kala chachere bhaaii aanyaah madada kedaanya.
बच्चे ने कल मेरी मदद की.,The child helped me yesterday.,अइंग अइंग अइंग अइंगअः मदद केदाए।,ainga ainga ainga aingaah madada kedaae.
बच्चे ने कल मेरी मदद की।,The child helped me yesterday.,अइंग अइंग अइंग अइंगअः मदद केदा।,ainga ainga ainga aingaah madada kedaa.
दोस्त ने कल मेरी मदद की.,My friend helped me yesterday.,तिसिङ दोस्त आञाः आञाः मदद केदाञ।,tisinga dosta aanyaah aanyaah madada kedaanya.
शिक्षक ने कल मेरी मदद की।,The teacher helped me yesterday.,आञ आञाः मदद केदाञ।,aanya aanyaah madada kedaanya.
कल पड़ोसी ने मेरी मदद की.,Yesterday my neighbor helped me.,आञाः तिसिङ पड़ोसी आञाः मदद केदाञ।,aanyaah tisinga pada़osii aanyaah madada kedaanya.
कल अतिथि ने मेरी सहायता की।,Yesterday the guest helped me.,आञाः कल तिसिङ अतिथि आञाः सहायता केदाञ।,aanyaah kala tisinga atithi aanyaah sahaayataa kedaanya.
कल किसान ने मेरी मदद की।,The farmer helped me yesterday.,आञ आञाः आञाः मदद केदाञ।,aanya aanyaah aanyaah madada kedaanya.
कार्यकर्ता ने कल मेरी मदद की।,The worker helped me yesterday.,आञ आञ आञाः मदद केदाञ।,aanya aanya aanyaah madada kedaanya.
डॉक्टर ने कल मेरी मदद की।,The doctor helped me yesterday.,डॉक्टर कल अइंग अइंगअः मदद केदा।,daॉktara kala ainga aingaah madada kedaa.
ड्राइवर ने कल मेरी मदद की।,The driver helped me yesterday.,आञ आञाः मदद केदाञ।,aanya aanyaah madada kedaanya.
कल दुकानदार ने मेरी मदद की।,The shopkeeper helped me yesterday.,आञाः कल दुकानदार आञाः मदद केदाञ।,aanyaah kala dukaanadaara aanyaah madada kedaanya.
छात्र ने कल मेरी मदद की।,The student helped me yesterday.,आञ कल आञाः मदद केदाञ।,aanya kala aanyaah madada kedaanya.
माता-पिता ने कल मेरी मदद की।,My parents helped me yesterday.,माता-पिता कल अइंग अइंगअः मदद केदा।,maataa-pitaa kala ainga aingaah madada kedaa.
कल बेटे ने मेरी मदद की.,My son helped me yesterday.,आञाः तिसिङ बेटे आञाः मदद केदाञ।,aanyaah tisinga bete aanyaah madada kedaanya.
कल बेटी ने मेरी मदद की.,My daughter helped me yesterday.,आञाः तिसिङ बेटी आञाः मदद केदाञ।,aanyaah tisinga betii aanyaah madada kedaanya.
पोते ने कल मेरी मदद की।,My grandson helped me yesterday.,आञ कल आञाः मदद केदाञ।,aanya kala aanyaah madada kedaanya.
कृपया माँ को बुलाओ.,Please call mother.,ओड़ोः अइंग के बुलाओःआ।,oda़oh ainga ke bulaaohaa.
प्लीज पापा को बुलाओ.,Please call Papa.,ओड़ो: प्लीज पापा के बुलाओ।,oda़o: pliija paapaa ke bulaao.
प्लीज भाई को बुलाओ.,Please call brother.,प्लीज भाई के बुलाओआ।,pliija bhaaii ke bulaaoaa.
प्लीज़ बहन को बुलाओ.,Please call your sister.,ओड़ो: प्लीज़ बहन के बुलाओ।,oda़o: pliija़ bahana ke bulaao.
कृपया दादाजी को बुलाओ।,Please call Grandpa.,ओड़ोः मेनते दादाजी के बुलाओःआ।,oda़oh menate daadaajii ke bulaaohaa.
कृपया दादी को बुलाओ।,Please call grandma.,ओड़ोः नुतुम दादी के बुलाओःआ।,oda़oh nutuma daadii ke bulaaohaa.
प्लीज अंकल को बुलाओ.,Please call uncle.,ओड़ो: प्लीज अंकल के बुलाओ।,oda़o: pliija ankala ke bulaao.
प्लीज आंटी को बुलाओ.,Please call aunty.,प्लीज आंटी को बुलाओआ।,pliija aantii ko bulaaoaa.
कृपया चचेरे भाई को बुलाओ.,Please call the cousin.,मेनदो चचेरे भाई के बुलाओआ।,menado chachere bhaaii ke bulaaoaa.
कृपया बच्चे को बुलाएं.,Please call the child.,ओड़ोः अदिका होड़ोको के बुलाओःआ।,oda़oh adikaa hoda़oko ke bulaaohaa.
कृपया बच्चे को बुलाओ.,Please call the child.,ओड़ोः आपान होड़ो को बुलाओःआ।,oda़oh aapaana hoda़o ko bulaaohaa.
कृपया मित्र को कॉल करें.,Please call a friend.,मेनदो कृपया मित्र के कॉल रिका केदा।,menado kripayaa mitrara ke kaॉla rikaa kedaa.
कृपया शिक्षक को बुलाएँ.,Please call the teacher.,ओड़ोः मेनदो शिक्षक को बुलाओःआ।,oda़oh menado shikshashaka ko bulaaohaa.
कृपया पड़ोसी को बुलाओ.,Please call the neighbor.,ओड़ो: पड़ोसी को बुलाओ।,oda़o: pada़osii ko bulaao.
कृपया अतिथि को बुलाएं.,Please call the guest.,ओड़ो: कृपया अतिथि को बुलाओआ।,oda़o: kripayaa atithi ko bulaaoaa.
कृपया किसान को बुलाएं.,Please call the farmer.,ओड़ोः चिसान के बुलाओःआ।,oda़oh chisaana ke bulaaohaa.
कृपया कार्यकर्ता को बुलाएं.,Please call the worker.,ओड़ोः कृपया कार्यकर्ता को बुलाओःआ।,oda़oh kripayaa kaaryakartaa ko bulaaohaa.
कृपया ड्राइवर को कॉल करें.,Please call the driver.,ओड़ो: कृपया ड्राइवर के कॉल रिकाएआ।,oda़o: kripayaa draaiwara ke kaॉla rikaaeaa.
कृपया दुकानदार को बुलाएँ।,Please call the shopkeeper.,ओड़ोः एटाः दुकानदार के बुलाएः।,oda़oh etaah dukaanadaara ke bulaaeh.
कृपया छात्र को कॉल करें.,Please call the student.,ओड़ोः मेनदो छात्र के कॉल रिकाएः।,oda़oh menado chhaatrara ke kaॉla rikaaeh.
कृपया माता-पिता को कॉल करें.,Please call the parents.,ओड़ो: माता-पिता के कॉल रिकाएआ।,oda़o: maataa-pitaa ke kaॉla rikaaeaa.
प्लीज बेटे को बुलाओ.,Please call your son.,ओड़ो: प्लीज बेटे को बुलाओ।,oda़o: pliija bete ko bulaao.
कृपया बेटी को बुलाओ.,Please call your daughter.,ओड़ोः मेनदो बेटी के बुलाओःआ।,oda़oh menado betii ke bulaaohaa.
कृपया पोते को बुलाएँ।,Please call the grandson.,ओड़ोः मेनदो पोते को बुलाओःआ।,oda़oh menado pote ko bulaaohaa.
मैं मां से बाद में मिलूंगा.,I will meet mother later.,आञ आञ मां ते तायोम रे मिलिआञ।,aanya aanya maan te taayoma re miliaanya.
मैं पापा से बाद में मिलूंगा.,I will meet Papa later.,आञ पापा ते तायोम रे मिलिआञ।,aanya paapaa te taayoma re miliaanya.
मैं भाई से बाद में मिलूंगा.,I will meet brother later.,आञ भाई ते तायोम रे मिलिआञ।,aanya bhaaii te taayoma re miliaanya.
मैं बहन से बाद में मिलूंगा.,I will meet sister later.,आञ बहन ते तायोम रे मिलिआञ।,aanya bahana te taayoma re miliaanya.
मैं दादाजी से बाद में मिलूंगा.,I will meet Grandpa later.,आञ दादाजी ते तायोम रे मिलिआञ।,aanya daadaajii te taayoma re miliaanya.
मैं बाद में दादी से मिलूंगा.,I will meet grandma later.,आञ आञ तायोमते दादी ते मिलाओआञ।,aanya aanya taayomate daadii te milaaoaanya.
मैं अंकल से बाद में मिलूंगा.,I will meet uncle later.,आञ अंकल ते तायोम रे मिलिआञ।,aanya ankala te taayoma re miliaanya.
मैं आंटी से बाद में मिलूंगा.,I will meet aunty later.,आञ आंटी ते तायोम रे मिलिआञ।,aanya aantii te taayoma re miliaanya.
मैं बाद में चचेरे भाई से मिलूंगा.,I will meet the cousin later.,आञ तायोमते चचेरा भाई ते मिलाओआञ।,aanya taayomate chacheraa bhaaii te milaaoaanya.
मैं बच्चे से बाद में मिलूंगा.,I'll meet the kid later.,आञ बच्चे ते तायोम रे मिलिआञ।,aanya bachche te taayoma re miliaanya.
मैं बच्चे से बाद में मिलूंगा.,I'll meet the kid later.,आञ बच्चे ते तायोम रे मिलिआञ।,aanya bachche te taayoma re miliaanya.
मैं मित्र से बाद में मिलूंगा.,I will meet my friend later.,अइंग मित्र ते तायोम रे मिलिओआ।,ainga mitrara te taayoma re milioaa.
मैं बाद में शिक्षक से मिलूंगा.,I will meet the teacher later.,आञ आइंग तायोमते शिक्षक ते मिलाव तइनाञ।,aanya aainga taayomate shikshashaka te milaawa tainaanya.
मैं पड़ोसी से बाद में मिलूंगा.,I will meet the neighbor later.,आञ पड़ोसी ते तायोम रे मिलाव लागातिङा।,aanya pada़osii te taayoma re milaawa laagaatingaa.
मैं अतिथि से बाद में मिलूंगा.,I will meet the guest later.,आञ अतिथि ते तायोम रे मिलाव लागातिङा।,aanya atithi te taayoma re milaawa laagaatingaa.
मैं किसान से बाद में मिलूंगा.,I will meet the farmer later.,आञ किसान ते तायोम रे मिलाव लागातिङा।,aanya kisaana te taayoma re milaawa laagaatingaa.
मैं कार्यकर्ता से बाद में मिलूंगा.,I will meet the worker later.,आञ कार्यकर्ता ते तायोम रे मिलिआञ।,aanya kaaryakartaa te taayoma re miliaanya.
मैं बाद में डॉक्टर से मिलूंगा.,I will meet the doctor later.,आञ तायोमते डॉक्टर ते मिलाव तइनाञ।,aanya taayomate daॉktara te milaawa tainaanya.
मैं ड्राइवर से बाद में मिलूंगा.,I will meet the driver later.,आञ ड्राइवर ते तायोम रे मिलिआञ।,aanya draaiwara te taayoma re miliaanya.
मैं दुकानदार से बाद में मिलूंगा.,I will meet the shopkeeper later.,आञ दुकानदार ते तायोम रे मिलिआञ।,aanya dukaanadaara te taayoma re miliaanya.
मैं छात्र से बाद में मिलूंगा.,I will meet the student later.,आञ छात्र ते तायोम रे मिलिआञ।,aanya chhaatrara te taayoma re miliaanya.
मैं बाद में माता-पिता से मिलूंगा.,I will meet the parents later.,आञ आइंग तायोमते मातापिता ते मिलाओआञ।,aanya aainga taayomate maataapitaa te milaaoaanya.
मैं बेटे से बाद में मिलूंगा.,I will meet my son later.,आञ बेटे ते तायोम रे मिलिआञ।,aanya bete te taayoma re miliaanya.
मैं बेटी से बाद में मिलूंगा.,I will meet my daughter later.,आञ बेटी ते तायोम रे मिलिआञ।,aanya betii te taayoma re miliaanya.
मैं पोते से बाद में मिलूंगा.,I will meet my grandson later.,आञ पोते ते तायोम रे मिलिआञ।,aanya pote te taayoma re miliaanya.
माँ जवाब जानती है.,Mom knows the answer.,ओकोए माजा जवाब जानाओआ।,okoe maajaa jawaaba jaanaaoaa.
पिता को उत्तर मालूम है.,Father knows the answer.,ओड़ो: पिता के उत्तर मालूम मेना:।,oda़o: pitaa ke uttara maaluuma menaa:.
भाई जवाब जानता है.,Brother knows the answer.,भाई भाई जवाब जानाओआ।,bhaaii bhaaii jawaaba jaanaaoaa.
बहन को जवाब पता है.,Sister knows the answer.,मेनदो बहन के जवाब पता मेना:,menado bahana ke jawaaba pataa menaa:
दादाजी को इसका उत्तर पता है.,Grandpa knows the answer.,दादाजी नेआरा: उत्तर पता तना:,daadaajii neaaraa: uttara pataa tanaa:
दादी को उत्तर पता है.,Grandma knows the answer.,ओड़ो: दादी के उत्तर पता तना:,oda़o: daadii ke uttara pataa tanaa:
चाचा को उत्तर मालूम है.,Uncle knows the answer.,चाचा के उत्तर मालूम मेनाः।,chaachaa ke uttara maaluuma menaah.
आंटी को जवाब पता है.,Aunty knows the answer.,ओड़ो: आंटी के जवाब पता तना:,oda़o: aantii ke jawaaba pataa tanaa:
चचेरा भाई उत्तर जानता है.,Cousin knows the answer.,चचेरा भाई उत्तर जानाएः।,chacheraa bhaaii uttara jaanaaeh.
बच्चा उत्तर जानता है.,The child knows the answer.,ओड़ोः बच्चा उत्तर जानाओःआ।,oda़oh bachchaa uttara jaanaaohaa.
बच्चा उत्तर जानता है.,The child knows the answer.,ओड़ोः बच्चा उत्तर जानाओःआ।,oda़oh bachchaa uttara jaanaaohaa.
मित्र उत्तर जानता है.,Friend knows the answer.,मित्र मित्र उत्तर जानाओ ताइकेना।,mitrara mitrara uttara jaanaao taaikenaa.
शिक्षक उत्तर जानता है.,The teacher knows the answer.,ओड़ोः शिक्षक उत्तर जानाओःआ।,oda़oh shikshashaka uttara jaanaaohaa.
पड़ोसी को उत्तर पता है.,The neighbor knows the answer.,पड़ोसी के उत्तर पता मेना:।,pada़osii ke uttara pataa menaa:.
अतिथि उत्तर जानता है.,The guest knows the answer.,मेनदो अतिथि उत्तर जानाओ तनाए।,menado atithi uttara jaanaao tanaae.
किसान उत्तर जानता है.,The farmer knows the answer.,मेनदो किसान उत्तर जानाओआ।,menado kisaana uttara jaanaaoaa.
कार्यकर्ता उत्तर जानता है.,The worker knows the answer.,ओड़ोः कार्यकर्ता उत्तर जानाएः।,oda़oh kaaryakartaa uttara jaanaaeh.
डॉक्टर उत्तर जानता है.,The doctor knows the answer.,डॉक्टर उत्तर जानाओआ।,daॉktara uttara jaanaaoaa.
ड्राइवर को उत्तर पता है.,The driver knows the answer.,ओड़ो: ड्राइवर के उत्तर पता तना:,oda़o: draaiwara ke uttara pataa tanaa:
दुकानदार उत्तर जानता है.,The shopkeeper knows the answer.,ओड़ोः दुकानदार उत्तर जानाएः।,oda़oh dukaanadaara uttara jaanaaeh.
विद्यार्थी उत्तर जानता है.,The student knows the answer.,ओड़ोः विद्यार्थी उत्तर जानाओःआ।,oda़oh widyaarthii uttara jaanaaohaa.
माता-पिता को उत्तर पता है.,Parents know the answer.,माता-पिता के उत्तर ओम तना।,maataa-pitaa ke uttara oma tanaa.
बेटे को जवाब पता है.,The son knows the answer.,ओड़ो: बेटे के जवाब पता मेना:,oda़o: bete ke jawaaba pataa menaa:
बेटी को जवाब पता है.,The daughter knows the answer.,ओड़ो: बेटी के जवाब पता तना:,oda़o: betii ke jawaaba pataa tanaa:
पोता जवाब जानता है.,The grandson knows the answer.,ओड़ोः पोता जवाब जानाओःआ।,oda़oh potaa jawaaba jaanaaohaa.
मां के पास एक बैग है.,Mother has a bag.,मेनदो मां रे मिआद बैग मेना:।,menado maan re miaada baiga menaa:.
पिता के पास एक बैग है.,Father has a bag.,ओड़ो: पिता ता: रे मिआद बैग मेना:।,oda़o: pitaa taa: re miaada baiga menaa:.
भाई के पास एक बैग है.,Brother has a bag.,भाई ता: रे मिआद बैग मेना:।,bhaaii taa: re miaada baiga menaa:.
बहन के पास एक बैग है.,Sister has a bag.,मेनदो बहन रे मिआद बैग मेना:।,menado bahana re miaada baiga menaa:.
दादाजी एक बैग ले जा रहे हैं।,Grandfather is carrying a bag.,दादाजी मिआद बैग लेल जना।,daadaajii miaada baiga lela janaa.
दादी एक बैग ले जा रही हैं.,Grandma is carrying a bag.,दादी मिआद बैग लेलकेदाएः।,daadii miaada baiga lelakedaaeh.
चाचा के पास एक बैग है.,Uncle has a bag.,चाचा ता: रे मिआद बैग मेना:।,chaachaa taa: re miaada baiga menaa:.
चाची के पास एक बैग है.,Aunt has a bag.,चाची ता: रे मिआद बैग मेना:।,chaachii taa: re miaada baiga menaa:.
चचेरा भाई एक बैग ले जा रहा है.,Cousin brother is carrying a bag.,चचेरा भाई मिआद बैग लेलजाना।,chacheraa bhaaii miaada baiga lelajaanaa.
बच्चा एक बैग ले जा रहा है.,The child is carrying a bag.,ओड़ो: बच्चा मिआद बैग लेल तना:,oda़o: bachchaa miaada baiga lela tanaa:
बच्चा एक बैग ले जा रहा है.,The child is carrying a bag.,ओड़ो: बच्चा मिआद बैग लेल तना:,oda़o: bachchaa miaada baiga lela tanaa:
दोस्त के पास एक बैग है.,The friend has a bag.,तिसिङ दोस्त रे मिआद बैग मेना:।,tisinga dosta re miaada baiga menaa:.
शिक्षक के पास एक बैग है.,The teacher has a bag.,ओड़ो: शिक्षक ता: रे मिआद बैग मेना:।,oda़o: shikshashaka taa: re miaada baiga menaa:.
पड़ोसी एक बैग ले जा रहा है.,The neighbor is carrying a bag.,पड़ोसी मिआद बैग लेलकेदाएः।,pada़osii miaada baiga lelakedaaeh.
मेहमान के पास एक बैग है.,The guest has a bag.,मेहमान ता: रे मिआद बैग मेना:।,mehamaana taa: re miaada baiga menaa:.
किसान एक थैला लेकर जा रहा है.,The farmer is carrying a bag.,किसान मिआद थैला लेलकेआते हिजुःजाना।,kisaana miaada thailaa lelakeaate hijuhjaanaa.
कार्यकर्ता एक बैग ले जा रहा है.,The worker is carrying a bag.,ओड़ोः कार्यकर्ता मिआद बैग लेल तना।,oda़oh kaaryakartaa miaada baiga lela tanaa.
डॉक्टर के पास एक बैग है.,The doctor has a bag.,डॉक्टर ता: रे मिआद बैग मेना:।,daॉktara taa: re miaada baiga menaa:.
ड्राइवर के पास एक बैग है.,The driver has a bag.,एटा: ड्राइवर ता: रे मिआद बैग मेना:।,etaa: draaiwara taa: re miaada baiga menaa:.
दुकानदार के पास एक थैला है.,The shopkeeper has a bag.,दुकानदार रे मिआद थैला मेना:।,dukaanadaara re miaada thailaa menaa:.
छात्र के पास एक बैग है.,The student has a bag.,होड़ोको ता: रे मिआद बैग मेना:।,hoda़oko taa: re miaada baiga menaa:.
माता-पिता एक बैग ले जा रहे हैं.,The parents are carrying a bag.,माता-पिता मिआद बैग लेल जना।,maataa-pitaa miaada baiga lela janaa.
बेटा एक बैग ले जा रहा है.,The son is carrying a bag.,बेटा मिआद बैग लेल केदाएः।,betaa miaada baiga lela kedaaeh.
बेटी के हाथ में एक बैग है.,The daughter has a bag in her hand.,बेटी रआः हातु रे मिआद बैग मेना:।,betii raaah haatu re miaada baiga menaa:.
पोता एक बैग ले जा रहा है.,The grandson is carrying a bag.,ओड़ोः पोता मिआद बैग लेल तना।,oda़oh potaa miaada baiga lela tanaa.
क्या आप माँ से पूछ सकते हैं?,Can you ask your mother?,आमा: ते पूछ तना:?,aamaa: te puuchha tanaa:?
क्या आप पिता से पूछ सकते हैं?,Can you ask the father?,आम पिता ते बुगिन तइना?,aama pitaa te bugina tainaa?
क्या आप भाई से पूछ सकते हैं?,Can you ask your brother?,आम भाई ते पूछव तना?,aama bhaaii te puuchhawa tanaa?
क्या आप बहन से पूछ सकते हैं?,Can you ask your sister?,आम बहन ते पूछव तना?,aama bahana te puuchhawa tanaa?
क्या आप दादाजी से पूछ सकते हैं?,Can you ask Grandpa?,आम दादाजी ते पूछव तना?,aama daadaajii te puuchhawa tanaa?
क्या आप दादी से पूछ सकते हैं?,Can you ask grandma?,आम दादी ते पूछव तना?,aama daadii te puuchhawa tanaa?
क्या आप अंकल से पूछ सकते हैं?,Can you ask Uncle?,आम अंकल ते पूछव तना?,aama ankala te puuchhawa tanaa?
क्या आप आंटी से पूछ सकते हैं?,Can you ask Auntie?,आम आंटी ते पूछव तना?,aama aantii te puuchhawa tanaa?
क्या आप चचेरे भाई से पूछ सकते हैं?,Can you ask the cousin?,आम चचेरा भाई ते पूछव तना?,aama chacheraa bhaaii te puuchhawa tanaa?
क्या आप बच्चे से पूछ सकते हैं?,Can you ask the child?,आम बच्चे ते पूछव तनाए?,aama bachche te puuchhawa tanaae?
क्या आप बच्चे से पूछ सकते हैं?,Can you ask the child?,आम बच्चे ते पूछव तनाए?,aama bachche te puuchhawa tanaae?
क्या आप मित्र से पूछ सकते हैं?,Can you ask a friend?,आम मित्र ते पूछव तना?,aama mitrara te puuchhawa tanaa?
क्या आप शिक्षक से पूछ सकते हैं?,Can you ask the teacher?,आम शिक्षक ते पूछव तना?,aama shikshashaka te puuchhawa tanaa?
क्या आप पड़ोसी से पूछ सकते हैं?,Can you ask the neighbor?,आम पड़ोसी ते पूछव तना?,aama pada़osii te puuchhawa tanaa?
क्या आप अतिथि से पूछ सकते हैं?,Can you ask the guest?,आम अतिथि ते पूछव तना?,aama atithi te puuchhawa tanaa?
क्या आप किसान से पूछ सकते हैं?,Can you ask the farmer?,आम किसान ते पूछव तना?,aama kisaana te puuchhawa tanaa?
क्या आप कार्यकर्ता से पूछ सकते हैं?,Can you ask the worker?,आम कार्यकर्ता ते पूछव तना?,aama kaaryakartaa te puuchhawa tanaa?
क्या आप डॉक्टर से पूछ सकते हैं?,Can you ask a doctor?,आम डॉक्टर ते पूछव तना?,aama daॉktara te puuchhawa tanaa?
क्या आप ड्राइवर से पूछ सकते हैं?,Can you ask the driver?,आम ड्राइवर ते पूछव तना?,aama draaiwara te puuchhawa tanaa?
क्या आप दुकानदार से पूछ सकते हैं?,Can you ask the shopkeeper?,आम दुकानदार ते पूछव तना?,aama dukaanadaara te puuchhawa tanaa?
क्या आप छात्र से पूछ सकते हैं?,Can you ask the student?,आम छात्र ते पूछव तना?,aama chhaatrara te puuchhawa tanaa?
क्या आप माता-पिता से पूछ सकते हैं?,Can you ask the parents?,आम माता-पिता ते पूछव तना?,aama maataa-pitaa te puuchhawa tanaa?
क्या आप बेटे से पूछ सकते हैं?,Can you ask your son?,आम बेटे ते पूछव तना?,aama bete te puuchhawa tanaa?
क्या आप बेटी से पूछ सकते हैं?,Can you ask the daughter?,आम बेटी ते पूछव तना?,aama betii te puuchhawa tanaa?
क्या आप पोते से पूछ सकते हैं?,Can you ask the grandson?,आम पोते ते पूछव तना?,aama pote te puuchhawa tanaa?
मां जल्दी आ गईं.,Mother came early.,ओड़ोः मां जल्दी हिजुःजाना।,oda़oh maan jaldii hijuhjaanaa.
पिता जल्दी आ गए.,Father came early.,ओड़ोः पिता जल्दी हिजुःजाना।,oda़oh pitaa jaldii hijuhjaanaa.
भाई जल्दी आ गया.,Brother came early.,भाई जल्दी हिजुःजाना।,bhaaii jaldii hijuhjaanaa.
बहन जल्दी आ गई.,Sister came early.,एटा: बहन जल्दी हिजु: जना:,etaa: bahana jaldii hiju: janaa:
दादाजी जल्दी आ गये।,Grandfather came early.,दादाजी जल्दी हिजु जना।,daadaajii jaldii hiju janaa.
दादी जल्दी आ गईं.,Grandma came early.,ओड़ो: दादी जल्दी हिजु जना:,oda़o: daadii jaldii hiju janaa:
चाचा जल्दी आ गये.,Uncle came quickly.,चाचा जल्दी हिजुःजाना।,chaachaa jaldii hijuhjaanaa.
चाची जल्दी आ गईं.,Aunty came quickly.,चाची जल्दी हिजुःजाना।,chaachii jaldii hijuhjaanaa.
चचेरा भाई जल्दी आ गया.,Cousin brother came early.,चचेरा भाई जल्दी हिजुःजाना।,chacheraa bhaaii jaldii hijuhjaanaa.
बच्चा जल्दी आ गया.,The baby came early.,होड़ोको जल्दी हिजुःजाना।,hoda़oko jaldii hijuhjaanaa.
बच्चा जल्दी आ गया.,The baby came early.,होड़ोको जल्दी हिजुःजाना।,hoda़oko jaldii hijuhjaanaa.
दोस्त जल्दी आ गया.,The friend arrived quickly.,एटाः दोस्त जल्दी हिजुःजाना।,etaah dosta jaldii hijuhjaanaa.
शिक्षक जल्दी आ गए.,The teacher came early.,एटा: शिक्षक जल्दी हिजु: जना:,etaa: shikshashaka jaldii hiju: janaa:
पड़ोसी जल्दी आ गया.,The neighbor came quickly.,पड़ोसी जल्दी हिजुःजाना।,pada़osii jaldii hijuhjaanaa.
मेहमान जल्दी आ गए.,The guests arrived early.,मेहमान जल्दी हिजुःजाना।,mehamaana jaldii hijuhjaanaa.
किसान जल्दी आ गया.,The farmer came quickly.,मेनदो किसान जल्दी हिजुःजाना।,menado kisaana jaldii hijuhjaanaa.
कर्मचारी जल्दी आ गया.,The employee arrived quickly.,एटा: कर्मचारी जल्दी हिजु: जना:,etaa: karmachaarii jaldii hiju: janaa:
डॉक्टर जल्दी आ गये.,The doctor arrived quickly.,डॉक्टर जल्दी हिजुःजाना।,daॉktara jaldii hijuhjaanaa.
ड्राइवर जल्दी आ गया.,The driver arrived quickly.,ओड़ोः ड्राइवर जल्दी हिजुःजाना।,oda़oh draaiwara jaldii hijuhjaanaa.
दुकानदार जल्दी आ गया.,The shopkeeper came quickly.,ओड़ाः दुकानदार जल्दी हिजुःजाना।,oda़aah dukaanadaara jaldii hijuhjaanaa.
छात्र जल्दी आ गया.,The student arrived early.,ओड़ोः छात्र जल्दी हिजुःजाना।,oda़oh chhaatrara jaldii hijuhjaanaa.
माता-पिता जल्दी आ गए।,The parents came early.,माता-पिता जल्दी हिजुःजाना।,maataa-pitaa jaldii hijuhjaanaa.
बेटा जल्दी आ गया.,The son came early.,ओड़ोः बेटा जल्दी हिजुःजाना।,oda़oh betaa jaldii hijuhjaanaa.
बेटी जल्दी आ गई.,The daughter came early.,एटा: बेटी जल्दी हिजु: जना:,etaa: betii jaldii hiju: janaa:
पोता जल्दी आ गया.,The grandson came early.,ओड़ोः पोता जल्दी हिजुःजाना।,oda़oh potaa jaldii hijuhjaanaa.
मुझे और पढ़ने की जरूरत है.,I need to read more.,आञ ओड़ोः पढ़व राः जरूड़ी मेना:।,aanya oda़oh padha़wa raah jaruuda़ii menaa:.
मुझे और लिखने की जरूरत है.,I need to write more.,अइंग ओड़ोः ओड़ोः ओड़ोः ओड़ोः ओड़ोः ओड़ोः ओड़ोः ओड़ोः ओड़ोः ओड़ोः ओड़ोः ओड़ोः ओड़ोः ओड़ोः ओड़ोः ओड़ोः ओड़ोः मेनअः।,ainga oda़oh oda़oh oda़oh oda़oh oda़oh oda़oh oda़oh oda़oh oda़oh oda़oh oda़oh oda़oh oda़oh oda़oh oda़oh oda़oh oda़oh menaah.
मुझे और गिनती की जरूरत है.,I need to count more.,आञ ओड़ोः गिनती राः जरूड़ी मेना:।,aanya oda़oh ginatii raah jaruuda़ii menaa:.
मुझे और अधिक ड्राइंग की आवश्यकता है.,I need more drawing.,आञ ओड़ोः ओड़ोः बेसे ड्राइंग राः आवश्यकता मेना:।,aanya oda़oh oda़oh bese draainga raah aawashyakataa menaa:.
मुझे और गाने की जरूरत है.,I need to sing more.,आञ ओड़ोः गाना राः जरूड़ी मेना:।,aanya oda़oh gaanaa raah jaruuda़ii menaa:.
मुझे और बोलने की जरूरत है.,I need to speak more.,अइंग अइंग ओड़ोः ओड़ोः ओड़ोः ओड़ोः ओड़ोः ओड़ोः कजि रेअः जरूड़ी मेनअः।,ainga ainga oda़oh oda़oh oda़oh oda़oh oda़oh oda़oh kaji reah jaruuda़ii menaah.
मुझे और अधिक सुनने की जरूरत है.,I need to hear more.,अइंग अइंग ओड़ोः ओड़ोः ओड़ोः अइंग ओड़ोः अइंग ओड़ोः अइंग ओड़ोः अइंग ओड़ोः जारूड़ु मेनअः।,ainga ainga oda़oh oda़oh oda़oh ainga oda़oh ainga oda़oh ainga oda़oh ainga oda़oh jaaruuda़u menaah.
मुझे और वर्तनी की आवश्यकता है.,I need more spelling.,आञ ओड़ोः वर्तनी राः आवश्यकता मेना:।,aanya oda़oh wartanii raah aawashyakataa menaa:.
मुझे और अधिक संशोधन की आवश्यकता है.,I need more revision.,ओड़ोः अइंग ओड़ोः बेसे संशोधन राः आवश्यकता मेना:।,oda़oh ainga oda़oh bese sanshodhana raah aawashyakataa menaa:.
मुझे और होमवर्क चाहिए.,I need more homework.,आञ ओड़ोः होमवर्क लागातिङा।,aanya oda़oh homawarka laagaatingaa.
मुझे और प्रोजेक्ट चाहिए.,I need more projects.,आञ आञ ओड़ोः प्रोजेक्ट लागातिङा।,aanya aanya oda़oh projekta laagaatingaa.
मुझे और अधिक व्यायाम की आवश्यकता है.,I need more exercise.,आञ ओड़ोः बेसे व्यायाम राः आवश्यकता मेना:।,aanya oda़oh bese wyaayaama raah aawashyakataa menaa:.
मुझे और प्रश्न चाहिए.,I need more questions.,अइंग अइंग ओड़ो: प्रश्न चाही,ainga ainga oda़o: prashna chaahii
मुझे और उत्तर चाहिए.,I need more answers.,आञ आञ ओड़ोः उत्तर लागातिङा।,aanya aanya oda़oh uttara laagaatingaa.
मुझे और उदाहरण चाहिए.,I need more examples.,आञ आञ ओड़ोः उदाहरण लागातिङा।,aanya aanya oda़oh udaaharana laagaatingaa.
मुझे और कहानी चाहिए.,I need more story.,अइंग अइंग ओड़ो: कहानी चाही,ainga ainga oda़o: kahaanii chaahii
मुझे और कविता चाहिए.,I need more poetry.,आञ आञ ओड़ोः कविता लागातिङा।,aanya aanya oda़oh kawitaa laagaatingaa.
मुझे और सबक चाहिए.,I need more lessons.,आञ आञ ओड़ोः सोबेन मेनाःञ।,aanya aanya oda़oh sobena menaahnya.
मुझे और परीक्षण की जरूरत है.,I need more testing.,आञ ओड़ोः परीक्षण राः जरूड़ी मेना:।,aanya oda़oh pariikshashana raah jaruuda़ii menaa:.
मुझे और परीक्षा की जरूरत है.,I need more testing.,आञ ओड़ोः परीक्षा राः जरूड़ी मेना:।,aanya oda़oh pariikshashaa raah jaruuda़ii menaa:.
मुझे और मेमोरी चाहिए.,I need more memory.,अइंग अइंग ओड़ो: मेमोरी चाही,ainga ainga oda़o: memorii chaahii
मुझे और अधिक विचार की आवश्यकता है.,I need more ideas.,अइंग अइंग ओड़ो: पुरा विचार रा: आवश्यकता मेना:,ainga ainga oda़o: puraa wichaara raa: aawashyakataa menaa:
मुझे और अधिक कौशल की आवश्यकता है.,I need more skills.,आञ ओड़ोः बेसे कौशल राः आवश्यकता मेना:।,aanya oda़oh bese kaushala raah aawashyakataa menaa:.
मुझे और विषय चाहिए.,I need more topics.,आञ आञ ओड़ोः विषय लागातिङा।,aanya aanya oda़oh wishaya laagaatingaa.
हमने आज पढ़ने का अभ्यास किया।,We practiced reading today.,आले तिसिङ पढ़व राः अभ्यास रिका केदा।,aale tisinga padha़wa raah abhyaasa rikaa kedaa.
हमने आज लिखने का अभ्यास किया.,We practiced writing today.,आले तिसिङ लिखरा: अभ्यास रिकाकेदाए।,aale tisinga likharaa: abhyaasa rikaakedaae.
हमने आज गिनती का अभ्यास किया.,We practiced counting today.,आले तिसिङ गिनती राः अभ्यास रिका केदा।,aale tisinga ginatii raah abhyaasa rikaa kedaa.
हमने आज ड्राइंग का अभ्यास किया।,We practiced drawing today.,आले तिसिङ ड्राइंग राः अभ्यास रिका केदा।,aale tisinga draainga raah abhyaasa rikaa kedaa.
हमने आज गायन का अभ्यास किया।,We practiced singing today.,आले तिसिङ गायन राः अभ्यास रिका केदा।,aale tisinga gaayana raah abhyaasa rikaa kedaa.
हमने आज बोलने का अभ्यास किया.,We practiced speaking today.,आले तिसिङ बोलाओरा: अभ्यास रिकाकेदाए।,aale tisinga bolaaoraa: abhyaasa rikaakedaae.
हमने आज सुनने का अभ्यास किया।,We practiced listening today.,आले तिसिङ सुनव राः अभ्यास रिका केदा।,aale tisinga sunawa raah abhyaasa rikaa kedaa.
हमने आज वर्तनी का अभ्यास किया।,We practiced spelling today.,आले तिसिङ वर्तनी राः अभ्यास रिका केदा।,aale tisinga wartanii raah abhyaasa rikaa kedaa.
हमने आज अभ्यास किया.,We practiced today.,आले तिसिङ अभ्यास केदाएः।,aale tisinga abhyaasa kedaaeh.
हमने आज पुनरीक्षण का अभ्यास किया।,We practiced revision today.,आले तिसिङ पुनरीक्षण राः अभ्यास रिका केदा।,aale tisinga punariikshashana raah abhyaasa rikaa kedaa.
हमने आज होमवर्क का अभ्यास किया।,We practiced our homework today.,आले तिसिङ होमवर्क राः अभ्यास रिका केदा।,aale tisinga homawarka raah abhyaasa rikaa kedaa.
हमने आज प्रोजेक्ट का अभ्यास किया।,We practiced the project today.,आले तिसिङ प्रोजेक्ट राः अभ्यास रिका केदा।,aale tisinga projekta raah abhyaasa rikaa kedaa.
हमने आज व्यायाम का अभ्यास किया।,We practiced exercise today.,आले तिसिङ व्यायाम राः अभ्यास रिका केदा।,aale tisinga wyaayaama raah abhyaasa rikaa kedaa.
हमने आज प्रश्न का अभ्यास किया।,We practiced the question today.,आले तिसिङ प्रश्न राः अभ्यास रिका केदा।,aale tisinga prashna raah abhyaasa rikaa kedaa.
हमने आज उत्तर का अभ्यास किया।,We practiced the answer today.,आले तिसिङ उत्तर राः अभ्यास रिका केदा।,aale tisinga uttara raah abhyaasa rikaa kedaa.
हमने आज उदाहरण का अभ्यास किया।,We practiced the example today.,आले तिसिङ उदाहरण राः अभ्यास रिका केदा।,aale tisinga udaaharana raah abhyaasa rikaa kedaa.
हमने आज कहानी का अभ्यास किया.,We practiced the story today.,आले तिसिङ कहानी राः अभ्यास रिका केदा।,aale tisinga kahaanii raah abhyaasa rikaa kedaa.
हमने आज कविता का अभ्यास किया.,We practiced poetry today.,आले तिसिङ कविता राः अभ्यास रिका केदा।,aale tisinga kawitaa raah abhyaasa rikaa kedaa.
हमने आज पाठ का अभ्यास किया.,We practiced the lesson today.,आले तिसिङ पाठ राः अभ्यास रिकाकेदाएः।,aale tisinga paatha raah abhyaasa rikaakedaaeh.
हमने आज परीक्षण का अभ्यास किया।,We practiced testing today.,आले तिसिङ परीक्षण राः अभ्यास रिका केदा।,aale tisinga pariikshashana raah abhyaasa rikaa kedaa.
हमने आज परीक्षा का अभ्यास किया.,We practiced for the exam today.,आले तिसिङ परीक्षा राः अभ्यास केदाएः।,aale tisinga pariikshashaa raah abhyaasa kedaaeh.
हमने आज स्मृति का अभ्यास किया।,We practiced memory today.,आले तिसिङ स्मृति राः अभ्यास रिका केदा।,aale tisinga smriti raah abhyaasa rikaa kedaa.
हमने आज विचार का अभ्यास किया।,We practiced thinking today.,आले तिसिङ विचार राः अभ्यास रिका केदा।,aale tisinga wichaara raah abhyaasa rikaa kedaa.
हमने आज कौशल का अभ्यास किया।,We practiced skills today.,आले तिसिङ कौशल राः अभ्यास रिका केदा।,aale tisinga kaushala raah abhyaasa rikaa kedaa.
हमने आज विषय का अभ्यास किया।,We practiced the topic today.,आले तिसिङ विषय राः अभ्यास रिका केदा।,aale tisinga wishaya raah abhyaasa rikaa kedaa.
कृपया पढ़ना जारी रखें.,Please continue reading.,ओड़ो: कृपया पढ़व जारी रिकाएआ।,oda़o: kripayaa padha़wa jaarii rikaaeaa.
कृपया लिखना जारी रखें.,Please continue writing.,ओड़ो: कृपया लिखना जारी ताइकेना।,oda़o: kripayaa likhanaa jaarii taaikenaa.
कृपया गिनती जारी रखें.,Please keep counting.,ओड़ो: कृपया गिनती जारी रिकाएआ।,oda़o: kripayaa ginatii jaarii rikaaeaa.
कृपया चित्र बनाना जारी रखें.,Please continue drawing.,ओड़ो: कृपया चित्र बाइआ जारी रिकाएआ।,oda़o: kripayaa chitrara baaiaa jaarii rikaaeaa.
कृपया गाना जारी रखें.,Please continue singing.,ओड़ो: कृपया गाना जारी रिकाएआ।,oda़o: kripayaa gaanaa jaarii rikaaeaa.
कृपया बोलना जारी रखें.,Please continue speaking.,ओड़ो: कृपया बोलाव जारी रिकाएआ।,oda़o: kripayaa bolaawa jaarii rikaaeaa.
कृपया सुनना जारी रखें.,Please continue listening.,ओड़ो: कृपया सुनव जारी रिकाएआ।,oda़o: kripayaa sunawa jaarii rikaaeaa.
कृपया वर्तनी जारी रखें.,Please continue spelling.,ओड़ो: कृपया वर्तनी जारी तना:,oda़o: kripayaa wartanii jaarii tanaa:
कृपया अभ्यास जारी रखें.,Please continue practicing.,ओड़ो: कृपया अभ्यास जारी रिकाएआ।,oda़o: kripayaa abhyaasa jaarii rikaaeaa.
कृपया पुनरीक्षण जारी रखें.,Please continue reviewing.,ओड़ो: कृपया पुनरीक्षण जारी रिकाएआ।,oda़o: kripayaa punariikshashana jaarii rikaaeaa.
कृपया होमवर्क जारी रखें.,Please continue with your homework.,ओड़ोः कृपया होमवर्क जारी ताइकेना।,oda़oh kripayaa homawarka jaarii taaikenaa.
कृपया प्रोजेक्ट जारी रखें.,Please continue the project.,ओड़ो: कृपया प्रोजेक्ट जारी रिकाएआ।,oda़o: kripayaa projekta jaarii rikaaeaa.
कृपया व्यायाम जारी रखें.,Please continue exercising.,ओड़ो: कृपया व्यायाम जारी रिकाएआ।,oda़o: kripayaa wyaayaama jaarii rikaaeaa.
कृपया प्रश्न जारी रखें.,Please continue with the question.,ओड़ो: कृपया प्रश्न जारी रिकाएआ।,oda़o: kripayaa prashna jaarii rikaaeaa.
कृपया उत्तर जारी रखें.,Please continue answering.,ओड़ो: कृपया उत्तर जारी रिकाएआ।,oda़o: kripayaa uttara jaarii rikaaeaa.
कृपया उदाहरण जारी रखें.,Please continue the example.,ओड़ोः कृपया उदाहरण जारी ताइकेना।,oda़oh kripayaa udaaharana jaarii taaikenaa.
कृपया कहानी जारी रखें.,Please continue the story.,ओड़ो: कृपया कहानी जारी तना:,oda़o: kripayaa kahaanii jaarii tanaa:
कृपया कविता जारी रखें.,Please continue the poem.,ओड़ो: कृपया कविता जारी रिका केदाए।,oda़o: kripayaa kawitaa jaarii rikaa kedaae.
कृपया पाठ जारी रखें.,Please continue the lesson.,ओड़ो: कृपया पाठ जारी रिकाएआ।,oda़o: kripayaa paatha jaarii rikaaeaa.
कृपया परीक्षण जारी रखें.,Please continue testing.,ओड़ोः कृपया परीक्षण जारी ताइकेना।,oda़oh kripayaa pariikshashana jaarii taaikenaa.
कृपया परीक्षा जारी रखें.,Please continue with the exam.,ओड़ो: कृपया परीक्षा जारी रिकाएआ।,oda़o: kripayaa pariikshashaa jaarii rikaaeaa.
कृपया स्मृति जारी रखें.,Please continue the memory.,ओड़ो: कृपया स्मृति जारी रिकाकेदाए।,oda़o: kripayaa smriti jaarii rikaakedaae.
कृपया विचार जारी रखें.,Please continue thinking.,ओड़ो: कृपया विचार जारी रिकाएआ।,oda़o: kripayaa wichaara jaarii rikaaeaa.
कृपया कौशल जारी रखें.,Please continue the skills.,ओड़ो: कृपया कौशल जारी रिकाएआ।,oda़o: kripayaa kaushala jaarii rikaaeaa.
कृपया विषय जारी रखें.,Please continue the topic.,ओड़ो: कृपया विषय जारी रिकाएआ।,oda़o: kripayaa wishaya jaarii rikaaeaa.
उसे पढ़ने में मजा आता है.,He enjoys reading.,इनिःआ पढ़व रे मजा हिजुःताना।,inihaa padha़wa re majaa hijuhtaanaa.
उसे लिखने में मजा आता है.,He enjoys writing.,इनिःके लिख रे मजा हिजुःताना।,inihke likha re majaa hijuhtaanaa.
उसे गिनने में मजा आता है.,He enjoys counting.,इनि:आ गिन रे मजा हिजु: तना।,ini:aa gina re majaa hiju: tanaa.
उसे चित्रकारी करने में आनंद आता है।,He enjoys painting.,इनिःआ चित्रकारी रे आनंद हिजुःताना।,inihaa chitrarakaarii re aananda hijuhtaanaa.
उसे गाने में मजा आता है.,He enjoys singing.,इनिःके गाने रे मजा हिजुःताना।,inihke gaane re majaa hijuhtaanaa.
उसे बोलने में मजा आता है.,He enjoys speaking.,इनिः आएआः बोलाओ रे मजा हिजुःताना।,inih aaeaah bolaao re majaa hijuhtaanaa.
उसे सुनने में मजा आता है.,It is fun to listen to him.,इनिःआ सुनव रे मजा हिजुःताना।,inihaa sunawa re majaa hijuhtaanaa.
वह वर्तनी का आनंद लेती है।,She enjoys spelling.,इनिः वर्तनी राः आनंद लेदाएः।,inih wartanii raah aananda ledaaeh.
उसे अभ्यास में मजा आता है.,He enjoys practicing.,इनिःआ अभ्यास रे मजा हिजुःताना।,inihaa abhyaasa re majaa hijuhtaanaa.
उसे पुनरीक्षण में आनंद आता है।,He enjoys revision.,इनिःके पुनरीक्षण रे आनंद हिजुःताना।,inihke punariikshashana re aananda hijuhtaanaa.
वह होमवर्क का आनंद लेती है।,She enjoys homework.,इनिः होमवर्क राः आनंद लेलोःआ।,inih homawarka raah aananda lelohaa.
वह प्रोजेक्ट का आनंद लेती है।,She enjoys the project.,इनिः प्रोजेक्ट राः आनंद लेदाएः।,inih projekta raah aananda ledaaeh.
वह व्यायाम का आनंद लेती है।,She enjoys exercise.,इनिः व्यायाम राः आनंद लेलोःआ।,inih wyaayaama raah aananda lelohaa.
उसे सवाल करने में मजा आता है.,He enjoys asking questions.,इनिःआ सवाल रिका केदाएः इनिःके सवाल रिका केदाएः।,inihaa sawaala rikaa kedaaeh inihke sawaala rikaa kedaaeh.
उसे जवाब देने में मजा आता है.,He enjoys answering them.,इनिः आएआः जवाब देंगा रे मजा हिजुःताना।,inih aaeaah jawaaba dengaa re majaa hijuhtaanaa.
वह उदाहरण का आनंद लेती है।,She enjoys the example.,इनिः उदाहरण राः आनंद लेदाएः।,inih udaaharana raah aananda ledaaeh.
वह कहानी का आनंद लेती है।,She enjoys the story.,इनिः कहानी राः आनंद लेलोःआ।,inih kahaanii raah aananda lelohaa.
वह कविता का आनंद लेती है।,She enjoys poetry.,इनिः कविता राः आनंद लेदाएः।,inih kawitaa raah aananda ledaaeh.
वह पाठ का आनंद लेती है।,She enjoys the lesson.,इनिः पाठ राः आनंद लेदाएः।,inih paatha raah aananda ledaaeh.
वह परीक्षण का आनंद लेती है।,She enjoys the test.,इनिः परीक्षण राः आनंद लेलोःआ।,inih pariikshashana raah aananda lelohaa.
वह परीक्षा का आनंद लेती है।,She enjoys the exam.,इनिः परीक्षा राः आनंद लेलोःआ।,inih pariikshashaa raah aananda lelohaa.
वह स्मृति का आनंद लेती है।,She enjoys the memory.,इनिः स्मृति राः आनंद लेदाएः।,inih smriti raah aananda ledaaeh.
वह विचार का आनंद लेती है।,She enjoys the idea.,इनिः विचार राः आनंद लेदाएः।,inih wichaara raah aananda ledaaeh.
वह कौशल का आनंद लेती है।,She enjoys the skill.,इनिः कौशल राः आनंद लेलोःआ।,inih kaushala raah aananda lelohaa.
वह विषय का आनंद लेती है।,She enjoys the subject.,इनिः विषय राः आनंद लेदाएः।,inih wishaya raah aananda ledaaeh.
वह पढ़ना सीख रहा है.,He is learning to read.,मेनदो इनिः पढ़व रिका तनाए।,menado inih padha़wa rikaa tanaae.
वह लिखना सीख रहा है.,He is learning to write.,इनिः ओड़ोः इनिः लिखव केदाएः।,inih oda़oh inih likhawa kedaaeh.
वह गिनती सीख रहा है.,He is learning to count.,इनि: गिनती सीख तना:,ini: ginatii siikha tanaa:
वह ड्राइंग सीख रहा है.,He is learning drawing.,इनिः ड्राइंग सीख तनाए।,inih draainga siikha tanaae.
वह गाना सीख रहे हैं.,He is learning to sing.,इनि: गाना सीख तइकेना,ini: gaanaa siikha taikenaa
वह बोलना सीख रहा है.,He is learning to speak.,इनिः ओड़ोः इनिः काजिओः तनाए।,inih oda़oh inih kaajioh tanaae.
वह सुनना सीख रहा है.,He is learning to listen.,मेनदो इनिः सुनव केदा इनिः सुनव केदाएः।,menado inih sunawa kedaa inih sunawa kedaaeh.
वह वर्तनी सीख रहा है.,He is learning to spell.,नेआ वर्तनी सीख तनाए।,neaa wartanii siikha tanaae.
वह अभ्यास सीख रहा है.,He is learning the exercises.,मेनदो इनिः अभ्यास सीख तनाए।,menado inih abhyaasa siikha tanaae.
वह रिवीजन सीख रहा है.,He is learning revision.,मेनदो इनिः रिवीजन सीख तनाए।,menado inih riwiijana siikha tanaae.
वह होमवर्क सीख रहा है.,He is learning his homework.,इनिः होमवर्क सीख तनाए।,inih homawarka siikha tanaae.
वह प्रोजेक्ट सीख रहा है।,He is learning the project.,इनिः प्रोजेक्ट सीख तनाए।,inih projekta siikha tanaae.
वह व्यायाम सीख रहा है.,He is learning exercises.,मेनदो इनिः व्यायाम सीख तनाए।,menado inih wyaayaama siikha tanaae.
वह प्रश्न सीख रहा है.,He is learning the questions.,मेनदो इनिःआ प्रश्न सीख तनाए।,menado inihaa prashna siikha tanaae.
वह उत्तर सीख रहा है.,He is learning the answer.,मेनदो इनिः उत्तर सीख तनाए।,menado inih uttara siikha tanaae.
वह उदाहरण सीख रहा है.,He is learning by example.,मेनदो इनिः उदाहरण सीख तनाए।,menado inih udaaharana siikha tanaae.
वह कहानी सीख रहा है.,He is learning the story.,आएआ कहानी सीख तनाए।,aaeaa kahaanii siikha tanaae.
वह कविता सीख रहा है.,He is learning poetry.,मेनदो इनिः कविता सीख तनाए।,menado inih kawitaa siikha tanaae.
वह सबक सीख रहा है.,He is learning a lesson.,आए सोबेन सोबेन सोबेन सोबेन सोबेन कजि ताइकेना।,aae sobena sobena sobena sobena sobena kaji taaikenaa.
वह परीक्षण सीख रहा है.,He is learning the test.,मेनदो इनिः परीक्षण सीख तनाए।,menado inih pariikshashana siikha tanaae.
वह परीक्षा सीख रहा है.,He is studying for the exam.,इनिः परीक्षा सीख तनाए।,inih pariikshashaa siikha tanaae.
वह स्मृति सीख रहा है.,He is learning memory.,मेनदो इनिः स्मृति सीख तनाए।,menado inih smriti siikha tanaae.
वह विचार सीख रहा है.,He is learning the idea.,मेनदो इनिः विचार उड़ुः तनाए।,menado inih wichaara uda़uh tanaae.
वह हुनर ​​सीख रहा है.,He is learning the skill.,एना होड़ोको इनि: होरा सीख तनाए।,enaa hoda़oko ini: horaa siikha tanaae.
वह सीखने का विषय है.,That is a subject to learn.,इनि: सीखरा: विषय मेना:।,ini: siikharaa: wishaya menaa:.
उन्होंने दोपहर के भोजन से पहले पढ़ना समाप्त कर लिया।,He finished reading before lunch.,इनिः दोपहर राः भोजन ते सिदा पढ़व केदाएः।,inih dopahara raah bhojana te sidaa padha़wa kedaaeh.
उन्होंने दोपहर के भोजन से पहले लिखना समाप्त कर लिया।,He finished writing before lunch.,इनिः दोपहर राः भोजन ते सिदा लिखना समाप्त केदाएः।,inih dopahara raah bhojana te sidaa likhanaa samaapta kedaaeh.
उन्होंने लंच से पहले गिनती पूरी कर ली.,He finished counting before lunch.,इनकु लंच ते सिदा गिनती पूरी केदाएः।,inaku lancha te sidaa ginatii puurii kedaaeh.
उन्होंने दोपहर के भोजन से पहले ड्राइंग समाप्त कर ली।,He finished the drawing before lunch.,इनिः दोपहर राः भोजन ते सिदा ड्राइंग समाप्त केदाएः।,inih dopahara raah bhojana te sidaa draainga samaapta kedaaeh.
उन्होंने दोपहर के भोजन से पहले गाना समाप्त कर लिया।,He finished singing before lunch.,इनिः दोपहर राः भोजन ते सिदा गाना समाप्त केदाएः।,inih dopahara raah bhojana te sidaa gaanaa samaapta kedaaeh.
दोपहर के भोजन से पहले उन्होंने बोलना समाप्त कर दिया।,He finished speaking before lunch.,इनिः दोपहर राः भोजन ते सिदा इनिः बोरो केदाएः।,inih dopahara raah bhojana te sidaa inih boro kedaaeh.
उन्होंने दोपहर के भोजन से पहले सुनना समाप्त कर दिया।,He finished listening before lunch.,इनिः दोपहर राः भोजन ते सिदा उड़ुः केदाएः।,inih dopahara raah bhojana te sidaa uda़uh kedaaeh.
उन्होंने दोपहर के भोजन से पहले वर्तनी समाप्त कर ली।,He finished the spelling before lunch.,इनिः दोपहर राः भोजन ते सिदा वर्तनी समाप्त केदाएः।,inih dopahara raah bhojana te sidaa wartanii samaapta kedaaeh.
उन्होंने लंच से पहले अभ्यास समाप्त कर लिया।,They finished practice before lunch.,इनकु लंच ते सिदा अभ्यास समाप्त केदाएः।,inaku lancha te sidaa abhyaasa samaapta kedaaeh.
उन्होंने दोपहर के भोजन से पहले पुनरीक्षण समाप्त कर लिया।,He finished the revision before lunch.,इनिः दोपहर राः भोजन ते सिदा पुनरीक्षण समाप्त केदाएः।,inih dopahara raah bhojana te sidaa punariikshashana samaapta kedaaeh.
उन्होंने दोपहर के भोजन से पहले होमवर्क पूरा कर लिया।,He finished his homework before lunch.,इनिः दोपहर राः भोजन ते सिदा होमवर्क केदाएः।,inih dopahara raah bhojana te sidaa homawarka kedaaeh.
उन्होंने दोपहर के भोजन से पहले परियोजना समाप्त कर ली।,He finished the project before lunch.,इनिः दोपहर राः भोजन ते सिदा परियोजना समाप्त केदाएः।,inih dopahara raah bhojana te sidaa pariyojanaa samaapta kedaaeh.
उन्होंने दोपहर के भोजन से पहले व्यायाम समाप्त कर लिया।,He finished his exercise before lunch.,इनिः दोपहर राः भोजन ते सिदा व्यायाम समाप्त केदाएः।,inih dopahara raah bhojana te sidaa wyaayaama samaapta kedaaeh.
उन्होंने लंच से पहले ही सवाल ख़त्म कर दिया.,He finished the question before lunch.,इनिः लंच ते सिदागे सवाल ख़त्म केदाएः।,inih lancha te sidaage sawaala kha़tma kedaaeh.
उन्होंने लंच से पहले जवाब ख़त्म कर दिया.,He finished the answer before lunch.,इनिः लंच ते सिदा जवाब ख़त्म केदा।,inih lancha te sidaa jawaaba kha़tma kedaa.
उन्होंने दोपहर के भोजन से पहले उदाहरण समाप्त कर लिया।,He finished the example before lunch.,इनिः दोपहर राः भोजन ते सिदा उदाहरण समाप्त केदाएः।,inih dopahara raah bhojana te sidaa udaaharana samaapta kedaaeh.
उन्होंने दोपहर के भोजन से पहले कहानी समाप्त कर दी।,He finished the story before lunch.,इनिः दोपहर राः भोजन ते सिदा कहानी समाप्त केदाएः।,inih dopahara raah bhojana te sidaa kahaanii samaapta kedaaeh.
लंच से पहले उन्होंने कविता ख़त्म कर ली.,He finished the poem before lunch.,एटा: लंच ते सिदा इनि: कविता ख़त्म केदा।,etaa: lancha te sidaa ini: kawitaa kha़tma kedaa.
उन्होंने दोपहर के भोजन से पहले पाठ समाप्त कर लिया।,He finished the lesson before lunch.,इनिः दोपहर राः भोजन ते सिदा पाठ समाप्त केदाएः।,inih dopahara raah bhojana te sidaa paatha samaapta kedaaeh.
उन्होंने लंच से पहले टेस्ट ख़त्म कर लिया.,He finished the test before lunch.,इनिः लंच ते सिदा टेस्ट ख़त्म केदाएः।,inih lancha te sidaa testa kha़tma kedaaeh.
उन्होंने दोपहर के भोजन से पहले परीक्षा समाप्त कर ली।,He finished the exam before lunch.,इनिः दोपहर राः भोजन ते सिदा परीक्षा समाप्त केदाएः।,inih dopahara raah bhojana te sidaa pariikshashaa samaapta kedaaeh.
उन्होंने दोपहर के भोजन से पहले स्मृति समाप्त कर ली।,He finished the memory before lunch.,इनिः दोपहर राः भोजन ते सिदा स्मृति समाप्त केदाएः।,inih dopahara raah bhojana te sidaa smriti samaapta kedaaeh.
उन्होंने दोपहर के भोजन से पहले विचार समाप्त कर लिया।,He finished the thought before lunch.,इनिः दोपहर राः भोजन ते सिदा विचार समाप्त केदाएः।,inih dopahara raah bhojana te sidaa wichaara samaapta kedaaeh.
उन्होंने दोपहर के भोजन से पहले कौशल समाप्त कर लिया।,He finished the skill before lunch.,इनिः दोपहर राः भोजन ते सिदा कौशल समाप्त केदाएः।,inih dopahara raah bhojana te sidaa kaushala samaapta kedaaeh.
उन्होंने दोपहर के भोजन से पहले विषय समाप्त कर लिया।,He finished the topic before lunch.,इनिः दोपहर राः भोजन ते सिदा विषय समाप्त केदाएः।,inih dopahara raah bhojana te sidaa wishaya samaapta kedaaeh.
हमें पढ़ने की दोबारा समीक्षा करनी चाहिए।,We should revisit the reading.,आले पढ़व राः दोबारा समीक्षा रिकाएआ।,aale padha़wa raah dobaaraa samiikshashaa rikaaeaa.
हमें लेखन की दोबारा समीक्षा करनी चाहिए.,We should review the writing again.,आले लेखन राः दोबारा समीक्षा रिकाएआ।,aale lekhana raah dobaaraa samiikshashaa rikaaeaa.
हमें दोबारा गिनती की समीक्षा करनी चाहिए.',We should review the recount.,आले दोबारा गिनती रा: समीक्षा रिकाएआ।,aale dobaaraa ginatii raa: samiikshashaa rikaaeaa.
हमें ड्राइंग की दोबारा समीक्षा करनी चाहिए.,We should review the drawing again.,आले ड्राइंग रआः दोबारा समीक्षा केदाएः।,aale draainga raaah dobaaraa samiikshashaa kedaaeh.
हमें गायकी की दोबारा समीक्षा करनी चाहिए.',We should re-evaluate the singing.,आले गायकी रआः दोबारा समीक्षा केदाएः।,aale gaayakii raaah dobaaraa samiikshashaa kedaaeh.
हमें दोबारा बोलने की समीक्षा करनी चाहिए.,We should review the speech again.,आले दोबारा बोली रा: समीक्षा रिकाएआ।,aale dobaaraa bolii raa: samiikshashaa rikaaeaa.
हमें दोबारा सुनने की समीक्षा करनी चाहिए.,We should review listening again.,आले दोबारा सुनव राः समीक्षा रिकाएआ।,aale dobaaraa sunawa raah samiikshashaa rikaaeaa.
हमें वर्तनी की दोबारा समीक्षा करनी चाहिए.,We should review the spelling again.,आले वर्तनी रा: दोबारा समीक्षा रिका लागातिङा।,aale wartanii raa: dobaaraa samiikshashaa rikaa laagaatingaa.
हमें अभ्यास की दोबारा समीक्षा करनी चाहिए.,We should re-evaluate the practice.,आले अभ्यास राः दोबारा समीक्षा रिकाएआ।,aale abhyaasa raah dobaaraa samiikshashaa rikaaeaa.
हमें पुनरीक्षण की दोबारा समीक्षा करनी चाहिए.,We should revisit the revision.,आले पुनरीक्षण राः दोबारा समीक्षा रिकाएआ।,aale punariikshashana raah dobaaraa samiikshashaa rikaaeaa.
हमें होमवर्क की दोबारा समीक्षा करनी चाहिए।,We should review the homework again.,आले होमवर्क राः दोबारा समीक्षा रिकाएआ।,aale homawarka raah dobaaraa samiikshashaa rikaaeaa.
हमें प्रोजेक्ट की दोबारा समीक्षा करनी चाहिए.,We should review the project again.,आले प्रोजेक्ट रआः दोबारा समीक्षा केदाएः।,aale projekta raaah dobaaraa samiikshashaa kedaaeh.
हमें व्यायाम की दोबारा समीक्षा करनी चाहिए.,We should revisit the exercise.,आले व्यायाम रआः दोबारा समीक्षा केदाएः।,aale wyaayaama raaah dobaaraa samiikshashaa kedaaeh.
हमें प्रश्न की दोबारा समीक्षा करनी चाहिए.,We should review the question again.,आले प्रश्न राः दोबारा समीक्षा रिकाएआ।,aale prashna raah dobaaraa samiikshashaa rikaaeaa.
हमें उत्तर की दोबारा समीक्षा करनी चाहिए.,We should review the answer again.,आले उत्तर रआः दोबारा समीक्षा केदाएः।,aale uttara raaah dobaaraa samiikshashaa kedaaeh.
हमें उदाहरण की दोबारा समीक्षा करनी चाहिए.,We should review the example again.,आले उदाहरण राः दोबारा समीक्षा रिकाएआ।,aale udaaharana raah dobaaraa samiikshashaa rikaaeaa.
हमें कहानी की दोबारा समीक्षा करनी चाहिए.,We should review the story again.,आले कहानी राः दोबारा समीक्षा रिकाएआ।,aale kahaanii raah dobaaraa samiikshashaa rikaaeaa.
हमें कविता की दोबारा समीक्षा करनी चाहिए.,We should re-examine the poem.,आले कविता रआः दोबारा समीक्षा केदाएः।,aale kawitaa raaah dobaaraa samiikshashaa kedaaeh.
हमें पाठ की दोबारा समीक्षा करनी चाहिए.,We should review the text again.,आले पाठरा: दोबारा समीक्षा रिकाएआ।,aale paatharaa: dobaaraa samiikshashaa rikaaeaa.
हमें दोबारा परीक्षण की समीक्षा करनी चाहिए.,We should review the test again.,आले दोबारा परीक्षणरा: समीक्षा रिकाएआ।,aale dobaaraa pariikshashanaraa: samiikshashaa rikaaeaa.
हमें परीक्षा की दोबारा समीक्षा करनी चाहिए.,We should review the exam again.,आले परीक्षा रआः दोबारा समीक्षा लागातिङा।,aale pariikshashaa raaah dobaaraa samiikshashaa laagaatingaa.
हमें स्मृति की दोबारा समीक्षा करनी चाहिए.,We should revisit the memory.,आले स्मृतिरा: दोबारा समीक्षा रिकाएआ।,aale smritiraa: dobaaraa samiikshashaa rikaaeaa.
हमें विचार की दोबारा समीक्षा करनी चाहिए.,We should revisit the idea.,आले विचार राः दोबारा समीक्षा रिकाएआ।,aale wichaara raah dobaaraa samiikshashaa rikaaeaa.
हमें कौशल की दोबारा समीक्षा करनी चाहिए.',We should re-evaluate the skills.,आले कौशल रआः दोबारा समीक्षा केदाएः।,aale kaushala raaah dobaaraa samiikshashaa kedaaeh.
हमें विषय की दोबारा समीक्षा करनी चाहिए.,We should revisit the topic.,आले विषयरा: दोबारा समीक्षा रिकाएआ।,aale wishayaraa: dobaaraa samiikshashaa rikaaeaa.
शिक्षक ने स्पष्ट रूप से पढ़ने के बारे में समझाया।,The teacher explained the reading clearly.,नेआ शिक्षक स्पष्ट रूपते पढ़व बारे रे समझाया।,neaa shikshashaka spashta ruupate padha़wa baare re samajhaayaa.
अध्यापक ने स्पष्ट रूप से लिखकर समझाया।,The teacher explained it clearly in writing.,अध्यापक स्पष्ट रूपते ओलकेदाए।,adhyaapaka spashta ruupate olakedaae.
शिक्षक ने गिनती स्पष्ट रूप से समझायी।,The teacher explained counting clearly.,ओड़ो: शिक्षक गिनती स्पष्ट रूपते समझाय,oda़o: shikshashaka ginatii spashta ruupate samajhaaya
शिक्षक ने ड्राइंग को स्पष्ट रूप से समझाया।,The teacher explained the drawing clearly.,ने ड्राइंग के स्पष्ट रूपते समझाय,ne draainga ke spashta ruupate samajhaaya
अध्यापक ने गायन के बारे में स्पष्ट रूप से समझाया।,The teacher explained the singing clearly.,अध्यापक गायन बारे रे स्पष्ट रूपते समझाया।,adhyaapaka gaayana baare re spashta ruupate samajhaayaa.
अध्यापक ने स्पष्ट बोलकर समझाया।,The teacher explained clearly.,अध्यापक स्पष्ट बोलाव केदाएः।,adhyaapaka spashta bolaawa kedaaeh.
अध्यापक ने स्पष्ट रूप से सुनकर समझाया।,The teacher listened clearly and explained.,अध्यापक स्पष्ट रूपते उड़ुःकेदाएः।,adhyaapaka spashta ruupate uda़uhkedaaeh.
शिक्षक ने वर्तनी को स्पष्ट रूप से समझाया।,The teacher explained the spelling clearly.,ओड़ोः शिक्षक दो वर्तनी के स्पष्ट रूपते समझाया।,oda़oh shikshashaka do wartanii ke spashta ruupate samajhaayaa.
शिक्षक ने अभ्यास को स्पष्ट रूप से समझाया।,The teacher explained the exercises clearly.,ओड़ोः शिक्षक दो अभ्यास के स्पष्ट रूपते समझाया।,oda़oh shikshashaka do abhyaasa ke spashta ruupate samajhaayaa.
शिक्षक ने रिवीजन को स्पष्ट रूप से समझाया।,The teacher explained the revision clearly.,एटा: शिक्षक रिवीजन के स्पष्ट रूपते समझाय,etaa: shikshashaka riwiijana ke spashta ruupate samajhaaya
शिक्षक ने होमवर्क स्पष्ट रूप से समझाया।,The teacher explained the homework clearly.,होमवर्क स्पष्ट रूपते समझाया।,homawarka spashta ruupate samajhaayaa.
शिक्षक ने प्रोजेक्ट को स्पष्ट रूप से समझाया।,The teacher explained the project clearly.,ने प्रोजेक्ट के स्पष्ट रूपते समझाय,ne projekta ke spashta ruupate samajhaaya
शिक्षक ने व्यायाम को स्पष्ट रूप से समझाया।,The teacher explained the exercise clearly.,ओड़ोः शिक्षक दो व्यायाम के स्पष्ट रूपते समझाया।,oda़oh shikshashaka do wyaayaama ke spashta ruupate samajhaayaa.
शिक्षक ने प्रश्न को स्पष्ट रूप से समझाया।,The teacher explained the question clearly.,ओड़ोः शिक्षक दो प्रश्न के स्पष्ट रूपते समझाया।,oda़oh shikshashaka do prashna ke spashta ruupate samajhaayaa.
शिक्षक ने उत्तर स्पष्ट रूप से समझाया।,The teacher explained the answer clearly.,ओड़ो: शिक्षक उत्तर स्पष्ट रूपते समझाया,oda़o: shikshashaka uttara spashta ruupate samajhaayaa
शिक्षक ने उदाहरण स्पष्ट रूप से समझाया।,The teacher explained the example clearly.,ओड़ोः शिक्षक उदाहरण स्पष्ट रूपते समझाया।,oda़oh shikshashaka udaaharana spashta ruupate samajhaayaa.
शिक्षक ने कहानी को स्पष्ट रूप से समझाया।,The teacher explained the story clearly.,ने कहानी के स्पष्ट रूपते समझाया,ne kahaanii ke spashta ruupate samajhaayaa
शिक्षक ने कविता को स्पष्ट रूप से समझाया।,The teacher explained the poem clearly.,ओड़ो: शिक्षक कविता के स्पष्ट रूपते समझाय,oda़o: shikshashaka kawitaa ke spashta ruupate samajhaaya
शिक्षक ने पाठ को स्पष्ट रूप से समझाया।,The teacher explained the lesson clearly.,ओड़ो: शिक्षक पाठ के स्पष्ट रूपते समझाय,oda़o: shikshashaka paatha ke spashta ruupate samajhaaya
शिक्षक ने परीक्षण को स्पष्ट रूप से समझाया।,The teacher explained the test clearly.,परीक्षण के स्पष्ट रूपते समझाया,pariikshashana ke spashta ruupate samajhaayaa
शिक्षक ने परीक्षा के बारे में स्पष्ट रूप से समझाया।,The teacher explained clearly about the exam.,परीक्षा बारे रे स्पष्ट रूपते समझाया।,pariikshashaa baare re spashta ruupate samajhaayaa.
शिक्षक ने स्मृति को स्पष्ट रूप से समझाया।,The teacher explained the memory clearly.,नेआ शिक्षक दो स्मृति के स्पष्ट रूपते समझाय,neaa shikshashaka do smriti ke spashta ruupate samajhaaya
शिक्षक ने विचार को स्पष्ट रूप से समझाया।,The teacher explained the idea clearly.,ओड़ोः शिक्षक विचार के स्पष्ट रूपते समझाया।,oda़oh shikshashaka wichaara ke spashta ruupate samajhaayaa.
शिक्षक ने कौशल को स्पष्ट रूप से समझाया।,The teacher explained the skills clearly.,ओड़ोः शिक्षक कौशल के स्पष्ट रूपते समझाया।,oda़oh shikshashaka kaushala ke spashta ruupate samajhaayaa.
शिक्षक ने विषय को स्पष्ट रूप से समझाया।,The teacher explained the topic clearly.,ओड़ोः शिक्षक दो विषय के स्पष्ट रूपते समझाया।,oda़oh shikshashaka do wishaya ke spashta ruupate samajhaayaa.
क्या आप पढ़ने में मेरी मदद कर सकते हैं?,Can you help me read it?,आञ पढ़व रे आञ पढ़व रे आञ मदद रिकाएआ?,aanya padha़wa re aanya padha़wa re aanya madada rikaaeaa?
क्या आप लिखने में मेरी मदद कर सकते हैं?,Can you help me write it?,अइंग लिखना रे आञ लिखना रे आञ मदद रिकाएआ?,ainga likhanaa re aanya likhanaa re aanya madada rikaaeaa?
क्या आप गिनती में मेरी मदद कर सकते हैं?,Can you help me count?,आञ गिनती रे आञ गिनती रे आञ मदद केदाञ?,aanya ginatii re aanya ginatii re aanya madada kedaanya?
क्या आप ड्राइंग में मेरी मदद कर सकते हैं?,Can you help me with the drawing?,आञ ड्राइंग रे आञ मदद केदाञ?,aanya draainga re aanya madada kedaanya?
क्या आप गाने में मेरी मदद कर सकते हैं?,Can you help me sing?,आञ गाना रे आञाः मदद केदाञ?,aanya gaanaa re aanyaah madada kedaanya?
क्या आप बोलने में मेरी मदद कर सकते हैं?,Can you help me speak?,आञ बोली रे आञ बोली रे आञ मदद रिकाएआ?,aanya bolii re aanya bolii re aanya madada rikaaeaa?
क्या आप सुनने में मेरी मदद कर सकते हैं?,Can you help me hear?,आम सुननेरे आञ आञाः मदद रिकाएआ?,aama sunanere aanya aanyaah madada rikaaeaa?
क्या आप वर्तनी में मेरी मदद कर सकते हैं?,Can you help me with the spelling?,आञ वर्तनी रे आञ मदद रिकाएआ?,aanya wartanii re aanya madada rikaaeaa?
क्या आप अभ्यास में मेरी मदद कर सकते हैं?,Can you help me with the exercises?,अइंग अभ्यास रे अइंगअः मदद रिकाएआ?,ainga abhyaasa re aingaah madada rikaaeaa?
क्या आप पुनरीक्षण में मेरी सहायता कर सकते हैं?,Can you help me with the revision?,आञ पुनरीक्षण रे आञा: सहायता रिकाएआ?,aanya punariikshashana re aanyaa: sahaayataa rikaaeaa?
क्या आप होमवर्क में मेरी मदद कर सकते हैं?,Can you help me with my homework?,आञ होमवर्क रे आञ होमवर्क रे आञाः मदद केदाञ?,aanya homawarka re aanya homawarka re aanyaah madada kedaanya?
क्या आप प्रोजेक्ट में मेरी मदद कर सकते हैं?,Can you help me with the project?,अइंग प्रोजेक्ट रे अइंग प्रोजेक्ट रे अइंग मदद केदा?,ainga projekta re ainga projekta re ainga madada kedaa?
क्या आप व्यायाम में मेरी मदद कर सकते हैं?,Can you help me with the exercise?,आञ व्यायाम रे आञा: मदद केदाञ?,aanya wyaayaama re aanyaa: madada kedaanya?
क्या आप प्रश्न में मेरी सहायता कर सकते हैं?,Can you help me with the question?,आम प्रश्न रे आञाः सहायता रिकाएआ?,aama prashna re aanyaah sahaayataa rikaaeaa?
क्या आप उत्तर देने में मेरी सहायता कर सकते हैं?,Can you help me answer?,आञ उत्तर ओड़ोः रे आञाः सहायता रिकाएआ?,aanya uttara oda़oh re aanyaah sahaayataa rikaaeaa?
क्या आप उदाहरण देकर मेरी मदद कर सकते हैं?,Can you help me by giving an example?,आञ उदाहरण ओमकेआते आञ उदाहरण ओमकेआते आञ उदाहरण ओमकेदाञ?,aanya udaaharana omakeaate aanya udaaharana omakeaate aanya udaaharana omakedaanya?
क्या आप कहानी में मेरी मदद कर सकते हैं?,Can you help me with the story?,अइंग कहानी रे अइंग कहानी रे अइंग मदद रिकाएआ?,ainga kahaanii re ainga kahaanii re ainga madada rikaaeaa?
क्या आप कविता में मेरी मदद कर सकते हैं?,Can you help me with the poem?,आम कविता रे आञ कविता रे आञ मदद रिकाएआ?,aama kawitaa re aanya kawitaa re aanya madada rikaaeaa?
क्या आप पाठ में मेरी मदद कर सकते हैं?,Can you help me with the text?,आञ पाठ रे आञाः मदद रिकाएआ?,aanya paatha re aanyaah madada rikaaeaa?
क्या आप परीक्षण में मेरी मदद कर सकते हैं?,Can you help me with the test?,आञ परीक्षण रे आञ मदद रिकाएआ?,aanya pariikshashana re aanya madada rikaaeaa?
क्या आप परीक्षा में मेरी मदद कर सकते हैं?,Can you help me with the exam?,आम परीक्षा रे आञ मदद केदाञ?,aama pariikshashaa re aanya madada kedaanya?
क्या आप याददाश्त में मेरी मदद कर सकते हैं?,Can you help me with my memory?,आञ याददाश्त रे आञ मदद रिकाएआ?,aanya yaadadaashta re aanya madada rikaaeaa?
क्या आप विचार में मेरी मदद कर सकते हैं?,Can you help me with the idea?,आम विचार रे आञ विचार रे आञ मदद केदाञ?,aama wichaara re aanya wichaara re aanya madada kedaanya?
क्या आप कौशल में मेरी मदद कर सकते हैं?,Can you help me with the skills?,आञ कौशल रे आञ कौशल रे आञ मदद रिका तनाञ?,aanya kaushala re aanya kaushala re aanya madada rikaa tanaanya?
क्या आप विषय में मेरी मदद कर सकते हैं?,Can you help me with the topic?,आञ विषय रे आञाः मदद केदाञ?,aanya wishaya re aanyaah madada kedaanya?
मैं आज रात पढ़ने का अभ्यास करूंगा।,I will practice reading tonight.,आञ तिसिङ रे पढ़व राः अभ्यास रिकाञा।,aanya tisinga re padha़wa raah abhyaasa rikaanyaa.
मैं आज रात लिखने का अभ्यास करूंगा।,I will practice writing tonight.,आञ तिसिङ तायोम रे लिखव राः अभ्यास रिकाञा।,aanya tisinga taayoma re likhawa raah abhyaasa rikaanyaa.
मैं आज रात गिनती का अभ्यास करूंगा.,I'll practice counting tonight.,आञ तिसिङ गिनती राः अभ्यास रिकाञा।,aanya tisinga ginatii raah abhyaasa rikaanyaa.
मैं आज रात ड्राइंग का अभ्यास करूंगा।,I will practice drawing tonight.,आञ तिसिङ रे ड्राइंग राः अभ्यास रिकाञा।,aanya tisinga re draainga raah abhyaasa rikaanyaa.
मैं आज रात गायन का अभ्यास करूंगा।,I will practice singing tonight.,आञ तिसिङ गायन राः अभ्यास रिकाञा।,aanya tisinga gaayana raah abhyaasa rikaanyaa.
मैं आज रात बोलने का अभ्यास करूंगा.,I will practice speaking tonight.,आञ तिसिङ तायोम रआः अभ्यास रिकाञा।,aanya tisinga taayoma raaah abhyaasa rikaanyaa.
मैं आज रात सुनने का अभ्यास करूंगा।,I'll practice listening tonight.,आञ तिसिङ तायोम रेआः अभ्यास रिकाञा।,aanya tisinga taayoma reaah abhyaasa rikaanyaa.
मैं आज रात वर्तनी का अभ्यास करूंगा।,I will practice spelling tonight.,आञ तिसिङ तिसिङ वर्तनी राः अभ्यास रिकाञा।,aanya tisinga tisinga wartanii raah abhyaasa rikaanyaa.
मैं आज रात अभ्यास अभ्यास करूंगा.,I'll do practice drills tonight.,आञ तिसिङ रे अभ्यास अभ्यास रिकाञाञ।,aanya tisinga re abhyaasa abhyaasa rikaanyaanya.
मैं आज रात पुनरीक्षण का अभ्यास करूंगा।,I will practice revision tonight.,आञ तिसिङ हुलंग पुनरीक्षण राः अभ्यास रिकाञा।,aanya tisinga hulanga punariikshashana raah abhyaasa rikaanyaa.
मैं आज रात होमवर्क का अभ्यास करूंगा।,I will practice the homework tonight.,आञ तिसिङ होमवर्क राः अभ्यास रिकाञा।,aanya tisinga homawarka raah abhyaasa rikaanyaa.
मैं आज रात प्रोजेक्ट का अभ्यास करूंगा।,I will practice the project tonight.,आञ तिसिङ रे प्रोजेक्ट राः अभ्यास रिकाञा।,aanya tisinga re projekta raah abhyaasa rikaanyaa.
मैं आज रात व्यायाम का अभ्यास करूंगा.,I will practice the exercise tonight.,आञ तिसिङ रे व्यायाम राः अभ्यास रिकाञा।,aanya tisinga re wyaayaama raah abhyaasa rikaanyaa.
मैं आज रात प्रश्न का अभ्यास करूंगा।,I will practice the question tonight.,आञ तिसिङ हुलाङ प्रश्न राः अभ्यास रिकाञा।,aanya tisinga hulaanga prashna raah abhyaasa rikaanyaa.
मैं आज रात उत्तर का अभ्यास करूंगा।,I will practice the answer tonight.,आञ तिसिङ हुलंग उत्तर राः अभ्यास रिकाञा।,aanya tisinga hulanga uttara raah abhyaasa rikaanyaa.
मैं आज रात उदाहरण का अभ्यास करूंगा।,I'll practice the example tonight.,आञ तिसिङ उदाहरण राः अभ्यास रिकाञा।,aanya tisinga udaaharana raah abhyaasa rikaanyaa.
मैं आज रात कहानी का अभ्यास करूंगा.,I will practice the story tonight.,आञ तिसिङ रे कहानी राः अभ्यास रिकाञा।,aanya tisinga re kahaanii raah abhyaasa rikaanyaa.
मैं आज रात कविता का अभ्यास करूंगा.,I will practice the poem tonight.,आञ तिसिङ हुलंग कविता राः अभ्यास रिकाञा।,aanya tisinga hulanga kawitaa raah abhyaasa rikaanyaa.
मैं आज रात पाठ का अभ्यास करूंगा.,I will practice the lesson tonight.,आञ तिसिङ तायोम पाठ राः अभ्यास रिकाञा।,aanya tisinga taayoma paatha raah abhyaasa rikaanyaa.
मैं आज रात परीक्षण का अभ्यास करूंगा.,I will practice the test tonight.,आञ तिसिङ तिसिङ परीक्षण राः अभ्यास रिकाञा।,aanya tisinga tisinga pariikshashana raah abhyaasa rikaanyaa.
मैं आज रात परीक्षा का अभ्यास करूंगा.,I will practice for the exam tonight.,आञ तिसिङ तिसिङ परीक्षा राः अभ्यास रिकाञाञ।,aanya tisinga tisinga pariikshashaa raah abhyaasa rikaanyaanya.
मैं आज रात स्मृति का अभ्यास करूंगा।,I'll practice memory tonight.,आञ तिसिङ रे स्मृति राः अभ्यास रिकाञा।,aanya tisinga re smriti raah abhyaasa rikaanyaa.
मैं आज रात आइडिया का अभ्यास करूंगा.,I'll practice the idea tonight.,आञ तिसिङ आइडिया राः अभ्यास रिकाञा।,aanya tisinga aaidiyaa raah abhyaasa rikaanyaa.
मैं आज रात कौशल का अभ्यास करूंगा।,I will practice the skill tonight.,आञ तिसिङ हुलंग कौशल राः अभ्यास रिकाञा।,aanya tisinga hulanga kaushala raah abhyaasa rikaanyaa.
मैं आज रात विषय का अभ्यास करूंगा।,I will practice the topic tonight.,आञ तिसिङ तिसिङ विषय राः अभ्यास रिकाञा।,aanya tisinga tisinga wishaya raah abhyaasa rikaanyaa.
हमने आज फुटबॉल का अभ्यास किया।,We practiced football today.,आले तिसिङ फुटबॉल राः अभ्यास केदाएः।,aale tisinga phutabaॉla raah abhyaasa kedaaeh.
हमने आज क्रिकेट का अभ्यास किया.,We practiced cricket today.,आले तिसिङ क्रिकेट राः अभ्यास केदाएः।,aale tisinga kriketa raah abhyaasa kedaaeh.
हमने आज हॉकी का अभ्यास किया।,We practiced hockey today.,आले तिसिङ हॉकी राः अभ्यास रिका केदा।,aale tisinga haॉkii raah abhyaasa rikaa kedaa.
हमने आज वॉलीबॉल का अभ्यास किया।,We practiced volleyball today.,आले तिसिङ वॉलीबॉल राः अभ्यास केदाएः।,aale tisinga waॉliibaॉla raah abhyaasa kedaaeh.
हमने आज बास्केटबॉल का अभ्यास किया।,We practiced basketball today.,आले तिसिङ बास्केटबॉल राः अभ्यास केदाएः।,aale tisinga baasketabaॉla raah abhyaasa kedaaeh.
हमने आज दौड़ने का अभ्यास किया।,We practiced running today.,आले तिसिङ दौड़िआः अभ्यास केदाएः।,aale tisinga dauda़iaah abhyaasa kedaaeh.
हमने आज कूदने का अभ्यास किया।,We practiced jumping today.,आले तिसिङ कूदरा: अभ्यास रिकाकेदाए।,aale tisinga kuudaraa: abhyaasa rikaakedaae.
हमने आज चलने का अभ्यास किया।,We practiced walking today.,आले तिसिङ रआः अभ्यास रिका केदा।,aale tisinga raaah abhyaasa rikaa kedaa.
हमने आज साइकिलिंग का अभ्यास किया।,We practiced cycling today.,आले तिसिङ साइकिलिंग राः अभ्यास रिका केदा।,aale tisinga saaikilinga raah abhyaasa rikaa kedaa.
हमने आज तैराकी का अभ्यास किया।,We had swimming practice today.,आले तिराकी राः अभ्यास केदाएः।,aale tiraakii raah abhyaasa kedaaeh.
हमने आज थ्रो का अभ्यास किया.,We practiced throws today.,आले तिसिङ थ्रो राः अभ्यास केदाएः।,aale tisinga thro raah abhyaasa kedaaeh.
हमने आज कैचिंग का अभ्यास किया.,We practiced catching today.,आले तिसिङ कैचिंग राः अभ्यास रिकाकेदाएः।,aale tisinga kaichinga raah abhyaasa rikaakedaaeh.
हमने आज बल्लेबाजी का अभ्यास किया.,We practiced batting today.,आले तिसिङ बल्लेबाजी राः अभ्यास केदाएः।,aale tisinga ballebaajii raah abhyaasa kedaaeh.
हमने आज गेंदबाजी का अभ्यास किया.,We practiced bowling today.,आले तिसिङ गेंदबाजी राः अभ्यास केदाएः।,aale tisinga gendabaajii raah abhyaasa kedaaeh.
हमने आज प्रशिक्षण का अभ्यास किया।,We had a training exercise today.,आले तिसिङ प्रशिक्षण राः अभ्यास रिका केदा।,aale tisinga prashikshashana raah abhyaasa rikaa kedaa.
हमने आज टीम वर्क का अभ्यास किया।,We practiced teamwork today.,आले तिसिङ टीम वर्क राः अभ्यास रिका केदा।,aale tisinga tiima warka raah abhyaasa rikaa kedaa.
हमने आज मैच का अभ्यास किया.,We practiced for the match today.,आले तिसिङ मैच राः अभ्यास रिकाकेदाएः।,aale tisinga maicha raah abhyaasa rikaakedaaeh.
हमने आज गेंद का अभ्यास किया.,We practiced with the ball today.,आले तिसिङ गेंद राः अभ्यास केदाएः।,aale tisinga genda raah abhyaasa kedaaeh.
हमने आज बल्लेबाजी का अभ्यास किया.,We practiced batting today.,आले तिसिङ बल्लेबाजी राः अभ्यास केदाएः।,aale tisinga ballebaajii raah abhyaasa kedaaeh.
हमने आज नेट अभ्यास किया.,We had net practice today.,आले तिसिङ नेट अभ्यास केदाएः।,aale tisinga neta abhyaasa kedaaeh.
हमने आज मैदानी अभ्यास किया.,We did field practice today.,आले तिसिङ मैदानी अभ्यास रिकाकेदा।,aale tisinga maidaanii abhyaasa rikaakedaa.
हमने आज दौड़ का अभ्यास किया।,We practiced running today.,आले तिसिङ दौड़ राः अभ्यास केदाएः।,aale tisinga dauda़ raah abhyaasa kedaaeh.
हमने आज खेल का अभ्यास किया.,We practiced the game today.,आले तिसिङ खेल राः अभ्यास रिकाकेदाएः।,aale tisinga khela raah abhyaasa rikaakedaaeh.
मैं फुटबॉल का आनंद लेता हूं.,I enjoy football.,आञ फुटबॉल राः आनंद लेलोःआञ।,aanya phutabaॉla raah aananda lelohaanya.
मैं क्रिकेट का आनंद लेता हूं.,I enjoy cricket.,आञ क्रिकेट राः आनंद लेलोःआञ।,aanya kriketa raah aananda lelohaanya.
मैं हॉकी का आनंद लेता हूं।,I enjoy hockey.,आञ हॉकी राः आनंद लेलोःआञ।,aanya haॉkii raah aananda lelohaanya.
मैं वॉलीबॉल का आनंद लेता हूं।,I enjoy volleyball.,आञ वॉलीबॉल राः आनंद लेलोःआञ।,aanya waॉliibaॉla raah aananda lelohaanya.
मैं बास्केटबॉल का आनंद लेता हूं।,I enjoy basketball.,आञ बास्केटबॉल राः आनंद लेलोःआञ।,aanya baasketabaॉla raah aananda lelohaanya.
मुझे दौड़ने में मजा आता है.,I enjoy running.,आञ आञ दौड़ि रे मजा हिजुःआञ।,aanya aanya dauda़i re majaa hijuhaanya.
मुझे कूदने में मजा आता है.,I enjoy jumping.,आञ आञ कूद रे मजा हिजुःआञ।,aanya aanya kuuda re majaa hijuhaanya.
मुझे चलने में मजा आता है.,I enjoy walking.,अइंग अइंग अइंग अइंग अइंग हिजु: रे मजा हिजु: तना।,ainga ainga ainga ainga ainga hiju: re majaa hiju: tanaa.
मुझे फेंकने में मजा आता है.,I enjoy throwing.,आञ आञ फेंकनेरे मजा हिजुःआञ।,aanya aanya phenkanere majaa hijuhaanya.
मुझे पकड़ने में मजा आता है.,I enjoy catching up.,अइंग अइंग अइंग के पकड़ रे मजा हिजु: तना।,ainga ainga ainga ke pakada़ re majaa hiju: tanaa.
मुझे बल्लेबाजी करने में मजा आता है.,I enjoy batting.,आञ बल्लेबाजी रे मजा हिजुःआञ।,aanya ballebaajii re majaa hijuhaanya.
मुझे गेंदबाजी करने में मजा आता है.,I enjoy bowling.,आञ गेंदबाजी रे मजा हिजुःआञ।,aanya gendabaajii re majaa hijuhaanya.
मैं प्रशिक्षण का आनंद लेता हूं।,I enjoy training.,आञ प्रशिक्षण राः आनंद लेलोःआञ।,aanya prashikshashana raah aananda lelohaanya.
मुझे अभ्यास में मजा आता है.,I enjoy practicing.,आञ आञा अभ्यास रे मजा हिजुःआञ।,aanya aanyaa abhyaasa re majaa hijuhaanya.
मैं टीम वर्क का आनंद लेता हूं।,I enjoy teamwork.,आञ टीम वर्क राः आनंद लेल तनाञ।,aanya tiima warka raah aananda lela tanaanya.
मैं मैच का आनंद लेता हूं.,I enjoy the match.,आञ मैच राः आनंद लेल तनाञ।,aanya maicha raah aananda lela tanaanya.
मैं गेंद का आनंद लेता हूं.,I enjoy the ball.,आञ गेंद राः आनंद लेलोःआञ।,aanya genda raah aananda lelohaanya.
मैं बल्लेबाजी का आनंद लेता हूं.,I enjoy batting.,आञ बल्लेबाजी राः आनंद लेलोःआञ।,aanya ballebaajii raah aananda lelohaanya.
मैं नेट का आनंद लेता हूं।,I enjoy the net.,आञ नेट राः आनंद लेलोःआञ।,aanya neta raah aananda lelohaanya.
मैं मैदान का आनंद लेता हूं.,I enjoy the field.,आञ आञ मैदान रेआ आनंद लेल तनाञ।,aanya aanya maidaana reaa aananda lela tanaanya.
मैं दौड़ का आनंद लेता हूं।,I enjoy the race.,आञ दौड़ राः आनंद लेलोःआञ।,aanya dauda़ raah aananda lelohaanya.
मैं खेल का आनंद लेता हूं.,I enjoy the game.,आञ खेल राः आनंद लेलोःआञ।,aanya khela raah aananda lelohaanya.
मैं व्यायाम का आनंद लेता हूं।,I enjoy exercise.,आञ व्यायाम राः आनंद लेलोःआञ।,aanya wyaayaama raah aananda lelohaanya.
बच्चे फुटबॉल सीख रहे हैं.,The children are learning football.,होड़ोको फुटबॉल सीख ताइकेना।,hoda़oko phutabaॉla siikha taaikenaa.
बच्चे क्रिकेट सीख रहे हैं.,Children are learning cricket.,होड़ोको क्रिकेट सीख ताइकेना।,hoda़oko kriketa siikha taaikenaa.
बच्चे हॉकी सीख रहे हैं.,Children are learning hockey.,होड़ोको हॉकी सीख ताइकेना।,hoda़oko haॉkii siikha taaikenaa.
बच्चे वॉलीबॉल सीख रहे हैं.,Children are learning volleyball.,होड़ोको वॉलीबॉल सीख ताइकेना।,hoda़oko waॉliibaॉla siikha taaikenaa.
बच्चे बास्केटबॉल सीख रहे हैं.,The kids are learning basketball.,बच्चे बास्केटबॉल सीख ताइकेना।,bachche baasketabaॉla siikha taaikenaa.
बच्चे दौड़ना सीख रहे हैं.,The children are learning to run.,ओड़ोः होड़ोको दौड़िओःआ।,oda़oh hoda़oko dauda़iohaa.
बच्चे कूदना सीख रहे हैं.,The children are learning to jump.,होड़ोको कूदना सीख ताइकेना।,hoda़oko kuudanaa siikha taaikenaa.
बच्चे चलना सीख रहे हैं.,The children are learning to walk.,ओड़ो: बच्चे चलना सीख तइकेना,oda़o: bachche chalanaa siikha taikenaa
बच्चे साइकिल चलाना सीख रहे हैं.,Children are learning to ride bicycles.,होड़ोको साइकिल चलाना सिख तनाए।,hoda़oko saaikila chalaanaa sikha tanaae.
बच्चे फेंकना सीख रहे हैं.,The kids are learning to throw.,ओड़ोः होड़ोको फेंकना उड़ुः ताइकेना।,oda़oh hoda़oko phenkanaa uda़uh taaikenaa.
बच्चे पकड़ना सीख रहे हैं.,Babies are learning to catch.,ओड़ो: बच्चे पकड़ना सीख तना:,oda़o: bachche pakada़naa siikha tanaa:
बच्चे बैटिंग सीख रहे हैं.,Children are learning batting.,ओड़ोः होड़ोको बैटिंग सीख ताइकेना।,oda़oh hoda़oko baitinga siikha taaikenaa.
बच्चे बॉलिंग सीख रहे हैं.,Children are learning bowling.,ओड़ोः होड़ोको बॉलिंग सीख ताइकेना।,oda़oh hoda़oko baॉlinga siikha taaikenaa.
बच्चे प्रशिक्षण सीख रहे हैं।,The children are learning training.,ओड़ोः होड़ोको प्रशिक्षण ताइकेना।,oda़oh hoda़oko prashikshashana taaikenaa.
बच्चे अभ्यास सीख रहे हैं.,Children are learning exercises.,होड़ोको अभ्यास सीख ताइकेना।,hoda़oko abhyaasa siikha taaikenaa.
बच्चे टीम वर्क सीख रहे हैं।,The children are learning teamwork.,होड़ोको टीम वर्क सीख ताइकेना।,hoda़oko tiima warka siikha taaikenaa.
बच्चे मैच सीख रहे हैं.,The kids are learning the match.,होड़ोको मैच सीख ताइकेना।,hoda़oko maicha siikha taaikenaa.
बच्चे गेंद सीख रहे हैं.,The children are learning to play ball.,होड़ोको गेंद सीख ताइकेना।,hoda़oko genda siikha taaikenaa.
बच्चे बल्ला सीख रहे हैं.,The kids are learning to bat.,ओड़ोः होड़ोको बल्ला बल्ला तनाए।,oda़oh hoda़oko ballaa ballaa tanaae.
बच्चे नेट सीख रहे हैं।,Children are learning the net.,ओड़ोः होड़ोको नेट सीख ताइकेना।,oda़oh hoda़oko neta siikha taaikenaa.
बच्चे क्षेत्र सीख रहे हैं.,The kids are learning the area.,ओड़ो: बच्चे क्षेत्र सीख तना:,oda़o: bachche kshashetrara siikha tanaa:
बच्चे दौड़ सीख रहे हैं.,Children are learning to race.,ओड़ोः होड़ोको दौड़ लेका ताइकेना।,oda़oh hoda़oko dauda़ lekaa taaikenaa.
बच्चे खेल-खेल में सीख रहे हैं.,Children are learning while playing.,होड़ोको खेल-खेल रे सीख ताइकेना।,hoda़oko khela-khela re siikha taaikenaa.
बच्चे व्यायाम सीख रहे हैं.,Children are learning exercises.,ओड़ोः होड़ोको व्यायाम सीख ताइकेना।,oda़oh hoda़oko wyaayaama siikha taaikenaa.
कृपया फ़ुटबॉल धीरे-धीरे शुरू करें।,Please start football slowly.,ओड़ो: कृपया फ़ुटबॉल धीरे-धीरे शुरू केदाए।,oda़o: kripayaa pha़utabaॉla dhiire-dhiire shuruu kedaae.
कृपया क्रिकेट धीरे-धीरे शुरू करें।',Please start cricket slowly.,ओड़ोः कृपया क्रिकेट धीरे-धीरे शुरू ताइकेना।,oda़oh kripayaa kriketa dhiire-dhiire shuruu taaikenaa.
कृपया धीरे-धीरे हॉकी शुरू करें।,Please start hockey slowly.,ओड़ोः नेआ धीरे-धीरे हॉकी शुरू केदाएः।,oda़oh neaa dhiire-dhiire haॉkii shuruu kedaaeh.
कृपया वॉलीबॉल धीरे-धीरे शुरू करें।,Please start volleyball slowly.,ओड़ोः कृपया वॉलीबॉल धीरे-धीरे शुरू केदाएः।,oda़oh kripayaa waॉliibaॉla dhiire-dhiire shuruu kedaaeh.
कृपया बास्केटबॉल धीरे-धीरे शुरू करें।,Please start basketball slowly.,ओड़ोः कृपया बास्केटबॉल धीरे-धीरे शुरू केदाएः।,oda़oh kripayaa baasketabaॉla dhiire-dhiire shuruu kedaaeh.
कृपया धीरे-धीरे दौड़ना शुरू करें।,Please start running slowly.,ओड़ोः नेआ धीरे-धीरे दौड़िओःआ।,oda़oh neaa dhiire-dhiire dauda़iohaa.
कृपया धीरे-धीरे कूदना शुरू करें।,Please start jumping slowly.,ओड़ोः नेआ धीरे-धीरे कूदना शुरू केदाएः।,oda़oh neaa dhiire-dhiire kuudanaa shuruu kedaaeh.
कृपया धीरे-धीरे चलना शुरू करें।,Please start walking slowly.,ओड़ोः नेआ धीरे-धीरे चलना शुरू जना।,oda़oh neaa dhiire-dhiire chalanaa shuruu janaa.
कृपया धीरे-धीरे साइकिल चलाना शुरू करें।,Please start cycling slowly.,ओड़ोः नेआ धीरे-धीरे साइकिल चलाना शुरू जना।,oda़oh neaa dhiire-dhiire saaikila chalaanaa shuruu janaa.
कृपया धीरे-धीरे तैरना शुरू करें।,Please start swimming slowly.,ओड़ोः चिलका तेरे तैरना शुरू केदाएः।,oda़oh chilakaa tere tairanaa shuruu kedaaeh.
कृपया धीरे-धीरे फेंकना शुरू करें।,Please start throwing slowly.,ओड़ोः नेआ धीरे-धीरे फेंकना शुरू केदाएः।,oda़oh neaa dhiire-dhiire phenkanaa shuruu kedaaeh.
कृपया धीरे-धीरे पकड़ना शुरू करें।,Please start catching slowly.,ओड़ोः नेआ धीरे-धीरे पकड़ना शुरू केदाएः।,oda़oh neaa dhiire-dhiire pakada़naa shuruu kedaaeh.
कृपया धीरे-धीरे बल्लेबाजी शुरू करें.,Please start batting slowly.,ओड़ोः नेआ धीरे-धीरे बल्लेबाजी शुरू केदाएः।,oda़oh neaa dhiire-dhiire ballebaajii shuruu kedaaeh.
कृपया धीरे-धीरे प्रशिक्षण शुरू करें।,Please start training slowly.,ओड़ोः नेआ धीरे-धीरे प्रशिक्षण शुरू केदाएः।,oda़oh neaa dhiire-dhiire prashikshashana shuruu kedaaeh.
कृपया धीरे-धीरे अभ्यास शुरू करें।,Please start practicing slowly.,ओड़ोः नेआ धीरे-धीरे अभ्यास शुरू केदाएः।,oda़oh neaa dhiire-dhiire abhyaasa shuruu kedaaeh.
कृपया धीरे-धीरे टीम वर्क शुरू करें।,Please start teamwork slowly.,ओड़ोः नेआ धीरे-धीरे टीम वर्क शुरू केदाएः।,oda़oh neaa dhiire-dhiire tiima warka shuruu kedaaeh.
कृपया मैच धीरे-धीरे शुरू करें.,Please start the match slowly.,नेया मैच धीरे-धीरे शुरू रिकाएआ।,neyaa maicha dhiire-dhiire shuruu rikaaeaa.
कृपया गेंद को धीरे-धीरे शुरू करें।,Please start the ball slowly.,ओड़ो: कृपया गेंद के धीरे-धीरे शुरू रिकाएआ।,oda़o: kripayaa genda ke dhiire-dhiire shuruu rikaaeaa.
कृपया धीरे-धीरे बल्लेबाजी शुरू करें।,Please start batting slowly.,ओड़ोः नेआ धीरे-धीरे बल्लेबाजी शुरू केदाएः।,oda़oh neaa dhiire-dhiire ballebaajii shuruu kedaaeh.
कृपया नेट धीरे धीरे शुरू करें.,Please start the net slowly.,ओड़ो: कृपया नेट धीरे धीरे शुरू केदाए।,oda़o: kripayaa neta dhiire dhiire shuruu kedaae.
कृपया फ़ील्ड को धीरे-धीरे प्रारंभ करें.,Please start the field slowly.,ओड़ोः कृपया फ़ील्ड के धीरे-धीरे प्रारंभ ताइकेना।,oda़oh kripayaa pha़iilda ke dhiire-dhiire praaranbha taaikenaa.
कृपया धीरे-धीरे दौड़ शुरू करें।,Please start the race slowly.,ओड़ोः नेआ धीरे-धीरे दौड़ बाइओःआ।,oda़oh neaa dhiire-dhiire dauda़ baaiohaa.
कृपया खेल धीरे-धीरे शुरू करें।,Please start the game slowly.,ओड़ोः कृपया खेल धीरे-धीरे होबाओःआ।,oda़oh kripayaa khela dhiire-dhiire hobaaohaa.
कृपया व्यायाम धीरे-धीरे शुरू करें।,Please start the exercise slowly.,ओड़ो: कृपया व्यायाम धीरे-धीरे शुरू रिकाएआ।,oda़o: kripayaa wyaayaama dhiire-dhiire shuruu rikaaeaa.
हमने सूर्यास्त से पहले फ़ुटबॉल समाप्त कर लिया।,We finished football before sunset.,आले सूर्यास्त ते सिदा फ़ुटबॉल समाप्त केदा।,aale suuryaasta te sidaa pha़utabaॉla samaapta kedaa.
हमने सूर्यास्त से पहले क्रिकेट ख़त्म कर लिया।,We finished the cricket before sunset.,आले सूर्यास्त ते सिदा क्रिकेट ख़त्म केदा।,aale suuryaasta te sidaa kriketa kha़tma kedaa.
हमने सूर्यास्त से पहले हॉकी ख़त्म कर ली।,We finished hockey before sunset.,आले सूर्यास्त ते सिदा हॉकी ख़त्म केदा।,aale suuryaasta te sidaa haॉkii kha़tma kedaa.
हमने सूर्यास्त से पहले वॉलीबॉल समाप्त कर लिया।,We finished volleyball before sunset.,आले सूर्यास्त ते सिदा वॉलीबॉल समाप्त केदा।,aale suuryaasta te sidaa waॉliibaॉla samaapta kedaa.
हमने सूर्यास्त से पहले बास्केटबॉल ख़त्म कर लिया।,We finished basketball before sunset.,आले सूर्यास्त ते सिदा बास्केटबॉल ओमकेदाएः।,aale suuryaasta te sidaa baasketabaॉla omakedaaeh.
हमने सूर्यास्त से पहले दौड़ पूरी कर ली।,We finished the race before sunset.,आले सूर्यास्त ते सिदा दौड़ पूरा केदा।,aale suuryaasta te sidaa dauda़ puuraa kedaa.
हमने सूर्यास्त से पहले कूदना समाप्त कर लिया।,We finished jumping before sunset.,आले सूर्यास्त ते सिदा कूदना समाप्त केदा।,aale suuryaasta te sidaa kuudanaa samaapta kedaa.
हमने सूर्यास्त से पहले चलना समाप्त कर लिया।,We finished the walk before sunset.,आले सूर्यास्त ते सिदा चलव केदा।,aale suuryaasta te sidaa chalawa kedaa.
हमने सूर्यास्त से पहले साइकिल चलाना समाप्त कर लिया।,We finished cycling before sunset.,आले सूर्यास्त ते सिदा साइकिल चलाना समाप्त केदा।,aale suuryaasta te sidaa saaikila chalaanaa samaapta kedaa.
हमने सूर्यास्त से पहले तैराकी समाप्त कर ली।,We finished swimming before sunset.,आले सूर्यास्त ते सिदा तैराकी समाप्त केदा।,aale suuryaasta te sidaa tairaakii samaapta kedaa.
हमने सूर्यास्त से पहले फेंकना समाप्त कर दिया।,We finished throwing before sunset.,आले सूर्यास्त ते सिदा फेंकना समाप्त केदा।,aale suuryaasta te sidaa phenkanaa samaapta kedaa.
हमने सूर्यास्त से पहले मछली पकड़ने का काम पूरा कर लिया।,We finished fishing before sunset.,आले सूर्यास्त ते सिदा मछली पकड़ाओरा: कामि पूरा केदा।,aale suuryaasta te sidaa machhalii pakada़aaoraa: kaami puuraa kedaa.
हमने सूर्यास्त से पहले बल्लेबाजी समाप्त कर ली।,We finished batting before sunset.,आले सूर्यास्त ते सिदा बल्लेबाजी समाप्त केदा।,aale suuryaasta te sidaa ballebaajii samaapta kedaa.
हमने सूर्यास्त से पहले गेंदबाजी समाप्त कर ली।,We finished bowling before sunset.,आले सूर्यास्त ते सिदा गेंदबाजी समाप्त केदा।,aale suuryaasta te sidaa gendabaajii samaapta kedaa.
हमने सूर्यास्त से पहले प्रशिक्षण समाप्त कर लिया।,We finished training before sunset.,आले सूर्यास्त ते सिदा प्रशिक्षण समाप्त केदा।,aale suuryaasta te sidaa prashikshashana samaapta kedaa.
हमने सूर्यास्त से पहले अभ्यास समाप्त कर लिया।,We finished practice before sunset.,आले सूर्यास्त ते सिदा अभ्यास समाप्त केदा।,aale suuryaasta te sidaa abhyaasa samaapta kedaa.
हमने सूर्यास्त से पहले टीम वर्क पूरा कर लिया।,We finished our teamwork before sunset.,आले सूर्यास्त ते सिदा टीम वर्क पूरा केदा।,aale suuryaasta te sidaa tiima warka puuraa kedaa.
हमने सूर्यास्त से पहले मैच ख़त्म कर दिया.,We finished the match before sunset.,आले सूर्यास्त ते सिदा मैच ओमकेदाएः।,aale suuryaasta te sidaa maicha omakedaaeh.
हमने सूर्यास्त से पहले गेंद ख़त्म कर दी।,We finished the ball before sunset.,आले सूर्यास्त ते सिदा गेंद ख़त्म केदा।,aale suuryaasta te sidaa genda kha़tma kedaa.
हमने सूर्यास्त से पहले बल्लेबाजी ख़त्म कर ली।,We finished batting before sunset.,आले सूर्यास्त ते सिदा बल्लेबाजी केदाएः।,aale suuryaasta te sidaa ballebaajii kedaaeh.
हमने सूर्यास्त से पहले नेट समाप्त कर लिया।,We finished the net before sunset.,आले सूर्यास्त ते सिदा नेट समाप्त केदा।,aale suuryaasta te sidaa neta samaapta kedaa.
हमने सूर्यास्त से पहले मैदान ख़त्म कर लिया।,We finished the field before sunset.,आले सूर्यास्त ते सिदा मैदान ख़त्म केदा।,aale suuryaasta te sidaa maidaana kha़tma kedaa.
हमने सूर्यास्त से पहले दौड़ पूरी कर ली।,We finished the race before sunset.,आले सूर्यास्त ते सिदा दौड़ पूरा केदा।,aale suuryaasta te sidaa dauda़ puuraa kedaa.
हमने सूर्यास्त से पहले खेल समाप्त कर लिया।,We finished the game before sunset.,आले सूर्यास्त ते सिदा खेल समाप्त केदा।,aale suuryaasta te sidaa khela samaapta kedaa.
हमने सूर्यास्त से पहले व्यायाम समाप्त कर लिया।,We finished the exercise before sunset.,आले सूर्यास्त ते सिदा व्यायाम समाप्त केदा।,aale suuryaasta te sidaa wyaayaama samaapta kedaa.
कोच ने फुटबॉल को स्पष्ट रूप से समझाया।,The coach explained football clearly.,कोच कोच फुटबॉल के स्पष्ट रूपते समझाय,kocha kocha phutabaॉla ke spashta ruupate samajhaaya
कोच ने क्रिकेट को स्पष्ट रूप से समझाया।,The coach explained cricket clearly.,कोच कोच क्रिकेट के स्पष्ट रूपते समझाय,kocha kocha kriketa ke spashta ruupate samajhaaya
कोच ने हॉकी को स्पष्ट रूप से समझाया।,The coach explained hockey clearly.,कोच कोच हॉकी के स्पष्ट रूपते समझाय,kocha kocha haॉkii ke spashta ruupate samajhaaya
कोच ने वॉलीबॉल को स्पष्ट रूप से समझाया।,The coach explained volleyball clearly.,कोच कोच वॉलीबॉल के स्पष्ट रूपते समझाया,kocha kocha waॉliibaॉla ke spashta ruupate samajhaayaa
कोच ने बास्केटबॉल को स्पष्ट रूप से समझाया।,The coach explained basketball clearly.,कोच कोच बास्केटबॉल के स्पष्ट रूपते समझाय,kocha kocha baasketabaॉla ke spashta ruupate samajhaaya
कोच ने दौड़ने के बारे में स्पष्ट रूप से समझाया।,The coach explained clearly about running.,कोच कोच दौड़िआ बारे रे स्पष्ट रूपते समझाया।,kocha kocha dauda़iaa baare re spashta ruupate samajhaayaa.
कोच ने कूदने के बारे में स्पष्ट रूप से समझाया।,The coach explained the jumps clearly.,कोच कोच कूद बारे रे स्पष्ट रूपते समझाया।,kocha kocha kuuda baare re spashta ruupate samajhaayaa.
कोच ने स्पष्ट रूप से चलने के बारे में समझाया।,The coach explained the walking clearly.,कोच स्पष्ट रूपते चलव रआः बारे रे समझाया।,kocha spashta ruupate chalawa raaah baare re samajhaayaa.
कोच ने साइकिल चलाने के बारे में स्पष्ट रूप से समझाया।,The coach explained clearly about cycling.,कोच साइकिल चलाव बारे रे स्पष्ट रूपते समझाया।,kocha saaikila chalaawa baare re spashta ruupate samajhaayaa.
कोच ने तैराकी के बारे में स्पष्ट रूप से समझाया।,The coach explained swimming clearly.,कोच कोच तैराकी बारे रे स्पष्ट रूपते समझाया।,kocha kocha tairaakii baare re spashta ruupate samajhaayaa.
कोच ने थ्रो करने के बारे में स्पष्ट रूप से समझाया।,The coach explained clearly about throwing.,कोच कोच थ्रो रिका बारे रे स्पष्ट रूपते समझाया।,kocha kocha thro rikaa baare re spashta ruupate samajhaayaa.
कोच ने कैचिंग के बारे में स्पष्ट रूप से समझाया।,The coach explained clearly about catching.,कोच कोच के कैचिंग बारे रे स्पष्ट रूपते समझाया।,kocha kocha ke kaichinga baare re spashta ruupate samajhaayaa.
कोच ने बैटिंग के बारे में अच्छे से समझाया.,The coach explained batting very well.,कोच कोच बैटिंग बारे रे बेसे समझाया।,kocha kocha baitinga baare re bese samajhaayaa.
कोच ने बॉलिंग के बारे में अच्छे से समझाया.,The coach explained bowling very well.,कोच कोच बॉलिंग बारे रे बेसे समझाव केदा।,kocha kocha baॉlinga baare re bese samajhaawa kedaa.
प्रशिक्षक ने प्रशिक्षण के बारे में स्पष्ट रूप से बताया।,The instructor explained the training clearly.,प्रशिक्षक प्रशिक्षण बारे रे स्पष्ट रूपते उदुब केदा।,prashikshashaka prashikshashana baare re spashta ruupate uduba kedaa.
कोच ने अभ्यास को स्पष्ट रूप से समझाया।,The coach explained the exercises clearly.,कोच के अभ्यास के स्पष्ट रूपते समझाया,kocha ke abhyaasa ke spashta ruupate samajhaayaa
कोच ने टीम वर्क को स्पष्ट रूप से समझाया।,The coach explained teamwork clearly.,कोच टीम वर्क के स्पष्ट रूपते समझाय,kocha tiima warka ke spashta ruupate samajhaaya
कोच ने मैच के बारे में स्पष्ट रूप से बताया।,The coach explained the match clearly.,कोच कोच के मैच बारे रे स्पष्ट रूपते उदुब केदा।,kocha kocha ke maicha baare re spashta ruupate uduba kedaa.
कोच ने गेंद को स्पष्ट रूप से समझाया।,The coach explained the ball clearly.,कोच कोच गेंद के स्पष्ट रूपते समझाय,kocha kocha genda ke spashta ruupate samajhaaya
कोच ने बल्ले को स्पष्ट रूप से समझाया।,The coach explained the bat clearly.,कोच बल्ले के स्पष्ट रूपते समझाया।,kocha balle ke spashta ruupate samajhaayaa.
कोच ने नेट के बारे में स्पष्ट रूप से समझाया।,The coach explained clearly about the net.,कोच कोच नेट बारे रे स्पष्ट रूपते समझाया।,kocha kocha neta baare re spashta ruupate samajhaayaa.
कोच ने मैदान के बारे में स्पष्ट रूप से समझाया।,The coach explained the ground clearly.,कोच कोच मैदान बारे रे स्पष्ट रूपते समझाया।,kocha kocha maidaana baare re spashta ruupate samajhaayaa.
कोच ने दौड़ को स्पष्ट रूप से समझाया।,The coach explained the race clearly.,कोच कोच दौड़ के स्पष्ट रूपते समझाया।,kocha kocha dauda़ ke spashta ruupate samajhaayaa.
कोच ने खेल को स्पष्ट रूप से समझाया।,The coach explained the game clearly.,कोच कोच कोच के स्पष्ट रूपते समझाया।,kocha kocha kocha ke spashta ruupate samajhaayaa.
प्रशिक्षक ने व्यायाम के बारे में स्पष्ट रूप से समझाया।,The instructor explained the exercises clearly.,प्रशिक्षक व्यायाम रा: बारे रे स्पष्ट रूपते समझाया,prashikshashaka wyaayaama raa: baare re spashta ruupate samajhaayaa
उन्होंने कल फुटबॉल देखा।,He watched football yesterday.,इनिः कल फुटबॉल केदाएः।,inih kala phutabaॉla kedaaeh.
उन्होंने कल क्रिकेट देखा।,He watched cricket yesterday.,इनिः कल क्रिकेट केदाएः।,inih kala kriketa kedaaeh.
उन्होंने कल हॉकी देखी।,He watched hockey yesterday.,इनिः कल हॉकी केदाएः।,inih kala haॉkii kedaaeh.
उन्होंने कल वॉलीबॉल देखा।,He watched volleyball yesterday.,इनकु कल वॉलीबॉल केदाएः।,inaku kala waॉliibaॉla kedaaeh.
उन्होंने कल बास्केटबॉल देखा।,He watched basketball yesterday.,इनिः कल बास्केटबॉल केदाएः।,inih kala baasketabaॉla kedaaeh.
उन्होंने कल दौड़ते हुए देखा।,He saw me running yesterday.,इनिः कल दौड़िओःआते इनिः कल दौड़िओःआ।,inih kala dauda़iohaate inih kala dauda़iohaa.
उन्होंने कल कूदते हुए देखा।,He saw me jumping yesterday.,इनिः कल कूद केदाएः ताइकेना।,inih kala kuuda kedaaeh taaikenaa.
उन्होंने कल चलते हुए देखा।,He saw it while walking yesterday.,इनिः कल चलव केदाएः ताइकेना।,inih kala chalawa kedaaeh taaikenaa.
उन्होंने कल साइकिल चलाते देखा।,He saw me cycling yesterday.,इनकु कल साइकिल चलव केदाएः।,inaku kala saaikila chalawa kedaaeh.
उन्होंने कल तैराकी देखी।,He saw swimming yesterday.,इनिः कल तैराकी केदाएः।,inih kala tairaakii kedaaeh.
उन्होंने कल फेंकते हुए देखा।,He saw me throwing it yesterday.,इनिः कल फेंकव केदाएः ताइकेना।,inih kala phenkawa kedaaeh taaikenaa.
उन्होंने कल मछली पकड़ना देखा।,They saw fishing yesterday.,इनिः कल मछली पकड़ केदाएः।,inih kala machhalii pakada़ kedaaeh.
उन्होंने कल बल्लेबाजी देखी.,He saw batting yesterday.,इनिः कल बल्लेबाजी केदाएः।,inih kala ballebaajii kedaaeh.
उन्होंने कल गेंदबाजी देखी।,He watched the bowling yesterday.,इनिः कल गेंदबाजी केदाएः।,inih kala gendabaajii kedaaeh.
उन्होंने कल प्रशिक्षण देखा।,He watched the training yesterday.,इनकु कल प्रशिक्षण केदाएः।,inaku kala prashikshashana kedaaeh.
उन्होंने कल अभ्यास देखा।,He watched practice yesterday.,इनिः कल अभ्यास केदाएः।,inih kala abhyaasa kedaaeh.
उन्होंने कल टीम वर्क देखा।,He saw teamwork yesterday.,इनकु कल टीम वर्क केदाएः।,inaku kala tiima warka kedaaeh.
उन्होंने कल मैच देखा।,He watched the match yesterday.,इनिः कल मैच केदाएः।,inih kala maicha kedaaeh.
उन्होंने कल गेंद देखी।,He saw the ball yesterday.,इनिः कल गेंद केदाएः।,inih kala genda kedaaeh.
उन्होंने कल बल्लेबाजी देखी।,He saw batting yesterday.,इनिः कल बल्लेबाजी केदाएः।,inih kala ballebaajii kedaaeh.
उन्होंने कल नेट देखा।,He saw the net yesterday.,इनिः कल नेट केदाएः।,inih kala neta kedaaeh.
उन्होंने कल मैदान देखा।,He saw the field yesterday.,इनिः कल मैदान केदाएः।,inih kala maidaana kedaaeh.
उन्होंने कल दौड़ देखी।,He watched the race yesterday.,इनिः कल दौड़ केदाएः।,inih kala dauda़ kedaaeh.
उन्होंने कल खेल देखा।,He watched the game yesterday.,इनिः आएआः कल खेल केदाएः।,inih aaeaah kala khela kedaaeh.
उन्होंने कल अभ्यास देखा।,He watched practice yesterday.,इनिः कल अभ्यास केदाएः।,inih kala abhyaasa kedaaeh.
हमें फुटबॉल में और अधिक अभ्यास की जरूरत है।',We need more practice in football.,आले फुटबॉल रे ओड़ोः बेसे अभ्यास राः जरूड़ी मेना:।,aale phutabaॉla re oda़oh bese abhyaasa raah jaruuda़ii menaa:.
हमें क्रिकेट में और अधिक अभ्यास की जरूरत है।',We need more practice in cricket.,आले क्रिकेट रे ओड़ोः बेसे अभ्यास राः जरूड़ी मेना:।,aale kriketa re oda़oh bese abhyaasa raah jaruuda़ii menaa:.
हमें हॉकी में और अधिक अभ्यास की जरूरत है।',We need more practice in hockey.,आले हॉकी रे ओड़ो: पुरा अभ्यास रा: जरूड़ी मेना:।,aale haॉkii re oda़o: puraa abhyaasa raa: jaruuda़ii menaa:.
हमें वॉलीबॉल में अधिक अभ्यास की आवश्यकता है।,We need more practice in volleyball.,आले वॉलीबॉल रे बेसे अभ्यासरा: आवश्यकता मेना:।,aale waॉliibaॉla re bese abhyaasaraa: aawashyakataa menaa:.
हमें बास्केटबॉल में और अधिक अभ्यास की आवश्यकता है।,We need more practice in basketball.,आले बास्केटबॉल रे ओड़ोः बेसे अभ्यास राः आवश्यकता मेना:।,aale baasketabaॉla re oda़oh bese abhyaasa raah aawashyakataa menaa:.
हमें दौड़ने में अधिक अभ्यास की आवश्यकता है।,We need more practice in running.,आले दौड़ि रे बेसे अभ्यासरा: आवश्यकता मेना:।,aale dauda़i re bese abhyaasaraa: aawashyakataa menaa:.
हमें कूदने में अधिक अभ्यास की आवश्यकता है।,We need more practice in jumping.,आले कूद रे बेसे अभ्यासरा: आवश्यकता मेना:।,aale kuuda re bese abhyaasaraa: aawashyakataa menaa:.
हमें चलने में अधिक अभ्यास की आवश्यकता है।,We need more practice in walking.,आले चलव रे बेसे अभ्यासरा: आवश्यकता मेना:।,aale chalawa re bese abhyaasaraa: aawashyakataa menaa:.
हमें साइकिल चलाने में अधिक अभ्यास की आवश्यकता है।,We need more practice in cycling.,आले साइकिल चलाओरे बेसे अभ्यास रेआ: आवश्यकता मेना:।,aale saaikila chalaaore bese abhyaasa reaa: aawashyakataa menaa:.
हमें तैराकी में अधिक अभ्यास की आवश्यकता है।,We need more practice in swimming.,आले तैराकी रे बेसे अभ्यास रा: आवश्यकता मेना:।,aale tairaakii re bese abhyaasa raa: aawashyakataa menaa:.
हमें फेंकने में अधिक अभ्यास की जरूरत है।',We need more practice in throwing.,आले फेंकन रे बेसे अभ्यास राः जरूड़ी मेना:।,aale phenkana re bese abhyaasa raah jaruuda़ii menaa:.
हमें कैचिंग में और अधिक अभ्यास की जरूरत है।',We need more practice in catching.,आले कैचिंग रे ओड़ो: पुरा अभ्यास रा: जरूड़ी मेना:।,aale kaichinga re oda़o: puraa abhyaasa raa: jaruuda़ii menaa:.
हमें बल्लेबाजी में अधिक अभ्यास की जरूरत है.,We need more practice in batting.,आले बल्लेबाजी रे बेसे अभ्यास राः जरूड़ी मेना:।,aale ballebaajii re bese abhyaasa raah jaruuda़ii menaa:.
हमें गेंदबाजी में अधिक अभ्यास की जरूरत है.,We need more practice in bowling.,आले गेंदबाजी रे बेसे अभ्यास राः जरूड़ी मेना:।,aale gendabaajii re bese abhyaasa raah jaruuda़ii menaa:.
हमें प्रशिक्षण में अधिक अभ्यास की आवश्यकता है।,We need more practice in training.,आले प्रशिक्षण रे बेसे अभ्यास राः आवश्यकता मेना:।,aale prashikshashana re bese abhyaasa raah aawashyakataa menaa:.
हमें अभ्यास में और अधिक अभ्यास की आवश्यकता है।,We need more practice in practice.,आले अभ्यास रे ओड़ो: पुरा अभ्यास रा: आवश्यकता मेना:।,aale abhyaasa re oda़o: puraa abhyaasa raa: aawashyakataa menaa:.
हमें टीम वर्क में अधिक अभ्यास की आवश्यकता है।,We need more practice in teamwork.,आले टीम वर्क रे बेसे अभ्यास राः आवश्यकता मेना:।,aale tiima warka re bese abhyaasa raah aawashyakataa menaa:.
हमें मैच में अधिक अभ्यास की जरूरत है.,We need more practice in the match.,आले मैच रे बेसे अभ्यास राः जरूड़ी मेना:।,aale maicha re bese abhyaasa raah jaruuda़ii menaa:.
हमें गेंद में अधिक अभ्यास की जरूरत है।',We need more practice with the ball.,आले गेंद रे बेसे अभ्यासरा: जरूड़ी मेना:।,aale genda re bese abhyaasaraa: jaruuda़ii menaa:.
हमें बल्लेबाजी में अधिक अभ्यास की जरूरत है.,We need more practice in batting.,आले बल्लेबाजी रे बेसे अभ्यास राः जरूड़ी मेना:।,aale ballebaajii re bese abhyaasa raah jaruuda़ii menaa:.
हमें नेट पर अधिक अभ्यास की जरूरत है।',We need more practice on the nets.,आले नेट रे बेसे अभ्यास राः जरूड़ी मेना:।,aale neta re bese abhyaasa raah jaruuda़ii menaa:.
हमें मैदान पर और अधिक अभ्यास की जरूरत है।',We need more practice on the field.,आले मैदान रे ओड़ो: पुरा अभ्यास रा: जरूड़ी मेना:,aale maidaana re oda़o: puraa abhyaasa raa: jaruuda़ii menaa:
हमें दौड़ में अधिक अभ्यास की आवश्यकता है।,We need more practice in the race.,आले दौड़ रे बेसे अभ्यासरा: आवश्यकता मेना:।,aale dauda़ re bese abhyaasaraa: aawashyakataa menaa:.
हमें खेल में और अधिक अभ्यास की जरूरत है।',We need more practice in the game.,ओड़ोः आले खेल रे ओड़ोः बेसे अभ्यास राः जरूड़ी मेना:।,oda़oh aale khela re oda़oh bese abhyaasa raah jaruuda़ii menaa:.
हमें व्यायाम में अधिक अभ्यास की आवश्यकता है।,We need more practice in exercise.,आले व्यायाम रे बेसे अभ्यास रेआ: आवश्यकता मेना:।,aale wyaayaama re bese abhyaasa reaa: aawashyakataa menaa:.
क्या आप मुझे फुटबॉल सिखा सकते हैं?,Can you teach me football?,आम आञ फुटबॉल सिखाव तनाञ?,aama aanya phutabaॉla sikhaawa tanaanya?
क्या आप मुझे क्रिकेट सिखा सकते हैं?,Can you teach me cricket?,आम आञ क्रिकेट सिखाव तनाञ?,aama aanya kriketa sikhaawa tanaanya?
क्या आप मुझे हॉकी सिखा सकते हैं?,Can you teach me hockey?,आञ आञ हॉकी सिखाव तनाञ?,aanya aanya haॉkii sikhaawa tanaanya?
क्या आप मुझे वॉलीबॉल सिखा सकते हैं?,Can you teach me volleyball?,आम आञ वॉलीबॉल सिखाव तनाञ?,aama aanya waॉliibaॉla sikhaawa tanaanya?
क्या आप मुझे बास्केटबॉल सिखा सकते हैं?,Can you teach me basketball?,आञ आञ बास्केटबॉल सिखाओआ?,aanya aanya baasketabaॉla sikhaaoaa?
क्या आप मुझे दौड़ना सिखा सकते हैं?,Can you teach me how to run?,अइंग अइंग अइंग के दौड़ना सिखाओआ?,ainga ainga ainga ke dauda़naa sikhaaoaa?
क्या आप मुझे कूदना सिखा सकते हैं?,Can you teach me to jump?,आञ आञ कूदना सिखाव तनाञ?,aanya aanya kuudanaa sikhaawa tanaanya?
क्या आप मुझे चलना सिखा सकते हैं?,Can you teach me how to walk?,अइंग अइंग अइंग अइंग सिदा सिदाइंग,ainga ainga ainga ainga sidaa sidaainga
क्या आप मुझे साइकिल चलाना सिखा सकते हैं?,Can you teach me how to ride a bicycle?,आम आञ साइकिल चलाना सिखाव तनाञ?,aama aanya saaikila chalaanaa sikhaawa tanaanya?
क्या आप मुझे तैराकी सिखा सकते हैं?,Can you teach me swimming?,आञ आञ तैराकी सिखाव तनाञ?,aanya aanya tairaakii sikhaawa tanaanya?
क्या आप मुझे फेंकना सिखा सकते हैं?,Can you teach me how to throw?,आम आञे फेंकना सिदाञ?,aama aanye phenkanaa sidaanya?
क्या आप मुझे मछली पकड़ना सिखा सकते हैं?,Can you teach me how to fish?,आञ आञके मछली पकड़ना सिदाञ?,aanya aanyake machhalii pakada़naa sidaanya?
क्या आप मुझे बैटिंग सिखा सकते हैं?,Can you teach me how to bat?,आञ आञ बैटिंग सिखाव तनाञ?,aanya aanya baitinga sikhaawa tanaanya?
क्या आप मुझे गेंदबाजी सिखा सकते हैं?,Can you teach me how to bowl?,आम आञ गेंदबाजी सिखाव तनाञ?,aama aanya gendabaajii sikhaawa tanaanya?
क्या आप मुझे प्रशिक्षण सिखा सकते हैं?,Can you teach me training?,आञ आञे प्रशिक्षण सिदाञ?,aanya aanye prashikshashana sidaanya?
क्या आप मुझे अभ्यास सिखा सकते हैं?,Can you teach me the exercises?,आञ आञे अभ्यास सिदाञ?,aanya aanye abhyaasa sidaanya?
क्या आप मुझे टीम वर्क सिखा सकते हैं?,Can you teach me teamwork?,आम आञ टीम वर्क सिखाव तनाञ?,aama aanya tiima warka sikhaawa tanaanya?
क्या आप मुझे मैच सिखा सकते हैं?,Can you teach me matches?,आञ आञके मैच सिदाञ?,aanya aanyake maicha sidaanya?
क्या आप मुझे गेंद सिखा सकते हैं?,Can you teach me how to ball?,आञ आञ गेंद सिखाव तनाञ?,aanya aanya genda sikhaawa tanaanya?
क्या आप मुझे बल्लेबाजी करना सिखा सकते हैं?,Can you teach me how to bat?,आञ आञ बल्लेबाजी रिकाकेदाञ?,aanya aanya ballebaajii rikaakedaanya?
क्या आप मुझे नेट सिखा सकते हैं?,Can you teach me net?,आञ आञ नेट सिखाव तनाञ?,aanya aanya neta sikhaawa tanaanya?
क्या आप मुझे फ़ील्ड सिखा सकते हैं?,Can you teach me the field?,आम आञ फील्ड सिखाव तनाञ?,aama aanya phiilda sikhaawa tanaanya?
क्या आप मुझे दौड़ सिखा सकते हैं?,Can you teach me to race?,आञ आञके दौड़ सिदाञ?,aanya aanyake dauda़ sidaanya?
क्या आप मुझे खेल सिखा सकते हैं?,Can you teach me the game?,अइंग अइंग अइंग अइंगअः ओड़ोःइंग अइंगअः ओड़ोःइंग अइंग अइंग अइंगअःइंग ओड़अःइंग।,ainga ainga ainga aingaah oda़ohinga aingaah oda़ohinga ainga ainga aingaahinga oda़ahinga.
क्या आप मुझे व्यायाम सिखा सकते हैं?,Can you teach me an exercise?,आम आञ व्यायाम सिखाव तनाञ?,aama aanya wyaayaama sikhaawa tanaanya?
वह फुटबॉल में अच्छी है.,She is good at football.,इनिः फुटबॉल रे बेसे बुगिन ताइकेना।,inih phutabaॉla re bese bugina taaikenaa.
वह क्रिकेट में अच्छी है.,She is good at cricket.,इनिः क्रिकेट रे बुगिन ताइकेना।,inih kriketa re bugina taaikenaa.
वह हॉकी में अच्छी है.,She is good at hockey.,इनिः हॉकी रे अच्छी मेना:।,inih haॉkii re achchhii menaa:.
वह वॉलीबॉल में अच्छी है.,She is good at volleyball.,इनि: वॉलीबॉल रे अच्छी मेना:।,ini: waॉliibaॉla re achchhii menaa:.
वह बास्केटबॉल में अच्छी है.,She is good at basketball.,इनिः बास्केटबॉल रे अच्छी मेना:।,inih baasketabaॉla re achchhii menaa:.
वह दौड़ने में अच्छी है.,She is good at running.,इनिः दौड़ि रे बेसे बुगिन ताइकेना।,inih dauda़i re bese bugina taaikenaa.
वह कूदने में अच्छी है.,She is good at jumping.,इनि: कूद रे बेसे बुगिन मेना:।,ini: kuuda re bese bugina menaa:.
वह साइकिल चलाने में अच्छी है.,She is good at cycling.,इनि: साइकिल चलाओ रे बेसे बुगिन मेना:।,ini: saaikila chalaao re bese bugina menaa:.
वह तैराकी में अच्छी है.,She is good at swimming.,इनिः तैराकी रे बुगिन ताइकेना।,inih tairaakii re bugina taaikenaa.
वह फेंकने में अच्छी है.,She is good at throwing.,इनि: फेंकने रे बेसे बुगिन मेना:।,ini: phenkane re bese bugina menaa:.
वह पकड़ने में अच्छी है.,She is good at catching.,आए पकड़ रे बेसे बुगिन मेना:।,aae pakada़ re bese bugina menaa:.
वह बल्लेबाजी में अच्छी हैं.,She is good at batting.,आए बल्लेबाजी रे बेसे बुगिन ताइकेना।,aae ballebaajii re bese bugina taaikenaa.
वह गेंदबाजी में अच्छी हैं.,She is good at bowling.,इनि: गेंदबाजी रे अच्छी मेना:।,ini: gendabaajii re achchhii menaa:.
वह प्रशिक्षण में अच्छी है.,She is good at training.,इनिः प्रशिक्षण रे बेसे बुगिन मेनाः।,inih prashikshashana re bese bugina menaah.
वह अभ्यास में अच्छी है.,She is good at practice.,इनिः अभ्यास रे बेसे बुगिन ताइकेना।,inih abhyaasa re bese bugina taaikenaa.
वह टीम वर्क में अच्छी है.,She is good at teamwork.,इनिः टीम वर्क रे बुगिन ताइकेना।,inih tiima warka re bugina taaikenaa.
वह मैच में अच्छी है.,She is good in the match.,इनि: मैच रे बेसे बुगिन मेनाः।,ini: maicha re bese bugina menaah.
वह गेंद में अच्छी है.,She is good with the ball.,इनि: गेंद रे बुगिन मेना:।,ini: genda re bugina menaa:.
वह बल्लेबाजी में अच्छी है.,She is good at batting.,इनिः बल्लेबाजी रे बेसे बुगिन मेनाः।,inih ballebaajii re bese bugina menaah.
वह नेट पर अच्छी है.,She is good at the net.,इनिः नेट रे बुगिन ताइकेना।,inih neta re bugina taaikenaa.
वह फील्ड में अच्छी है.,She is good in the field.,इनिः फील्ड रे बुगिन ताइकेना।,inih phiilda re bugina taaikenaa.
वह दौड़ में अच्छी है.,She is good at running.,इनिः दौड़ रे बेसे बुगिन ताइकेना।,inih dauda़ re bese bugina taaikenaa.
वह खेल में अच्छी है.,She is good at sports.,इनिः खेल रे बुगिन ताइकेना।,inih khela re bugina taaikenaa.
वह व्यायाम में अच्छी है.,She is good at exercise.,इनिः व्यायाम रे बेसे बुगिन मेनाः।,inih wyaayaama re bese bugina menaah.
स्कूल पास में ही है.,The school is nearby.,मेनदो स्कूल पास रेगे मेना:।,menado skuula paasa rege menaa:.
गांव पास में ही है.,The village is nearby.,ओड़ो: गांव रेगे गे मेना:।,oda़o: gaanwa rege ge menaa:.
सड़क नजदीक है.,The road is nearby.,सड़क नजदीक मेना:।,sada़ka najadiika menaa:.
पार्क पास में है.,The park is nearby.,मेनदो पार्क तायोम रे मेना:,menado paarka taayoma re menaa:
पुस्तकालय पास में है.,The library is nearby.,पुस्तकालय तायोम रे मेना:।,pustakaalaya taayoma re menaa:.
क्लिनिक पास में ही है.,The clinic is nearby.,मेनदो क्लिनिक पास रेगे मेना:।,menado klinika paasa rege menaa:.
मंदिर पास में ही है.,The temple is nearby.,मेनदो मंदिर रेगे गे मेना:।,menado mandira rege ge menaa:.
ऑफिस पास में ही है.,The office is nearby.,ओड़ो: ऑफिस पास रेगे मेना:।,oda़o: ऑphisa paasa rege menaa:.
मीटिंग नजदीक है.,The meeting is near.,मेनदो मीटिंग नजदीक मेना:।,menado miitinga najadiika menaa:.
त्योहार नजदीक है.,The festival is near.,मेनदो त्योहार नजदीक मेना:।,menado tyohaara najadiika menaa:.
सफाई पास में है.,Cleanliness is nearby.,मेनदो सफाई पास रे मेना:,menado saphaaii paasa re menaa:
वृक्षारोपण पास में ही है.,The plantation is nearby.,ओड़ो: वृक्षारोपण पास रेगे मेना:।,oda़o: wrikshashaaropana paasa rege menaa:.
पानी की टंकी पास में ही है.,The water tank is nearby.,पानीरा: टंकी पास रेगे मेना:।,paaniiraa: tankii paasa rege menaa:.
बस स्टॉप पास ही है.,The bus stop is nearby.,मेनदो बस स्टॉप तायोम रेगे मेना:।,menado basa staॉpa taayoma rege menaa:.
खेल का मैदान पास में है.,The playground is nearby.,ओड़ो: खेल रा: मैदान पास रे मेना:,oda़o: khela raa: maidaana paasa re menaa:
सामुदायिक भवन पास में ही है।,The community hall is nearby.,मेनदो सामुदायिक भवन पास रेगे मेना:।,menado saamudaayika bhawana paasa rege menaa:.
सड़क पास में है.,The road is nearby.,सड़क सड़क पास रे मेना:।,sada़ka sada़ka paasa re menaa:.
कुआँ पास में ही है.,The well is nearby.,ओड़ो: कुआँ तला रेगे मेना:।,oda़o: kuaan talaa rege menaa:.
मैदान पास में ही है.,The ground is nearby.,मेनदो मैदान पास रेगे मेना:।,menado maidaana paasa rege menaa:.
दुकान पास में ही है.,The shop is nearby.,मेनदो दुकान तायोम रेगे मेना:।,menado dukaana taayoma rege menaa:.
खेत पास में ही है.,The farm is nearby.,मेनदो ओड़ाः रेगे गे ताइकेना।,menado oda़aah rege ge taaikenaa.
घर पास में ही है.,The house is nearby.,ओड़ो: ओड़ा: रेगे गे मेना:।,oda़o: oda़aa: rege ge menaa:.
बगीचा पास में है.,The garden is nearby.,बगीचा पास रे मेना:।,bagiichaa paasa re menaa:.
हमने कल स्कूल की सफ़ाई की।,We cleaned the school yesterday.,आले कल स्कूल रेआ सफ़ाई केदा।,aale kala skuula reaa sapha़aaii kedaa.
हमने कल गाँव की सफ़ाई की।,We cleaned the village yesterday.,आले कल गाँव रेआ सफ़ाई केदा।,aale kala gaanwa reaa sapha़aaii kedaa.
हमने कल सड़क साफ़ की।,We cleaned the road yesterday.,आले कल सड़क साफ़ केदाञ।,aale kala sada़ka saapha़ kedaanya.
हमने कल पुल की सफाई की।,We cleaned the bridge yesterday.,आले कल पुलरा: सफाई केदा।,aale kala pularaa: saphaaii kedaa.
हमने कल बाज़ार साफ़ किया।,We cleaned the market yesterday.,आले कल बाज़ार साफ़ केदाएः।,aale kala baaja़aara saapha़ kedaaeh.
हमने कल पार्क की सफाई की।,We cleaned the park yesterday.,आले कल पार्क रेआ सफाई केदा।,aale kala paarka reaa saphaaii kedaa.
हमने कल पुस्तकालय की सफ़ाई की।,We cleaned the library yesterday.,आले कल पुस्तकालय रेआ सफ़ाई केदा।,aale kala pustakaalaya reaa sapha़aaii kedaa.
हमने कल क्लिनिक की सफ़ाई की।,We cleaned the clinic yesterday.,आले कल क्लिनिक राः सफ़ाई केदा।,aale kala klinika raah sapha़aaii kedaa.
हमने कल मंदिर की सफाई की।,We cleaned the temple yesterday.,आले कल मंदिर रेआ सफाई केदा।,aale kala mandira reaa saphaaii kedaa.
हमने कल कार्यालय की सफ़ाई की।,We cleaned the office yesterday.,आले कल कार्यालयरा: सफ़ाई केदा।,aale kala kaaryaalayaraa: sapha़aaii kedaa.
हमने कल बैठक की सफ़ाई की।,We cleaned the living room yesterday.,आले कल बैठक रेआ सफ़ाई केदा।,aale kala baithaka reaa sapha़aaii kedaa.
हमने कल उत्सव की सफ़ाई की।,We cleaned up the festival yesterday.,आले कल उत्सव राः सफ़ाई केदा।,aale kala utsawa raah sapha़aaii kedaa.
हमने कल सफाई की।,We cleaned yesterday.,आले कल सफाई केदा।,aale kala saphaaii kedaa.
हमने कल वृक्षारोपण की सफ़ाई की।,We cleaned up the plantation yesterday.,आले कल वृक्षारोपण राः सफ़ाई केदा।,aale kala wrikshashaaropana raah sapha़aaii kedaa.
हमने कल पानी की टंकी साफ की।,We cleaned the water tank yesterday.,आले कल पानीरा: टंकी साफ केदा।,aale kala paaniiraa: tankii saapha kedaa.
हमने कल बस स्टॉप की सफ़ाई की।,We cleaned the bus stop yesterday.,आले कल बस स्टॉप राः सफ़ाई केदा।,aale kala basa staॉpa raah sapha़aaii kedaa.
हमने कल खेल का मैदान साफ़ किया।,We cleaned the playground yesterday.,आले कल खेल राः मैदान साफ़ केदा।,aale kala khela raah maidaana saapha़ kedaa.
हमने कल सामुदायिक हॉल की सफाई की।,We cleaned the community hall yesterday.,आले कल सामुदायिक हॉल राः सफाई केदा।,aale kala saamudaayika haॉla raah saphaaii kedaa.
हमने कल सड़क साफ़ की।,We cleaned the road yesterday.,आले कल सड़क साफ़ केदाञ।,aale kala sada़ka saapha़ kedaanya.
हमने कल कुआँ साफ किया।,We cleaned the well yesterday.,आले कल कुआँ साफ केदाएः।,aale kala kuaan saapha kedaaeh.
हमने कल मैदान साफ़ किया।,We cleaned the grounds yesterday.,आले कल मैदान साफ़ केदाएः।,aale kala maidaana saapha़ kedaaeh.
हमने कल दुकान की सफ़ाई की।,We cleaned the shop yesterday.,आले कल दुकान रेआ सफ़ाई केदा।,aale kala dukaana reaa sapha़aaii kedaa.
हमने कल खेत की सफ़ाई की।,We cleaned the field yesterday.,आले कल खेत रा: सफ़ाई रा: सफ़ाई केदा।,aale kala kheta raa: sapha़aaii raa: sapha़aaii kedaa.
हमने कल घर की सफ़ाई की।,We cleaned the house yesterday.,आले कल तिसिङ रेआ सफ़ाई रिकाकेदाएः।,aale kala tisinga reaa sapha़aaii rikaakedaaeh.
हमने कल बगीचे की सफ़ाई की।,We cleaned the garden yesterday.,आले कल बगीचेरा: सफ़ाई केदा।,aale kala bagiicheraa: sapha़aaii kedaa.
स्कूल के पास लोग जमा हो गये.,People gathered near the school.,एटा: स्कूल रे होड़ोको जमा होबाजाना।,etaa: skuula re hoda़oko jamaa hobaajaanaa.
गांव के पास लोग जमा हो गये.,People gathered near the village.,ओड़ो: गांव रे होड़ोको जमा होबाजाना।,oda़o: gaanwa re hoda़oko jamaa hobaajaanaa.
सड़क के पास लोग जमा हो गये.,People gathered near the road.,होड़ोको सड़क रे होड़ोको जमा होबाजाना।,hoda़oko sada़ka re hoda़oko jamaa hobaajaanaa.
लोग पुल के पास जमा हो गये.,People gathered near the bridge.,होड़ोको पुल रआः तालारे जमा होबाओःआ।,hoda़oko pula raaah taalaare jamaa hobaaohaa.
बाजार के पास लोग जमा हो गये.,People gathered near the market.,ओड़ोः बाजार रे होड़ोको जमा होबाओःआ।,oda़oh baajaara re hoda़oko jamaa hobaaohaa.
लोग पार्क के पास जमा हो गये.,People gathered near the park.,सोबेन होड़ोको पार्क रे जमा होबा जना।,sobena hoda़oko paarka re jamaa hobaa janaa.
लोग लाइब्रेरी के पास जमा हो गए.,People gathered near the library.,लाइब्रेरी रेन होड़ोको लाइब्रेरी रे जमा होबाओःआ।,laaibrerii rena hoda़oko laaibrerii re jamaa hobaaohaa.
क्लिनिक के पास लोगों की भीड़ जमा हो गयी.,A crowd of people gathered near the clinic.,ओड़ोः क्लिनिक रे होड़ोकोअः होड़ोकोअः होड़ोकोअः होड़ो कोअः होड़ोकोअः होड़ोकोअः होड़ोकोअः होड़ोकोअः होड़ोकोअः होड़ोकोअः होड़ोकोअः होड़ोकोअः होड़ोको जमा होबाओः तइन केना।,oda़oh klinika re hoda़okoah hoda़okoah hoda़okoah hoda़o koah hoda़okoah hoda़okoah hoda़okoah hoda़okoah hoda़okoah hoda़okoah hoda़okoah hoda़okoah hoda़oko jamaa hobaaoh taina kenaa.
लोग मंदिर के पास जमा हो गये.,People gathered near the temple.,होड़ोको मंदिर रे जमा होबा जना।,hoda़oko mandira re jamaa hobaa janaa.
कार्यालय के पास लोग जमा हो गये.,People gathered near the office.,ओड़ोः कार्यालय रे होड़ोको जमा होबाओःआ।,oda़oh kaaryaalaya re hoda़oko jamaa hobaaohaa.
सभा के पास लोग एकत्र हो गये।,People gathered near the meeting.,सभा रेन होड़ोको मिआदत्र होबा जना।,sabhaa rena hoda़oko miaadatrara hobaa janaa.
उत्सव के निकट लोग एकत्रित हुए।,People gathered near the festival.,होड़ोको उत्सवरा: निकट होड़ोको एकत्रित ताइकेना।,hoda़oko utsawaraa: nikata hoda़oko ekatrarita taaikenaa.
सफाई के लिए लोग एकत्र हो गए।,People gathered for cleaning.,होड़ोको सफाई नातिन होड़ोको मिआदत्र होबा जना।,hoda़oko saphaaii naatina hoda़oko miaadatrara hobaa janaa.
पौधारोपण के पास लोग जमा हो गये.,People gathered near the plantation.,होड़ोको पौधारोपण रे होड़ोको जमा होबाजाना।,hoda़oko paudhaaropana re hoda़oko jamaa hobaajaanaa.
लोग पानी टंकी के पास जमा हो गये.,People gathered near the water tank.,सोबेन होड़ोको पानी टंकी तायोम ते जमा होबा जना।,sobena hoda़oko paanii tankii taayoma te jamaa hobaa janaa.
लोग बस स्टॉप के पास जमा हो गए.,People gathered near the bus stop.,होड़ोको बस स्टॉप रे जमा होबाओःआ।,hoda़oko basa staॉpa re jamaa hobaaohaa.
लोग खेल के मैदान के पास जमा हो गये.,People gathered near the playground.,होड़ोको खेल राः मैदान रे जमा होबाओःआ।,hoda़oko khela raah maidaana re jamaa hobaaohaa.
सामुदायिक भवन के पास लोग जमा हो गये.,People gathered near the community hall.,सोबेन सामुदायिक भवन रे होड़ोको जमा होबा जना।,sobena saamudaayika bhawana re hoda़oko jamaa hobaa janaa.
सड़क के पास लोग जमा हो गये.,People gathered near the road.,होड़ोको सड़क रे होड़ोको जमा होबाजाना।,hoda़oko sada़ka re hoda़oko jamaa hobaajaanaa.
लोग कुएं के पास जमा हो गये.,People gathered near the well.,सोबेन होड़ोको कुआं रे जमा होबा जना।,sobena hoda़oko kuaan re jamaa hobaa janaa.
लोग मैदान के पास जमा हो गये.,People gathered near the ground.,सोबेन होड़ोको मैदान रे जमा होबा जना।,sobena hoda़oko maidaana re jamaa hobaa janaa.
दुकान के पास लोग जमा हो गये.,People gathered near the shop.,होड़ोको दुकान रे होड़ोको जमा होबाओःआ।,hoda़oko dukaana re hoda़oko jamaa hobaaohaa.
लोग खेत के पास जमा हो गये.,People gathered near the field.,सोबेन होड़ोको खेत रे जमा होबा जना।,sobena hoda़oko kheta re jamaa hobaa janaa.
घर के पास लोग जमा हो गये.,People gathered near the house.,ओड़ो: ओड़ा: रे होड़ोको जमा होबाजाना।,oda़o: oda़aa: re hoda़oko jamaa hobaajaanaa.
लोग बगीचे के पास एकत्र हो गये।,People gathered near the garden.,ओड़ोः होड़ोको बगीचे तायोमते मिआदत्र होबाओःआ।,oda़oh hoda़oko bagiiche taayomate miaadatrara hobaaohaa.
कृपया विद्यालय को साफ-सुथरा रखें।,Please keep the school clean.,मेनदो कृपया विद्यालय के साफ-सुथरा रिकाकेदाए।,menado kripayaa widyaalaya ke saapha-sutharaa rikaakedaae.
कृपया गांव को स्वच्छ रखें।,Please keep the village clean.,ओड़ो: कृपया गांव के स्वच्छ रखाव तना।,oda़o: kripayaa gaanwa ke swachchha rakhaawa tanaa.
कृपया सड़क साफ रखें.,Please keep the road clear.,ओड़ो: कृपया सड़क साफ रिकाकेदाए।,oda़o: kripayaa sada़ka saapha rikaakedaae.
कृपया पुल को साफ़ रखें।,Please keep the bridge clear.,ओड़ो: कृपया पुल के साफ़ रिकाकेदाए।,oda़o: kripayaa pula ke saapha़ rikaakedaae.
कृपया बाजार को साफ-सुथरा रखें।,Please keep the market clean.,ओड़ोः नेआ बाजार के साफ-सुथरा रिकाएः।,oda़oh neaa baajaara ke saapha-sutharaa rikaaeh.
कृपया पार्क को साफ़ रखें।,Please keep the park clean.,ओड़ो: कृपया पार्क के साफ़ रिकाएआ।,oda़o: kripayaa paarka ke saapha़ rikaaeaa.
कृपया पुस्तकालय को साफ रखें।,Please keep the library clean.,ओड़ो: कृपया पुस्तकालय के साफ केदाए।,oda़o: kripayaa pustakaalaya ke saapha kedaae.
कृपया क्लिनिक को साफ़ रखें।,Please keep the clinic clean.,ओड़ो: कृपया क्लिनिक के साफ़ रिकाकेदाए।,oda़o: kripayaa klinika ke saapha़ rikaakedaae.
कृपया मंदिर को साफ-सुथरा रखें।,Please keep the temple clean.,ओड़ो: कृपया मंदिर के साफ-सुथरा रिकाकेदाए।,oda़o: kripayaa mandira ke saapha-sutharaa rikaakedaae.
कृपया कार्यालय को साफ-सुथरा रखें।,Please keep the office clean.,ओड़ोः कृपया कार्यालय के साफ-सुथरा रिकाएः।,oda़oh kripayaa kaaryaalaya ke saapha-sutharaa rikaaeh.
कृपया बैठक को साफ-सुथरा रखें।,Please keep the meeting room clean.,ओड़ोः नेआ बैठक के साफ-सुथरा रिकाएः।,oda़oh neaa baithaka ke saapha-sutharaa rikaaeh.
कृपया वृक्षारोपण को साफ-सुथरा रखें।,Please keep the plantation clean.,ओड़ोः कृपया वृक्षारोपण राः साफ-सुथरा ताइकेना।,oda़oh kripayaa wrikshashaaropana raah saapha-sutharaa taaikenaa.
कृपया पानी की टंकी को साफ रखें।,Please keep the water tank clean.,ओड़ो: कृपया पानीरा: टंकी को साफ केदा।,oda़o: kripayaa paaniiraa: tankii ko saapha kedaa.
कृपया बस स्टॉप को साफ़ रखें।,Please keep the bus stop clean.,ओड़ोः मेनदो बस स्टॉप के साफ़ रिकाएः।,oda़oh menado basa staॉpa ke saapha़ rikaaeh.
कृपया खेल के मैदान को साफ़ रखें।,Please keep the playground clean.,ओड़ो: कृपया खेलरा: मैदान को साफ़ रिकाएआ।,oda़o: kripayaa khelaraa: maidaana ko saapha़ rikaaeaa.
कृपया सामुदायिक भवन को साफ-सुथरा रखें।,Please keep the community hall clean.,मेनदो सामुदायिक भवन के साफ-सुथरा रिकाकेदाएः।,menado saamudaayika bhawana ke saapha-sutharaa rikaakedaaeh.
कृपया सड़क को साफ रखें.,Please keep the road clear.,ओड़ो: कृपया सड़क के साफ रिकाएआ।,oda़o: kripayaa sada़ka ke saapha rikaaeaa.
कृपया दुकान को साफ़ रखें।,Please keep the shop clean.,ओड़ो: कृपया दुकान के साफ़ रिकाकेदाए।,oda़o: kripayaa dukaana ke saapha़ rikaakedaae.
कृपया खेत को साफ़ रखें।,Please keep the field clean.,ओड़ो: कृपया खेत के साफ़ रिकाएआ।,oda़o: kripayaa kheta ke saapha़ rikaaeaa.
कृपया घर को साफ़ रखें.,Please keep the house clean.,ओड़ोः कृपया ओड़ोः ओड़ोः ओड़ोः ओड़ोः एटेःकेदाएः।,oda़oh kripayaa oda़oh oda़oh oda़oh oda़oh etehkedaaeh.
कृपया बगीचे को साफ़ रखें।,Please keep the garden clean.,ओड़ोः नुतुम बगीचे के साफ़ रिकाएः।,oda़oh nutuma bagiiche ke saapha़ rikaaeh.
विद्यालय को मरम्मत की जरूरत है.,The school needs repairs.,विद्यालय के मरम्मत रा: जरूड़ी मेना:,widyaalaya ke marammata raa: jaruuda़ii menaa:
गांव को मरम्मत की जरूरत है.,The village needs repairs.,ओड़ो: गांव के मरम्मत रा: जरूड़ी मेना:,oda़o: gaanwa ke marammata raa: jaruuda़ii menaa:
सड़क की मरम्मत की जरूरत है.,The road needs repair.,सड़क रा: मरम्मत रा: जरूड़ी मेना:,sada़ka raa: marammata raa: jaruuda़ii menaa:
पुल की मरम्मत की जरूरत है.,The bridge needs repair.,पुलरा: मरम्मत रा: जरूड़ी मेना:,pularaa: marammata raa: jaruuda़ii menaa:
बाजार को मरम्मत की जरूरत है.,The market needs repair.,ओड़ो: बाजार रे मरम्मत रा: जरूड़ी मेना:,oda़o: baajaara re marammata raa: jaruuda़ii menaa:
पार्क को मरम्मत की जरूरत है.,The park needs repairs.,ओड़ो: पार्क के मरम्मत रा: जरूड़ी मेना:,oda़o: paarka ke marammata raa: jaruuda़ii menaa:
पुस्तकालय को मरम्मत की जरूरत है.,The library needs repairs.,पुस्तकालय के मरम्मत रा: जरूड़ी मेना:,pustakaalaya ke marammata raa: jaruuda़ii menaa:
क्लिनिक को मरम्मत की जरूरत है.,The clinic needs repairs.,एटा: क्लिनिक के मरम्मत रा: जरूड़ी मेना:,etaa: klinika ke marammata raa: jaruuda़ii menaa:
मंदिर को मरम्मत की जरूरत है.,The temple needs repair.,मेनदो मंदिर के मरम्मत राः जरूड़ी मेना:।,menado mandira ke marammata raah jaruuda़ii menaa:.
कार्यालय को मरम्मत की जरूरत है.,The office needs repairs.,ओड़ोः कार्यालय के मरम्मत राः जरूड़ी मेना:।,oda़oh kaaryaalaya ke marammata raah jaruuda़ii menaa:.
बैठक में मरम्मत की जरूरत है.,The living room needs repairs.,ओड़ोः बैठक रे मरम्मत राः जरूड़ी मेना:।,oda़oh baithaka re marammata raah jaruuda़ii menaa:.
महोत्सव को मरम्मत की जरूरत है.,The festival needs repairs.,महोत्सव रा: मरम्मत रा: जरूड़ी मेना:,mahotsawa raa: marammata raa: jaruuda़ii menaa:
सफाई की मरम्मत की जरूरत है.,Cleaning repairs are needed.,सफाई रा: मरम्मत रा: जरूड़ी मेना:,saphaaii raa: marammata raa: jaruuda़ii menaa:
वृक्षारोपण की मरम्मत की जरूरत है.,The plantation needs repair.,ओड़ो: वृक्षारोपण रा: मरम्मत रा: जरूड़ी मेना:,oda़o: wrikshashaaropana raa: marammata raa: jaruuda़ii menaa:
पानी टंकी की मरम्मत की जरूरत है.,The water tank needs repair.,पानी टंकी रा: मरम्मत रा: जरूड़ी मेना:,paanii tankii raa: marammata raa: jaruuda़ii menaa:
बस स्टॉप को मरम्मत की जरूरत है.,The bus stop needs repair.,बस स्टॉप के मरम्मत रा: जरूड़ी मेना:,basa staॉpa ke marammata raa: jaruuda़ii menaa:
खेल के मैदान को मरम्मत की जरूरत है.,The playground needs repair.,ओड़ो: खेलरा: मैदान को मरम्मत रा: जरूड़ी मेना:,oda़o: khelaraa: maidaana ko marammata raa: jaruuda़ii menaa:
सामुदायिक भवन को मरम्मत की जरूरत है.,The community hall needs repair.,सामुदायिक भवन के मरम्मत रा: जरूड़ी मेना:,saamudaayika bhawana ke marammata raa: jaruuda़ii menaa:
सड़क की मरम्मत की जरूरत है.,The road needs repair.,सड़क रा: मरम्मत रा: जरूड़ी मेना:,sada़ka raa: marammata raa: jaruuda़ii menaa:
कुएं की मरम्मत की जरूरत है.,The well needs repair.,ओड़ो: कुना रा: मरम्मत रा: जरूड़ी मेना:,oda़o: kunaa raa: marammata raa: jaruuda़ii menaa:
मैदान को मरम्मत की जरूरत है.,The ground needs repair.,मैदान के मरम्मत रा: जरूड़ी मेना:,maidaana ke marammata raa: jaruuda़ii menaa:
दुकान को मरम्मत की जरूरत है.,The shop needs repairs.,एटा: दुकान के मरम्मत रा: जरूड़ी मेना:,etaa: dukaana ke marammata raa: jaruuda़ii menaa:
फार्म को मरम्मत की जरूरत है.,The farm needs repairs.,फार्म के मरम्मत रा: जरूड़ी मेना:,phaarma ke marammata raa: jaruuda़ii menaa:
घर को मरम्मत की जरूरत है.,The house needs repairs.,ओड़ो: ओड़ा: रे मरम्मत रा: जरूड़ी मेना:,oda़o: oda़aa: re marammata raa: jaruuda़ii menaa:
बगीचे की मरम्मत की जरूरत है.,The garden needs repair.,बगीचेरा: मरम्मत रा: जरूड़ी मेना:,bagiicheraa: marammata raa: jaruuda़ii menaa:
हमने आज सुबह स्कूल का दौरा किया।,We visited the school this morning.,आले तिसिङ हुलंग स्कूल राः दौरा रिकाकेदाएः।,aale tisinga hulanga skuula raah dauraa rikaakedaaeh.
हमने आज सुबह गांव का दौरा किया।,We visited the village this morning.,आले तिसिङ गांव रेआ दौरा रिकाकेदाएः।,aale tisinga gaanwa reaa dauraa rikaakedaaeh.
हमने आज सुबह सड़क का दौरा किया।,We took a road trip this morning.,आले तिसिङ सड़क राः दौरा रिकाकेदाएः।,aale tisinga sada़ka raah dauraa rikaakedaaeh.
हमने आज सुबह पुल का दौरा किया।,We visited the bridge this morning.,आले तिसिङ पुल राः दौरा रिकाकेदाएः।,aale tisinga pula raah dauraa rikaakedaaeh.
हमने आज सुबह बाज़ार का दौरा किया।,We visited the market this morning.,आले तिसिङ हुलंग बाज़ार राः दौरा रिका केदा।,aale tisinga hulanga baaja़aara raah dauraa rikaa kedaa.
हमने आज सुबह पार्क का दौरा किया।,We visited the park this morning.,आले तिसिंग हुलंग पार्क राः दौरा रिकाकेदाएः।,aale tisinga hulanga paarka raah dauraa rikaakedaaeh.
हमने आज सुबह पुस्तकालय का दौरा किया।,We visited the library this morning.,आले तिसिङ हुलंग पुस्तकालयरा: दौरा रिकाकेदाए।,aale tisinga hulanga pustakaalayaraa: dauraa rikaakedaae.
हमने आज सुबह क्लिनिक का दौरा किया।,We visited the clinic this morning.,आले तिसिंग हुलंग क्लिनिक राः दौरा रिकाकेदाएः।,aale tisinga hulanga klinika raah dauraa rikaakedaaeh.
हमने आज सुबह मंदिर का दौरा किया।,We visited the temple this morning.,आले तिसिङ मंदिर राः दौरा रिकाकेदाएः।,aale tisinga mandira raah dauraa rikaakedaaeh.
हमने आज सुबह कार्यालय का दौरा किया।,We visited the office this morning.,आले तिसिङ हुलंग कार्यालयरा: दौरा रिकाकेदाए।,aale tisinga hulanga kaaryaalayaraa: dauraa rikaakedaae.
हमने आज सुबह बैठक का दौरा किया।,We visited the meeting this morning.,आले तिसिङ हुलंग बैठक राः दौरा रिका केदा।,aale tisinga hulanga baithaka raah dauraa rikaa kedaa.
हमने आज सुबह उत्सव का दौरा किया।,We visited the festival this morning.,आले तिसिङ तिसिङ उत्सव राः दौरा रिकाकेदाएः।,aale tisinga tisinga utsawa raah dauraa rikaakedaaeh.
हमने आज सुबह सफ़ाई का दौरा किया।,We visited the cleanup this morning.,आले तिसिङ सफ़ाई राः दौरा रिकाकेदाएः।,aale tisinga sapha़aaii raah dauraa rikaakedaaeh.
हमने आज सुबह वृक्षारोपण का दौरा किया।,We visited the plantation this morning.,आले तिसिङ हुलंग वृक्षारोपण राः दौरा रिकाकेदाएः।,aale tisinga hulanga wrikshashaaropana raah dauraa rikaakedaaeh.
हमने आज सुबह पानी की टंकी का दौरा किया।,We visited the water tank this morning.,आले तिसिङ पानी राः टंकी राः दौरा रिकाकेदाएः।,aale tisinga paanii raah tankii raah dauraa rikaakedaaeh.
हमने आज सुबह बस स्टॉप का दौरा किया।,We visited the bus stop this morning.,आले तिसिङ बस स्टॉप राः दौरा रिकाकेदाएः।,aale tisinga basa staॉpa raah dauraa rikaakedaaeh.
हमने आज सुबह खेल के मैदान का दौरा किया।,We visited the playground this morning.,आले तिसिङ हुलंग खेल राः मैदान राः दौरा रिकाकेदाएः।,aale tisinga hulanga khela raah maidaana raah dauraa rikaakedaaeh.
हमने आज सुबह सामुदायिक हॉल का दौरा किया।,We visited the community hall this morning.,आले तिसिङ सामुदायिक हॉलरा: दौरा रिकाकेदाए।,aale tisinga saamudaayika haॉlaraa: dauraa rikaakedaae.
हमने आज सुबह सड़क का दौरा किया।,We took a road trip this morning.,आले तिसिङ सड़क राः दौरा रिकाकेदाएः।,aale tisinga sada़ka raah dauraa rikaakedaaeh.
हमने आज सुबह कुएं का दौरा किया।,We visited the well this morning.,आले तिसिङ हुलंग कुना रा: दौरा रिकाकेदाए।,aale tisinga hulanga kunaa raa: dauraa rikaakedaae.
हमने आज सुबह मैदान का दौरा किया।,We visited the grounds this morning.,आले तिसिङ हुलंग मैदान रेआ दौरा रिकाकेदाएः।,aale tisinga hulanga maidaana reaa dauraa rikaakedaaeh.
हमने आज सुबह दुकान का दौरा किया।,We visited the shop this morning.,आले तिसिङ दुकान राः दौरा रिकाकेदाएः।,aale tisinga dukaana raah dauraa rikaakedaaeh.
हमने आज सुबह खेत का दौरा किया।,We visited the farm this morning.,आले तिसिङ हुलंग रआः तिसिङ ओड़ाः राः दौरा रिका केदा।,aale tisinga hulanga raaah tisinga oda़aah raah dauraa rikaa kedaa.
हमने आज सुबह घर का दौरा किया।,We visited the house this morning.,आले तिसिङ तिसिङ रेआ: दौरा रिकाकेदाए।,aale tisinga tisinga reaa: dauraa rikaakedaae.
हमने आज सुबह बगीचे का दौरा किया।,We visited the garden this morning.,आले तिसिङ बगीचे राः दौरा रिकाकेदाएः।,aale tisinga bagiiche raah dauraa rikaakedaaeh.
आज स्कूल खुला है.,The school is open today.,तिसिङ तिसिङ स्कूल खुला जना।,tisinga tisinga skuula khulaa janaa.
गाँव आज खुला है.,The village is open today.,नेआ गाँव तिसिङ खुला मेनाः।,neaa gaanwa tisinga khulaa menaah.
आज सड़क खुली है.,The road is open today.,तिसिङ तिसिङ सड़क खुली मेनाः।,tisinga tisinga sada़ka khulii menaah.
पुल आज खुला है.,The bridge is open today.,पुल तिसिङ खुला मेनाः।,pula tisinga khulaa menaah.
आज बाजार खुला है.,The market is open today.,तिसिङ तिसिङ बाजार खुला जना।,tisinga tisinga baajaara khulaa janaa.
पार्क आज खुला है.,The park is open today.,एटा: पार्क तिसिङ खुला मेनाः।,etaa: paarka tisinga khulaa menaah.
लाइब्रेरी आज खुली है.,The library is open today.,लाइब्रेरी तिसिङ खुली मेनाः।,laaibrerii tisinga khulii menaah.
क्लिनिक आज खुला है.,The clinic is open today.,एटा: क्लिनिक तिसिङ खुला तना:,etaa: klinika tisinga khulaa tanaa:
मंदिर आज खुला है.,The temple is open today.,तिसिङ रेन मंदिर तिसिङ खुला मेनाः।,tisinga rena mandira tisinga khulaa menaah.
आज कार्यालय खुला है.,The office is open today.,तिसिङ तिसिङ कार्यालय खुला जना।,tisinga tisinga kaaryaalaya khulaa janaa.
बैठक आज खुली है.,The meeting is open today.,नेआ बैठक तिसिङ खुली मेनाः।,neaa baithaka tisinga khulii menaah.
उत्सव आज खुला है.,The festival is open today.,एटा: उत्सव तिसिङ खुला तना:,etaa: utsawa tisinga khulaa tanaa:
सफाई आज खुली है.,Cleaning is open today.,नेआ सफाई तिसिङ खुली मेनाः।,neaa saphaaii tisinga khulii menaah.
वृक्षारोपण आज खुला है.,The plantation is open today.,तिसिङ राः वृक्षारोपण तिसिङ खुलाओःआ।,tisinga raah wrikshashaaropana tisinga khulaaohaa.
पानी की टंकी आज खुली है.,The water tank is open today.,पानीरा: टंकी तिसिङ खुली तना:,paaniiraa: tankii tisinga khulii tanaa:
बस स्टॉप आज खुला है.,The bus stop is open today.,तिसिङ बस स्टॉप तिसिङ खुलाओआ।,tisinga basa staॉpa tisinga khulaaoaa.
खेल का मैदान आज खुला है.,The playground is open today.,तिसिङ रेन खेल राः मैदान तिसिङ खुलाओःआ।,tisinga rena khela raah maidaana tisinga khulaaohaa.
सामुदायिक भवन आज खुला है।,The community hall is open today.,सोबेन सामुदायिक भवन तिसिङ सेनोःआ।,sobena saamudaayika bhawana tisinga senohaa.
सड़क आज खुली है.,The road is open today.,नेआ सड़क तिसिङ खुली मेनाः।,neaa sada़ka tisinga khulii menaah.
कुआँ आज खुला है.,The well is open today.,मेनदो कुआँ तिसिङ हिजुःजाना।,menado kuaan tisinga hijuhjaanaa.
आज मैदान खुला है.,The field is open today.,तिसिङ तिसिङ मैदान हिजुःजाना।,tisinga tisinga maidaana hijuhjaanaa.
दुकान आज खुली है.,The shop is open today.,मेनदो दुकान तिसिङ खुली मेनाः।,menado dukaana tisinga khulii menaah.
आज फार्म खुला है.,The farm is open today.,तिसिंग तिसिङ फार्म खुला तना।,tisinga tisinga phaarma khulaa tanaa.
आज घर खुला है.,The house is open today.,तिसिङ तिसिङ ओड़ोः ते तिसिङ रे हिजुःजाना।,tisinga tisinga oda़oh te tisinga re hijuhjaanaa.
आज बगीचा खुला है.,The garden is open today.,तिसिंग तिसिङ बगीचा खुलाओआ।,tisinga tisinga bagiichaa khulaaoaa.
बच्चे प्रतिदिन विद्यालय आते हैं।,Children come to school every day.,होड़ोको प्रतिदिन विद्यालय हिजुःतान ताइकेना।,hoda़oko pratidina widyaalaya hijuhtaana taaikenaa.
बच्चे प्रतिदिन गाँव का उपयोग करते हैं।,The children use the village every day.,होड़ोको प्रतिदिन गाँव रेआ उपयोग रिकाएआ।,hoda़oko pratidina gaanwa reaa upayoga rikaaeaa.
बच्चे प्रतिदिन सड़क का उपयोग करते हैं।,Children use the road every day.,होड़ोको प्रतिदिन सड़क रेआ उपयोग रिकाएआ।,hoda़oko pratidina sada़ka reaa upayoga rikaaeaa.
बच्चे प्रतिदिन पुल का उपयोग करते हैं।,Children use the bridge every day.,होड़ोको प्रतिदिन पुलरा: उपयोग रिकाएआ।,hoda़oko pratidina pularaa: upayoga rikaaeaa.
बच्चे प्रतिदिन बाज़ार का उपयोग करते हैं।,Children use the market every day.,होड़ोको प्रतिदिन बाज़ार राः उपयोग रिकाएआ।,hoda़oko pratidina baaja़aara raah upayoga rikaaeaa.
बच्चे प्रतिदिन पार्क का उपयोग करते हैं।,Children use the park every day.,होड़ोको प्रतिदिन पार्क राः उपयोग रिकाएआ।,hoda़oko pratidina paarka raah upayoga rikaaeaa.
बच्चे प्रतिदिन पुस्तकालय का उपयोग करते हैं।,Children use the library every day.,होड़ोको प्रतिदिन पुस्तकालयरा: उपयोग रिकाएआ।,hoda़oko pratidina pustakaalayaraa: upayoga rikaaeaa.
बच्चे प्रतिदिन क्लिनिक का उपयोग करते हैं।,Children use the clinic daily.,होड़ोको प्रतिदिन क्लिनिक राः उपयोग रिकाएआ।,hoda़oko pratidina klinika raah upayoga rikaaeaa.
बच्चे प्रतिदिन मंदिर का उपयोग करते हैं।,Children use the temple daily.,होड़ोको प्रतिदिन मंदिर रेआ उपयोग रिकाएआ।,hoda़oko pratidina mandira reaa upayoga rikaaeaa.
बच्चे प्रतिदिन कार्यालय का उपयोग करते हैं।,The children use the office every day.,होड़ोको प्रतिदिन कार्यालयरा: उपयोग रिकाएआ।,hoda़oko pratidina kaaryaalayaraa: upayoga rikaaeaa.
बच्चे प्रतिदिन बैठक का उपयोग करते हैं।,The children use the living room every day.,होड़ोको प्रतिदिन बैठकरा: उपयोग रिकाएआ।,hoda़oko pratidina baithakaraa: upayoga rikaaeaa.
बच्चे हर दिन त्योहार का उपयोग करते हैं।,Children use the festival every day.,सोबेन होनको सोबेन दिन त्योहार राः उपयोग रिकाएआ।,sobena honako sobena dina tyohaara raah upayoga rikaaeaa.
बच्चे प्रतिदिन सफ़ाई का उपयोग करते हैं।,Children use cleaning every day.,होड़ोको प्रतिदिन सफ़ाई राः उपयोग रिकाएआ।,hoda़oko pratidina sapha़aaii raah upayoga rikaaeaa.
बच्चे प्रतिदिन वृक्षारोपण का उपयोग करते हैं।,The children use the treehouse every day.,होड़ोको प्रतिदिन वृक्षारोपणरा: उपयोग रिकाएआ।,hoda़oko pratidina wrikshashaaropanaraa: upayoga rikaaeaa.
बच्चे प्रतिदिन पानी की टंकी का उपयोग करते हैं।,Children use the water tank every day.,होड़ोको प्रतिदिन पानीरा: टंकी रा: उपयोग रिकाएआ।,hoda़oko pratidina paaniiraa: tankii raa: upayoga rikaaeaa.
बच्चे प्रतिदिन बस स्टॉप का उपयोग करते हैं।,Children use the bus stop every day.,होड़ोको प्रतिदिन बस स्टॉप राः उपयोग रिकाकेदाएः।,hoda़oko pratidina basa staॉpa raah upayoga rikaakedaaeh.
बच्चे प्रतिदिन खेल के मैदान का उपयोग करते हैं।,Children use the playground every day.,होड़ोको प्रतिदिन खेल रेअः मैदान रेअः उपयोग तइन केना।,hoda़oko pratidina khela reah maidaana reah upayoga taina kenaa.
बच्चे प्रतिदिन सामुदायिक भवन का उपयोग करते हैं।,Children use the community hall every day.,होड़ोको प्रतिदिन सामुदायिक भवनरा: उपयोग रिकाएआ।,hoda़oko pratidina saamudaayika bhawanaraa: upayoga rikaaeaa.
बच्चे प्रतिदिन सड़क का उपयोग करते हैं।,Children use the road every day.,होड़ोको प्रतिदिन सड़क रेआ उपयोग रिकाएआ।,hoda़oko pratidina sada़ka reaa upayoga rikaaeaa.
बच्चे प्रतिदिन कुएं का उपयोग करते हैं।,The children use the well every day.,होड़ोको प्रतिदिन कुना रा: उपयोग रिकाएआ।,hoda़oko pratidina kunaa raa: upayoga rikaaeaa.
बच्चे प्रतिदिन मैदान का उपयोग करते हैं।,Children use the grounds daily.,होड़ोको प्रतिदिन मैदान रेआ उपयोग रिकाएआ।,hoda़oko pratidina maidaana reaa upayoga rikaaeaa.
बच्चे प्रतिदिन दुकान का उपयोग करते हैं।,The children use the shop every day.,होड़ोको प्रतिदिन दुकान रेआ उपयोग रिकाएआ।,hoda़oko pratidina dukaana reaa upayoga rikaaeaa.
बच्चे प्रतिदिन खेत का उपयोग करते हैं।,The children use the farm every day.,होड़ोको प्रतिदिन खेतरा: उपयोग रिकाकेदाए।,hoda़oko pratidina khetaraa: upayoga rikaakedaae.
बच्चे प्रतिदिन घर का उपयोग करते हैं।,The children use the house every day.,होड़ोको प्रतिदिन घररा: उपयोग रिकाएआ।,hoda़oko pratidina ghararaa: upayoga rikaaeaa.
बच्चे प्रतिदिन बगीचे का उपयोग करते हैं।,The children use the garden every day.,होड़ोको प्रतिदिन बगीचेरा: उपयोग रिकाएआ।,hoda़oko pratidina bagiicheraa: upayoga rikaaeaa.
हमें स्कूल की सुरक्षा करनी चाहिए.,We must protect the school.,आले स्कूल राः सुरक्षा रिकाएआ।,aale skuula raah surakshashaa rikaaeaa.
हमें गांव की रक्षा करनी चाहिए.,We must protect the village.,आले गांवरा: रक्षा रिकाएआ।,aale gaanwaraa: rakshashaa rikaaeaa.
हमें बाजार की रक्षा करनी चाहिए.,We must protect the market.,आले बाजाररा: रक्षा रिकाएआ।,aale baajaararaa: rakshashaa rikaaeaa.
हमें पार्क की सुरक्षा करनी चाहिए।,We must protect the park.,आले पार्क राः सुरक्षा रिकाएआ।,aale paarka raah surakshashaa rikaaeaa.
हमें पुस्तकालय की रक्षा करनी चाहिए।,We must protect the library.,आले पुस्तकालयरा: रक्षा केदाए।,aale pustakaalayaraa: rakshashaa kedaae.
हमें क्लिनिक की सुरक्षा करनी चाहिए.,We must protect the clinic.,आले क्लिनिक राः सुरक्षा केदाएः।,aale klinika raah surakshashaa kedaaeh.
हमें मंदिर की रक्षा करनी चाहिए.,We should protect the temple.,आले मंदिर राः रक्षा केदाएः।,aale mandira raah rakshashaa kedaaeh.
हमें कार्यालय की सुरक्षा करनी चाहिए.,We must protect the office.,आले कार्यालयरा: सुरक्षा रिकाएआ।,aale kaaryaalayaraa: surakshashaa rikaaeaa.
हमें बैठक की रक्षा करनी चाहिए.,We must protect the meeting.,आले बैठक रआः रक्षा केदाएः।,aale baithaka raaah rakshashaa kedaaeh.
हमें त्योहार की रक्षा करनी चाहिए।',We must protect the festival.,आले आले त्योहार रा: रक्षा रिकाएआ।,aale aale tyohaara raa: rakshashaa rikaaeaa.
हमें सफाई की रक्षा करनी चाहिए।,We must protect cleanliness.,आले सफाई राः रक्षा केदाएः।,aale saphaaii raah rakshashaa kedaaeh.
हमें वृक्षारोपण की सुरक्षा करनी चाहिए।,We should protect the plantation.,आले वृक्षारोपण राः सुरक्षा रिकाएआ।,aale wrikshashaaropana raah surakshashaa rikaaeaa.
हमें पानी की टंकी की सुरक्षा करनी चाहिए।,We should protect the water tank.,आले पानीरा: टंकी रा: सुरक्षा लागातिङा।,aale paaniiraa: tankii raa: surakshashaa laagaatingaa.
हमें बस स्टॉप की सुरक्षा करनी चाहिए।',We should protect the bus stop.,आले बस स्टॉप रआः सुरक्षा लागातिङा।,aale basa staॉpa raaah surakshashaa laagaatingaa.
हमें खेल के मैदान की रक्षा करनी चाहिए।',We must protect the playground.,आले खेल रा: मैदान रा: रक्षा रिकाएआ।,aale khela raa: maidaana raa: rakshashaa rikaaeaa.
हमें सामुदायिक भवन की सुरक्षा करनी चाहिए।',We must protect the community building.,आले सामुदायिक भवनरा: सुरक्षा लागातिङा।,aale saamudaayika bhawanaraa: surakshashaa laagaatingaa.
हमें सड़क की रक्षा करनी चाहिए.,We must protect the road.,आले सड़क राः रक्षा केदाएः।,aale sada़ka raah rakshashaa kedaaeh.
हमें कुएं की रक्षा करनी चाहिए.,We should protect the well.,आले कुना रा: रक्षा रिकाएआ।,aale kunaa raa: rakshashaa rikaaeaa.
हमें दुकान की सुरक्षा करनी चाहिए.,We should protect the shop.,आले दुकान रेआ सुरक्षा रिकाएआ।,aale dukaana reaa surakshashaa rikaaeaa.
हमें खेत की रक्षा करनी चाहिए.,We must protect the farm.,अइंग अइंग ओड़ाः रेअः रक्षा केदाए।,ainga ainga oda़aah reah rakshashaa kedaae.
हमें घर की सुरक्षा करनी चाहिए.,We should protect our home.,आले ओड़ाः रेआ सुरक्षा रिकाएआ।,aale oda़aah reaa surakshashaa rikaaeaa.
क्या आप पार्क ढूंढ सकते हैं?,Can you find the park?,आम पार्क ढूंढ तनाए?,aama paarka dhuundha tanaae?
क्या आप पुस्तकालय ढूंढ सकते हैं?,Can you find the library?,आम पुस्तकालय ढूंढ तनाए?,aama pustakaalaya dhuundha tanaae?
क्या आप क्लिनिक ढूंढ सकते हैं?,Can you find the clinic?,आम क्लिनिक ढूंढ तना?,aama klinika dhuundha tanaa?
क्या आप मंदिर ढूंढ सकते हैं?,Can you find the temple?,आम मंदिर ढूंढ तनाए?,aama mandira dhuundha tanaae?
क्या आप कार्यालय ढूंढ सकते हैं?,Can you find the office?,आम कार्यालय ढूंढ तनाए?,aama kaaryaalaya dhuundha tanaae?
क्या आप मीटिंग ढूंढ सकते हैं?,Can you find a meeting?,आम मीटिंग ढूंढ तनाए?,aama miitinga dhuundha tanaae?
क्या आप त्यौहार ढूंढ सकते हैं?,Can you find the festival?,आमा: एटा: होड़ो का रिकाएआ?,aamaa: etaa: hoda़o kaa rikaaeaa?
क्या आप सफ़ाई पा सकते हैं?,Can you get clean?,आम सफ़ाई पाड़ाओआ?,aama sapha़aaii paada़aaoaa?
क्या आप पौधारोपण ढूंढ सकते हैं?,Can you find the plantation?,आम पौधारोपण ढूंढ तना?,aama paudhaaropana dhuundha tanaa?
क्या आप पानी की टंकी ढूंढ सकते हैं?,Can you find the water tank?,आम पानीरा: टंकी ढूंढ तना?,aama paaniiraa: tankii dhuundha tanaa?
क्या आप बस स्टॉप ढूंढ सकते हैं?,Can you find the bus stop?,आम बस स्टॉप ढूंढ तना?,aama basa staॉpa dhuundha tanaa?
क्या आप खेल का मैदान ढूंढ सकते हैं?,Can you find the playground?,आम खेलरा: मैदान ढूंढ तना?,aama khelaraa: maidaana dhuundha tanaa?
क्या आप सामुदायिक भवन ढूंढ सकते हैं?,Can you find the community hall?,आम सामुदायिक भवन ढूंढ तना?,aama saamudaayika bhawana dhuundha tanaa?
क्या आप सड़क ढूंढ सकते हैं?,Can you find the road?,आम सड़क ढूंढ तनाए?,aama sada़ka dhuundha tanaae?
क्या आप कुआँ ढूंढ सकते हैं?,Can you find the well?,चि आम कुआँ ढूंढ तइना?,chi aama kuaan dhuundha tainaa?
क्या आप फ़ील्ड ढूंढ सकते हैं?,Can you find the field?,आम फ़ील्ड ढूंढ तनाए?,aama pha़iilda dhuundha tanaae?
क्या आप दुकान ढूंढ सकते हैं?,Can you find the shop?,आम दुकान ढूंढ तनाए?,aama dukaana dhuundha tanaae?
क्या आप खेत ढूंढ सकते हैं?,Can you find the farm?,आमा: खेत ढूंढ तना:?,aamaa: kheta dhuundha tanaa:?
क्या आप घर ढूंढ सकते हैं?,Can you find the house?,आमा: ओड़ा: ढूंढ तना:?,aamaa: oda़aa: dhuundha tanaa:?
क्या आप बगीचा ढूंढ सकते हैं?,Can you find the garden?,आम बगीचा ढूंढ तना?,aama bagiichaa dhuundha tanaa?
मैंने काम ख़त्म कर दिया.,I finished the work.,आञ कामि ख़त्म केदाञ।,aanya kaami kha़tma kedaanya.
मैंने कार्य पूरा कर लिया.,I completed the task.,आञ कार्य पूरा केदाञ।,aanya kaarya puuraa kedaanya.
मैंने मीटिंग ख़त्म कर दी.,I ended the meeting.,आञ मीटिंग ख़त्म केदाञ।,aanya miitinga kha़tma kedaanya.
मैंने रिपोर्ट ख़त्म कर दी.,I finished the report.,आञ रिपोर्ट ओड़ोःकेदाञञ।,aanya riporta oda़ohkedaanyanya.
मैंने फ़ाइल ख़त्म कर दी.,I finished the file.,आञ फाइल ख़त्म केदाञ।,aanya phaaila kha़tma kedaanya.
मैंने उपकरण ख़त्म कर दिया.,I finished the equipment.,आञ उपकरण ख़त्म केदाञ।,aanya upakarana kha़tma kedaanya.
मैंने मशीन ख़त्म कर दी.,I finished the machine.,आञ मशीन ख़त्म केदाञ।,aanya mashiina kha़tma kedaanya.
मैंने कार्यालय समाप्त कर लिया।,I finished office.,आञ कार्यालय समाप्त केदाञ।,aanya kaaryaalaya samaapta kedaanya.
मैंने दुकान ख़त्म कर ली.,I finished the shop.,आञ दुकान ख़त्म केदाञ।,aanya dukaana kha़tma kedaanya.
मैंने खेत ख़त्म कर दिया.,I finished the farm.,अइंग अइंग ओड़ोः सानाङकेदाञ।,ainga ainga oda़oh saanaangakedaanya.
मैंने मैदान ख़त्म कर दिया.,I finished the field.,आञ आञ मैदान ख़त्म केदाञ।,aanya aanya maidaana kha़tma kedaanya.
मैंने प्रोजेक्ट पूरा कर लिया.,I completed the project.,आञ प्रोजेक्ट पूरा केदाञ।,aanya projekta puuraa kedaanya.
मैंने योजना पूरी कर ली.,I completed the plan.,आञ आञ योजना पूरी केदाञ।,aanya aanya yojanaa puurii kedaanya.
मैंने शेड्यूल पूरा कर लिया.,I completed the schedule.,आञ शेड्यूल पूरा केदाञ।,aanya shedyuula puuraa kedaanya.
मैंने सूची समाप्त कर दी.,I finished the list.,आञ सूची समाप्त केदाञ।,aanya suuchii samaapta kedaanya.
मैंने बक्सा ख़त्म कर दिया।,I finished the box.,अइंग बक्सा ख़त्म केदाञ।,ainga baksaa kha़tma kedaanya.
मैंने बैग ख़त्म कर दिया.,I finished the bag.,आञ बैग ख़त्म केदाञ।,aanya baiga kha़tma kedaanya.
मैंने ऑर्डर पूरा कर लिया.,I completed the order.,आञ ऑर्डर पूरा केदाञ।,aanya ऑrdara puuraa kedaanya.
मैंने डिलीवरी पूरी कर ली.,I completed the delivery.,आञ डिलीवरी पूरी केदाञ।,aanya diliiwarii puurii kedaanya.
मैंने रसीद पूरी कर ली.,I completed the receipt.,आञ रसीद पूरी केदाञ।,aanya rasiida puurii kedaanya.
मैंने रिकॉर्ड ख़त्म कर दिया.,I finished the record.,आञ रिकॉर्ड ख़त्म केदाञ।,aanya rikaॉrda kha़tma kedaanya.
मैंने फॉर्म पूरा कर लिया.,I completed the form.,आञ फॉर्म पूरा केदाञ।,aanya phaॉrma puuraa kedaanya.
मैंने पत्र ख़त्म कर दिया.,I finished the letter.,आञ पत्र ख़त्म केदाञ।,aanya patrara kha़tma kedaanya.
मैंने संदेश समाप्त कर दिया.,I ended the message.,आञ संदेश समाप्त केदाञ।,aanya sandesha samaapta kedaanya.
मैंने कॉल ख़त्म कर दी.,I ended the call.,आञ कॉल ख़त्म केदाञ।,aanya kaॉla kha़tma kedaanya.
कृपया कार्य की जाँच करें.,Please check the work.,ओड़ो: कृपया कार्यरा: जाँच रिकाएआ।,oda़o: kripayaa kaaryaraa: jaancha rikaaeaa.
कृपया कार्य की जाँच करें.,Please check the work.,ओड़ो: कृपया कार्यरा: जाँच रिकाएआ।,oda़o: kripayaa kaaryaraa: jaancha rikaaeaa.
कृपया बैठक की जाँच करें.,Please check the meeting.,ओड़ोः कृपया बैठक राः जाँच रिकाएः।,oda़oh kripayaa baithaka raah jaancha rikaaeh.
कृपया रिपोर्ट की जाँच करें.,Please check the report.,ओड़ोः नेआ रिपोर्ट राः जाँच रिकाकेदाएः।,oda़oh neaa riporta raah jaancha rikaakedaaeh.
कृपया मशीन की जांच करें.,Please check the machine.,ओड़ो: कृपया मशीन रा: जांच रिकाएआ।,oda़o: kripayaa mashiina raa: jaancha rikaaeaa.
कृपया कार्यालय की जाँच करें।,Please check the office.,ओड़ो: कृपया कार्यालयरा: जाँच रिकाएआ।,oda़o: kripayaa kaaryaalayaraa: jaancha rikaaeaa.
कृपया खेत की जांच करें.,Please check the field.,ओड़ो: कृपया खेत रा: जांच रिकाएआ।,oda़o: kripayaa kheta raa: jaancha rikaaeaa.
कृपया परियोजना की जाँच करें.,Please check the project.,ओड़ो: कृपया परियोजना रा: जाँच रिकाएआ।,oda़o: kripayaa pariyojanaa raa: jaancha rikaaeaa.
कृपया योजना की जाँच करें.,Please check the plan.,ओड़ो: कृपया योजना रा: जाँच रिकाएआ।,oda़o: kripayaa yojanaa raa: jaancha rikaaeaa.
कृपया शेड्यूल जांचें.,Please check the schedule.,ओड़ोः कृपया शेड्यूल जांच जना।,oda़oh kripayaa shedyuula jaancha janaa.
कृपया सूची की जांच करें.,Please check the list.,ओड़ो: कृपया सूची रा: जांच रिकाएआ।,oda़o: kripayaa suuchii raa: jaancha rikaaeaa.
कृपया आदेश की जाँच करें.,Please check the order.,आदेश राः जाँच रिकाएआ।,aadesha raah jaancha rikaaeaa.
कृपया डिलीवरी की जांच करें.,Please check the delivery.,मेनदो डिलीवरी राः जांच केदाएः।,menado diliiwarii raah jaancha kedaaeh.
कृपया रिकार्ड की जांच करें।,Please check the records.,ओड़ोः कृपया रिकार्ड राः जांच रिकाएः।,oda़oh kripayaa rikaarda raah jaancha rikaaeh.
कृपया फॉर्म की जांच करें.,Please check the form.,मेनदो कृपया फॉर्म राः जांच रिकाएआ।,menado kripayaa phaॉrma raah jaancha rikaaeaa.
कृपया पत्र की जांच करें.,Please check the letter.,ओड़ो: कृपया पत्ररा: जांच रिकाएआ।,oda़o: kripayaa patrararaa: jaancha rikaaeaa.
कृपया कॉल जांचें.,Please check the call.,ओड़ोः कृपया कॉल जांच जना।,oda़oh kripayaa kaॉla jaancha janaa.
हमने नौकरी पर चर्चा की.,We discussed the job.,आले नौकरी रे चर्चा केदा।,aale naukarii re charchaa kedaa.
हमने कार्य पर चर्चा की।,We discussed the task.,आले कार्य रे चर्चा केदा।,aale kaarya re charchaa kedaa.
हमने बैठक में चर्चा की.,We discussed it in the meeting.,आले बैठक रे चर्चा केदा।,aale baithaka re charchaa kedaa.
हमने रिपोर्ट पर चर्चा की.,We discussed the report.,आले रिपोर्ट रे चर्चा केदा।,aale riporta re charchaa kedaa.
हमने फ़ाइल पर चर्चा की.,We discussed the file.,आले फाइल रे चर्चा केदा।,aale phaaila re charchaa kedaa.
हमने टूल पर चर्चा की.,We discussed the tools.,आले टूल रे चर्चा केदा।,aale tuula re charchaa kedaa.
हमने मशीन पर चर्चा की।,We discussed the machine.,आले मशीन रे चर्चा केदा।,aale mashiina re charchaa kedaa.
हमने कार्यालय पर चर्चा की।,We discussed the office.,आले कार्यालय रे चर्चा केदा।,aale kaaryaalaya re charchaa kedaa.
हमने दुकान पर चर्चा की।,We discussed the shop.,आले दुकान रे चर्चा केदा।,aale dukaana re charchaa kedaa.
हमने खेत पर चर्चा की।,We discussed the farm.,आले खेत रे चर्चा केदा।,aale kheta re charchaa kedaa.
हमने क्षेत्र पर चर्चा की।,We discussed the area.,आले क्षेत्र रे चर्चा केदा।,aale kshashetrara re charchaa kedaa.
हमने प्रोजेक्ट पर चर्चा की.,We discussed the project.,आले प्रोजेक्ट रे चर्चा केदा।,aale projekta re charchaa kedaa.
हमने योजना पर चर्चा की.,We discussed the plan.,आले योजना रे चर्चा केदा।,aale yojanaa re charchaa kedaa.
हमने कार्यक्रम पर चर्चा की.,We discussed the program.,आले कार्यक्रम रे चर्चा केदा।,aale kaaryakrama re charchaa kedaa.
हमने सूची पर चर्चा की.,We discussed the list.,आले सूची रे चर्चा केदा।,aale suuchii re charchaa kedaa.
हमने बॉक्स पर चर्चा की।,We discussed the box.,आले बॉक्स रे चर्चा केदा।,aale baॉksa re charchaa kedaa.
हमने बैग पर चर्चा की।,We discussed the bag.,आले बैग रे चर्चा केदा।,aale baiga re charchaa kedaa.
हमने आदेश पर चर्चा की.,We discussed the order.,आले आदेश रे चर्चा केदा।,aale aadesha re charchaa kedaa.
हमने डिलीवरी पर चर्चा की।,We discussed delivery.,आले डिलीवरी रे चर्चा केदा।,aale diliiwarii re charchaa kedaa.
हमने रसीद पर चर्चा की।,We discussed the receipt.,आले रसीद रे चर्चा केदा।,aale rasiida re charchaa kedaa.
हमने रिकॉर्ड पर चर्चा की.,We discussed the record.,आले रिकॉर्ड रे चर्चा केदा।,aale rikaॉrda re charchaa kedaa.
हमने फॉर्म पर चर्चा की.,We discussed the form.,आले फॉर्म रे चर्चा केदा।,aale phaॉrma re charchaa kedaa.
हमने पत्र पर चर्चा की.,We discussed the letter.,आले पत्र रे चर्चा केदा।,aale patrara re charchaa kedaa.
हमने संदेश पर चर्चा की.,We discussed the message.,आले संदेश रे चर्चा केदा।,aale sandesha re charchaa kedaa.
हमने कॉल पर चर्चा की.,We discussed it on the call.,आले कॉल रे चर्चा केदाएः।,aale kaॉla re charchaa kedaaeh.
काम तैयार है.,The work is ready.,मेनदो कामि तैयार मेना:।,menado kaami taiyaara menaa:.
कार्य तैयार है.,The work is ready.,मेनदो कार्य तैयार मेना:।,menado kaarya taiyaara menaa:.
बैठक तैयार है.,The meeting is ready.,मेनदो बैठक तैयार मेना:।,menado baithaka taiyaara menaa:.
रिपोर्ट तैयार है.,The report is ready.,नेआ रिपोर्ट तैयार मेना:।,neaa riporta taiyaara menaa:.
उपकरण तैयार है.,The equipment is ready.,मेनदो उपकरण तैयार मेना:।,menado upakarana taiyaara menaa:.
मशीन तैयार है.,The machine is ready.,मशीन तैयार मेना:।,mashiina taiyaara menaa:.
कार्यालय तैयार है.,The office is ready.,मेनदो कार्यालय तैयार मेना:।,menado kaaryaalaya taiyaara menaa:.
दुकान तैयार है.,The shop is ready.,मेनदो दुकान तैयार मेना:।,menado dukaana taiyaara menaa:.
खेत तैयार है.,The field is ready.,मेनदो ओड़ो: खेत तैयार मेना:।,menado oda़o: kheta taiyaara menaa:.
प्रोजेक्ट तैयार है.,The project is ready.,मेनदो प्रोजेक्ट तैयार मेना:।,menado projekta taiyaara menaa:.
योजना तैयार है.,The plan is ready.,योजना तैयार मेना:।,yojanaa taiyaara menaa:.
शेड्यूल तैयार है.,The schedule is ready.,मेनदो शेड्यूल तैयार मेना:।,menado shedyuula taiyaara menaa:.
सूची तैयार है.,The list is ready.,मेनदो सूची तैयार मेना:।,menado suuchii taiyaara menaa:.
डिब्बा तैयार है.,The box is ready.,ओड़ो: डिब्बा तैयार मेना:।,oda़o: dibbaa taiyaara menaa:.
ऑर्डर तैयार है.,The order is ready.,मेनदो ऑर्डर तैयार मेना:।,menado ऑrdara taiyaara menaa:.
डिलीवरी तैयार है.,Delivery is ready.,मेनदो डिलीवरी तैयार मेना:।,menado diliiwarii taiyaara menaa:.
रसीद तैयार है.,The receipt is ready.,मेनदो रसीद तैयार मेना:।,menado rasiida taiyaara menaa:.
रिकॉर्ड तैयार है.,The record is ready.,नेआ रिकॉर्ड तैयार मेना:।,neaa rikaॉrda taiyaara menaa:.
फॉर्म तैयार है.,The form is ready.,ने फॉर्म तैयार मेना:।,ne phaॉrma taiyaara menaa:.
पत्र तैयार है.,The letter is ready.,नेआ पत्र तैयार मेना:।,neaa patrara taiyaara menaa:.
संदेश तैयार है.,The message is ready.,मेनदो संदेश तैयार मेना:।,menado sandesha taiyaara menaa:.
कॉल तैयार है.,The call is ready.,ओड़ो: कॉल तैयार मेना:,oda़o: kaॉla taiyaara menaa:
मैं आज ही काम भेजूंगा.,I will send the work today itself.,आञ तिसिङगे कामि रिकाञाञ।,aanya tisingage kaami rikaanyaanya.
मैं आज ही टास्क भेजूंगा.,I will send the task today itself.,आञ तिसिङगे टास्क लेलकेदाञ।,aanya tisingage taaska lelakedaanya.
मैं आज मीटिंग भेजूंगा.,I will send a meeting today.,आञ तिसिङ मीटिंग लेलकेदाञ।,aanya tisinga miitinga lelakedaanya.
मैं आज रिपोर्ट भेजूंगा.,I will send the report today.,आञ तिसिङ रिपोर्ट लेलकेदाञ।,aanya tisinga riporta lelakedaanya.
मैं आज फाइल भेजूंगा.,I will send the file today.,आञ तिसिङ फाइल रिकाञाञ।,aanya tisinga phaaila rikaanyaanya.
मैं आज टूल भेजूंगा.,I will send the tool today.,आञ तिसिङ टूल टूल लेलकेदाञ।,aanya tisinga tuula tuula lelakedaanya.
मैं आज मशीन भेजूंगा.,I will send the machine today.,आञ तिसिङ मशीन लेलकेदाञ।,aanya tisinga mashiina lelakedaanya.
मैं आज ऑफिस भेज दूँगा.,I will send it to the office today.,आञ तिसिङ ऑफिस भेज केदाञ।,aanya tisinga ऑphisa bheja kedaanya.
मैं आज दुकान भेज दूँगा।,I will send it to the shop today.,आञ तिसिङ दुकान भेज केदाञ।,aanya tisinga dukaana bheja kedaanya.
मैं आज फार्म भेज दूँगा।,I will send the form today.,आञ तिसिङ फार्म भेज केदाञ।,aanya tisinga phaarma bheja kedaanya.
मैं आज खेत भेजूंगा.,I will send it to the farm today.,अइंग तिसिङ ओड़ोः तिसिङ गे तइना।,ainga tisinga oda़oh tisinga ge tainaa.
मैं आज ही प्रोजेक्ट भेजूंगा.,I will send the project today itself.,आञ तिसिङगे प्रोजेक्ट लेलकेदाञ।,aanya tisingage projekta lelakedaanya.
मैं आज प्लान भेजूंगा.,I will send the plan today.,आञ तिसिङ प्लान लेलकेदाञ।,aanya tisinga plaana lelakedaanya.
मैं आज शेड्यूल भेजूंगा.,I will send the schedule today.,आञ तिसिङ शेड्यूल एटेःजानाञ।,aanya tisinga shedyuula etehjaanaanya.
मैं आज सूची भेजूंगा.,I will send the list today.,आञ तिसिङ सूची लेलकेदाञ।,aanya tisinga suuchii lelakedaanya.
मैं आज डिब्बा भेज दूँगा।,I will send the box today.,आञ तिसिङ डिब्बा लेल केदाञ।,aanya tisinga dibbaa lela kedaanya.
मैं आज बैग भेज दूंगा.,I will send the bag today.,आञ तिसिङ बैग भेज केदाञ।,aanya tisinga baiga bheja kedaanya.
मैं आज ऑर्डर भेजूंगा.,I will send the order today.,आञ तिसिङ ऑर्डर रिकाञाञ।,aanya tisinga ऑrdara rikaanyaanya.
मैं आज डिलीवरी भेजूंगा.,I will send the delivery today.,आञ तिसिङ डिलीवरी लेलकेदाञञ।,aanya tisinga diliiwarii lelakedaanyanya.
मैं आज रसीद भेजूंगा.,I will send the receipt today.,आञ तिसिङ रसीद केदाञ।,aanya tisinga rasiida kedaanya.
मैं आज रिकार्ड भेजूंगा.,I will send the record today.,आञ तिसिङ रिकार्ड लेलकेदाञ।,aanya tisinga rikaarda lelakedaanya.
मैं आज फॉर्म भेजूंगा.,I will send the form today.,आञ तिसिङ फॉर्म लेलकेदाञ।,aanya tisinga phaॉrma lelakedaanya.
मैं आज पत्र भेजूंगा.,I will send the letter today.,आञ तिसिङ पत्र लेलकेदाञञ।,aanya tisinga patrara lelakedaanyanya.
मैं आज संदेश भेजूंगा.,I will send the message today.,आञ तिसिङ संदेश लेलकेदाञ।,aanya tisinga sandesha lelakedaanya.
मैं आज ही बुलावा भेजूंगा.,I will send the invitation today itself.,आञ तिसिङगे बुलावा बुलावा बुलावा जनाञ।,aanya tisingage bulaawaa bulaawaa bulaawaa janaanya.
कृपया नौकरी यहाँ लाएँ।,Please bring the job here.,ओड़ोः नेताः नौकरी नेताः लांदा।,oda़oh netaah naukarii netaah laandaa.
कृपया कार्य यहाँ लाएँ।,Please bring the work here.,नेता: रे पुरा: कार्य नेता: ला:।,netaa: re puraa: kaarya netaa: laa:.
कृपया बैठक यहाँ लाएँ।,Please bring the meeting here.,नेता: रे पुरा: बैठक नेता: ला:।,netaa: re puraa: baithaka netaa: laa:.
कृपया रिपोर्ट यहाँ लाएँ।,Please bring the report here.,नेता: रे ओड़ो: रिपोर्ट नेता: लाए।,netaa: re oda़o: riporta netaa: laae.
कृपया फ़ाइल यहाँ लाएँ।,Please bring the file here.,ओड़ो: कृपया फ़ाइल नेता: लाए।,oda़o: kripayaa pha़aaila netaa: laae.
कृपया उपकरण यहाँ लाएँ।,Please bring the equipment here.,नेता: रे नुतुम उपकरण नेता: लांदा।,netaa: re nutuma upakarana netaa: laandaa.
कृपया मशीन यहाँ लाएँ।,Please bring the machine here.,ओड़ो: कृपया मशीन नेता: लांदा।,oda़o: kripayaa mashiina netaa: laandaa.
कृपया कार्यालय यहाँ लाएँ।,Please bring the office here.,ओड़ो: कृपया कार्यालय नेता: लांदा।,oda़o: kripayaa kaaryaalaya netaa: laandaa.
कृपया दुकान यहाँ लाएँ।,Please bring the shop here.,नेता: रे ओड़ो: दुकान नेता: लांदा।,netaa: re oda़o: dukaana netaa: laandaa.
कृपया खेत यहाँ ले आओ।,Please bring the farm here.,नेता: रे नुतुम ओड़ो: नुतुम गे ताइकेना।,netaa: re nutuma oda़o: nutuma ge taaikenaa.
कृपया खेत यहाँ लाएँ।,Please bring the farm here.,नेता: रे ओड़ो: बोत नेता: लांदा।,netaa: re oda़o: bota netaa: laandaa.
कृपया प्रोजेक्ट यहां लाएं।,Please bring the project here.,नेता: रे नुतुम प्रोजेक्ट नेता: ला:।,netaa: re nutuma projekta netaa: laa:.
कृपया योजना यहाँ लाएँ।,Please bring the plan here.,एटा: योजना नेता: रे लाए:।,etaa: yojanaa netaa: re laae:.
कृपया शेड्यूल यहां लाएं।,Please find the schedule here.,नेता: रे ओड़ो: शेड्यूल नेता: ला:।,netaa: re oda़o: shedyuula netaa: laa:.
कृपया सूची यहां लाएं।,Please bring the list here.,नेता: रे ला: सूची नेता: ला:।,netaa: re laa: suuchii netaa: laa:.
कृपया बक्सा यहाँ लाएँ।,Please bring the box here.,नेता: रे नुतुम बक्सा नेता: लांदा।,netaa: re nutuma baksaa netaa: laandaa.
कृपया बैग यहाँ लाएँ।,Please bring the bag here.,नेता: रे लांदा बैग नेता: लांदा।,netaa: re laandaa baiga netaa: laandaa.
कृपया ऑर्डर यहाँ लाएँ।,Please bring your order here.,नेता: रे ओड़ो: ऑर्डर नेता: लाए।,netaa: re oda़o: ऑrdara netaa: laae.
कृपया डिलीवरी यहाँ लाएँ।,Please bring the delivery here.,नेता: रे नुतुम डिलीवरी नेता: लांदा।,netaa: re nutuma diliiwarii netaa: laandaa.
कृपया रसीद यहाँ लाएँ।,Please bring the receipt here.,नेता: रे नुतुम रसीद नेता: लांदा।,netaa: re nutuma rasiida netaa: laandaa.
कृपया रिकार्ड यहां लायें।,Please bring the record here.,नेता: रे रिकार्ड नेता: रे लयद् तइकेना,netaa: re rikaarda netaa: re layad taikenaa
कृपया फॉर्म यहां लाएं।,Please get the form here.,नेता: रे ला: फॉर्म नेता: ला:।,netaa: re laa: phaॉrma netaa: laa:.
कृपया पत्र यहाँ लाएँ।,Please bring the letter here.,नेता: रे ओड़ो: कृपया पत्र नेता: लांदा।,netaa: re oda़o: kripayaa patrara netaa: laandaa.
कृपया संदेश यहाँ लाएँ।,Please bring the message here.,ओड़ो: कृपया संदेश नेता: रे लांदा।,oda़o: kripayaa sandesha netaa: re laandaa.
कृपया कॉल यहाँ लाएँ।,Please bring the call here.,ओड़ो: कृपया कॉल नेता: लाए।,oda़o: kripayaa kaॉla netaa: laae.
उसने काम जल्दी पूरा कर लिया।,He finished the work quickly.,इनिः कामि जल्दी पूरा केदाएः।,inih kaami jaldii puuraa kedaaeh.
उसने कार्य जल्दी पूरा कर लिया।,He completed the work quickly.,इनिः कार्य जल्दी पूरा केदाएः।,inih kaarya jaldii puuraa kedaaeh.
उन्होंने बैठक जल्दी पूरी कर ली.,He finished the meeting quickly.,इनकु बैठक जल्दी पूरा केदाएः।,inaku baithaka jaldii puuraa kedaaeh.
उसने रिपोर्ट जल्दी पूरी कर ली।,He completed the report quickly.,इनिः रिपोर्ट जल्दी पूरा केदाएः।,inih riporta jaldii puuraa kedaaeh.
उसने फ़ाइल जल्दी पूरी कर ली।,He completed the file quickly.,इनिः फाइल जल्दी पूरी केदाएः।,inih phaaila jaldii puurii kedaaeh.
उसने उपकरण जल्दी पूरा कर लिया।,He completed the equipment quickly.,इनिः उपकरण जल्दी पूरा केदाएः।,inih upakarana jaldii puuraa kedaaeh.
उसने मशीन जल्दी पूरी कर ली।,He completed the machine quickly.,इनिः मशीन जल्दी पूरी केदाएः।,inih mashiina jaldii puurii kedaaeh.
उसने ऑफिस जल्दी पूरा कर लिया।,He finished office quickly.,इनी: ऑफिस जल्दी पूरा केदाए।,inii: ऑphisa jaldii puuraa kedaae.
उसने दुकान जल्दी पूरी कर ली।,He finished the shop quickly.,इनिः दुकान जल्दी पूरा केदाएः।,inih dukaana jaldii puuraa kedaaeh.
उसने खेत जल्दी पूरा कर लिया।,He completed the field quickly.,इनिःके खेत जल्दी पूरा केदाएः।,inihke kheta jaldii puuraa kedaaeh.
उसने मैदान जल्दी पूरा कर लिया।,He covered the ground quickly.,इनि: मैदान जल्दी पूरा केदाए।,ini: maidaana jaldii puuraa kedaae.
उसने प्रोजेक्ट जल्दी पूरा कर लिया।,He completed the project quickly.,इनिः प्रोजेक्ट जल्दी पूरा केदाएः।,inih projekta jaldii puuraa kedaaeh.
उसने योजना जल्दी पूरी कर ली।,He completed the plan quickly.,इनिः योजना जल्दी पूरी केदाएः।,inih yojanaa jaldii puurii kedaaeh.
उसने शेड्यूल जल्दी पूरा कर लिया।,He completed the schedule quickly.,इनिः शेड्यूल जल्दी पूरा केदाएः।,inih shedyuula jaldii puuraa kedaaeh.
उसने सूची जल्दी पूरी कर ली।,He finished the list quickly.,इनिः सूची जल्दी पूरी केदाएः।,inih suuchii jaldii puurii kedaaeh.
उसने डिब्बा जल्दी पूरा कर लिया।,He finished the box quickly.,इनिः डिब्बा जल्दी पूरा केदाएः।,inih dibbaa jaldii puuraa kedaaeh.
उसने बैग जल्दी पूरा कर लिया।,He finished the bag quickly.,इनिः बैग जल्दी पूरा केदाएः।,inih baiga jaldii puuraa kedaaeh.
उसने ऑर्डर जल्दी पूरा कर लिया.,He completed the order quickly.,इनिः ऑर्डर जल्दी पूरा केदाएः।,inih ऑrdara jaldii puuraa kedaaeh.
उसने डिलीवरी जल्दी पूरी कर ली.,He completed the delivery quickly.,इनिः डिलीवरी जल्दी पूरा केदाएः।,inih diliiwarii jaldii puuraa kedaaeh.
उसने रसीद जल्दी पूरी कर ली।,He completed the receipt quickly.,इनिः रसीद जल्दी पूरा केदाएः।,inih rasiida jaldii puuraa kedaaeh.
उसने रिकॉर्ड जल्दी पूरा कर लिया।,He completed the record quickly.,इनिः रिकॉर्ड जल्दी पूरा केदाएः।,inih rikaॉrda jaldii puuraa kedaaeh.
उसने फॉर्म जल्दी भर दिया.,He filled out the form quickly.,इनिः फॉर्म जल्दी एटेःकेदाएः।,inih phaॉrma jaldii etehkedaaeh.
उसने पत्र जल्दी पूरा कर लिया।,He finished the letter quickly.,इनिः पत्र जल्दी पूरा केदाएः।,inih patrara jaldii puuraa kedaaeh.
उसने संदेश जल्दी पूरा कर दिया।,He finished the message quickly.,इनी: संदेश जल्दी पूरा केदाए।,inii: sandesha jaldii puuraa kedaae.
उसने कॉल जल्दी पूरी कर ली.,He quickly ended the call.,इनी: कॉल जल्दी पूरी केदाए।,inii: kaॉla jaldii puurii kedaae.
हमें कार्य को अद्यतन करने की आवश्यकता है.,We need to update the job.,आले कार्य को अद्यतन रिका रआः जारुड़ु मेनाः।,aale kaarya ko adyatana rikaa raaah jaaruda़u menaah.
हमें कार्य को अद्यतन करने की आवश्यकता है.,We need to update the job.,आले कार्य को अद्यतन रिका रआः जारुड़ु मेनाः।,aale kaarya ko adyatana rikaa raaah jaaruda़u menaah.
हमें मीटिंग को अपडेट करना होगा.,We need to update the meeting.,आले मीटिंग के अपडेट रिकाएआ।,aale miitinga ke apadeta rikaaeaa.
हमें रिपोर्ट को अद्यतन करने की आवश्यकता है।,We need to update the report.,आले रिपोर्ट के अद्यतन रा: आवश्यकता मेना:।,aale riporta ke adyatana raa: aawashyakataa menaa:.
हमें फ़ाइल को अद्यतन करने की आवश्यकता है.,We need to update the file.,आले फ़ाइल के अद्यतन रा: आवश्यकता मेना:।,aale pha़aaila ke adyatana raa: aawashyakataa menaa:.
हमें टूल को अपडेट करना होगा.,We need to update the tool.,आले टूल के अपडेट केदाएः।,aale tuula ke apadeta kedaaeh.
हमें मशीन को अपडेट करना होगा.,We need to update the machine.,आले मशीन के अपडेट केदाएः।,aale mashiina ke apadeta kedaaeh.
हमें कार्यालय को अद्यतन करने की आवश्यकता है।,We need to update Office.,आले कार्यालय के अद्यतन रा: आवश्यकता मेना:।,aale kaaryaalaya ke adyatana raa: aawashyakataa menaa:.
हमें दुकान को अपडेट करना होगा.,We need to update the shop.,आले दुकान के अपडेट रिकाएआ।,aale dukaana ke apadeta rikaaeaa.
हमें फार्म को अद्यतन करने की जरूरत है।,We need to update the form.,आले फार्म के अद्यतन रा: जरूड़ी मेना:।,aale phaarma ke adyatana raa: jaruuda़ii menaa:.
हमें फ़ील्ड को अद्यतन करने की आवश्यकता है.,We need to update the field.,आले फ़ील्ड के अद्यतन रा: आवश्यकता मेना:।,aale pha़iilda ke adyatana raa: aawashyakataa menaa:.
हमें प्रोजेक्ट को अपडेट करना होगा.,We need to update the project.,आले प्रोजेक्ट के अपडेट रिकाएआ।,aale projekta ke apadeta rikaaeaa.
हमें योजना को अद्यतन करने की आवश्यकता है।,We need to update the plan.,आले योजना के अद्यतन रा: आवश्यकता मेना:।,aale yojanaa ke adyatana raa: aawashyakataa menaa:.
हमें शेड्यूल अपडेट करना होगा.,We need to update the schedule.,आले शेड्यूल अपडेट रिकाएआ।,aale shedyuula apadeta rikaaeaa.
हमें सूची को अद्यतन करने की आवश्यकता है।,We need to update the list.,आले सूची के अद्यतन रा: आवश्यकता मेना:।,aale suuchii ke adyatana raa: aawashyakataa menaa:.
हमें बॉक्स को अपडेट करना होगा.,We need to update the box.,आले बॉक्स के अपडेट रिकाएआ।,aale baॉksa ke apadeta rikaaeaa.
हमें बैग को अपडेट करना होगा.,We need to update the bag.,आले बैग के अपडेट रिकाएआ।,aale baiga ke apadeta rikaaeaa.
हमें ऑर्डर अपडेट करना होगा.,We need to update the order.,आले ऑर्डर अपडेट रिकाएआ।,aale ऑrdara apadeta rikaaeaa.
हमें डिलीवरी को अपडेट करना होगा.,We need to update the delivery.,आले डिलीवरी के अपडेट रिकाएआ।,aale diliiwarii ke apadeta rikaaeaa.
हमें रसीद को अद्यतन करना होगा.,We need to update the receipt.,आले रसीद के अद्यतन रिकाएआ।,aale rasiida ke adyatana rikaaeaa.
हमें रिकॉर्ड अपडेट करना होगा.,We need to update the records.,आले रिकॉर्ड अपडेट रिकाएआ।,aale rikaॉrda apadeta rikaaeaa.
हमें फॉर्म को अपडेट करना होगा.,We need to update the form.,आले फॉर्म के अपडेट केदाएः।,aale phaॉrma ke apadeta kedaaeh.
हमें पत्र को अद्यतन करने की आवश्यकता है.,We need to update the letter.,आले पत्र के अद्यतन रिका रआः जारुड़ु मेनाः।,aale patrara ke adyatana rikaa raaah jaaruda़u menaah.
हमें संदेश को अद्यतन करने की आवश्यकता है.,We need to update the message.,आले संदेश के अद्यतन रा: आवश्यकता मेना:।,aale sandesha ke adyatana raa: aawashyakataa menaa:.
हमें कॉल को अपडेट करना होगा.,We need to update the call.,आले कॉल के अपडेट रिकाएआ।,aale kaॉla ke apadeta rikaaeaa.
क्या आप कार्य की समीक्षा कर सकते हैं?,Can you review the work?,आम कार्यरा: समीक्षा रिकाएआ?,aama kaaryaraa: samiikshashaa rikaaeaa?
क्या आप कार्य की समीक्षा कर सकते हैं?,Can you review the work?,आम कार्यरा: समीक्षा रिकाएआ?,aama kaaryaraa: samiikshashaa rikaaeaa?
क्या आप बैठक की समीक्षा कर सकते हैं?,Can you review the meeting?,आम बैठकरा: समीक्षा रिकाएआ?,aama baithakaraa: samiikshashaa rikaaeaa?
क्या आप रिपोर्ट की समीक्षा कर सकते हैं?,Can you review the report?,आम रिपोर्टरा: समीक्षा रिकाएआ?,aama riportaraa: samiikshashaa rikaaeaa?
क्या आप फ़ाइल की समीक्षा कर सकते हैं?,Can you review the file?,आम फ़ाइलरा: समीक्षा रिकाएआ?,aama pha़aailaraa: samiikshashaa rikaaeaa?
क्या आप टूल की समीक्षा कर सकते हैं?,Can you review the tool?,आम टूल रा: समीक्षा रिकाएआ?,aama tuula raa: samiikshashaa rikaaeaa?
क्या आप मशीन की समीक्षा कर सकते हैं?,Can you review the machine?,आम मशीनरा: समीक्षा रिकाएआ?,aama mashiinaraa: samiikshashaa rikaaeaa?
क्या आप कार्यालय की समीक्षा कर सकते हैं?,Can you review The Office?,आम कार्यालयरा: समीक्षा रिकाएआ?,aama kaaryaalayaraa: samiikshashaa rikaaeaa?
क्या आप दुकान की समीक्षा कर सकते हैं?,Can you review the store?,आम दुकानरा: समीक्षा रिकाएआ?,aama dukaanaraa: samiikshashaa rikaaeaa?
क्या आप खेत की समीक्षा कर सकते हैं?,Can you review the farm?,आमा: खेत रा: समीक्षा रिकाएआ?,aamaa: kheta raa: samiikshashaa rikaaeaa?
क्या आप क्षेत्र की समीक्षा कर सकते हैं?,Can you review the area?,आम क्षेत्ररा: समीक्षा रिकाएआ?,aama kshashetrararaa: samiikshashaa rikaaeaa?
क्या आप परियोजना की समीक्षा कर सकते हैं?,Can you review the project?,आम परियोजनारा: समीक्षा रिकाएआ?,aama pariyojanaaraa: samiikshashaa rikaaeaa?
क्या आप योजना की समीक्षा कर सकते हैं?,Can you review the plan?,आम योजनारा: समीक्षा रिकाएआ?,aama yojanaaraa: samiikshashaa rikaaeaa?
क्या आप शेड्यूल की समीक्षा कर सकते हैं?,Can you review the schedule?,आम शेड्यूलरा: समीक्षा रिकाएआ?,aama shedyuularaa: samiikshashaa rikaaeaa?
क्या आप सूची की समीक्षा कर सकते हैं?,Can you review the list?,आम सूचीरा: समीक्षा रिकाएआ?,aama suuchiiraa: samiikshashaa rikaaeaa?
क्या आप बॉक्स की समीक्षा कर सकते हैं?,Can you review the box?,आम बॉक्सरा: समीक्षा रिकाएआ?,aama baॉksaraa: samiikshashaa rikaaeaa?
क्या आप बैग की समीक्षा कर सकते हैं?,Can you review the bag?,आम बैगरा: समीक्षा रिकाएआ?,aama baigaraa: samiikshashaa rikaaeaa?
क्या आप आदेश की समीक्षा कर सकते हैं?,Can you review the order?,आले आदेशरा: समीक्षा रिकाएआ?,aale aadesharaa: samiikshashaa rikaaeaa?
क्या आप डिलीवरी की समीक्षा कर सकते हैं?,Can you review the delivery?,आम डिलीवरी रा: समीक्षा रिकाएआ?,aama diliiwarii raa: samiikshashaa rikaaeaa?
क्या आप रसीद की समीक्षा कर सकते हैं?,Can you review the receipt?,आम रसीद रा: समीक्षा रिकाएआ?,aama rasiida raa: samiikshashaa rikaaeaa?
क्या आप रिकॉर्ड की समीक्षा कर सकते हैं?,Can you review the records?,आम रिकॉर्डरा: समीक्षा रिकाएआ?,aama rikaॉrdaraa: samiikshashaa rikaaeaa?
क्या आप फॉर्म की समीक्षा कर सकते हैं?,Can you review the form?,आम फॉर्म रा: समीक्षा रिकाएआ?,aama phaॉrma raa: samiikshashaa rikaaeaa?
क्या आप पत्र की समीक्षा कर सकते हैं?,Can you review the letter?,आम पत्ररा: समीक्षा रिकाएआ?,aama patrararaa: samiikshashaa rikaaeaa?
क्या आप संदेश की समीक्षा कर सकते हैं?,Can you review the message?,आम संदेशरा: समीक्षा रिकाएआ?,aama sandesharaa: samiikshashaa rikaaeaa?
क्या आप कॉल की समीक्षा कर सकते हैं?,Can you review the call?,आम कॉल रा: समीक्षा रिकाएआ?,aama kaॉla raa: samiikshashaa rikaaeaa?
काम पर ध्यान देने की जरूरत है।,There is a need to concentrate on work.,मेनदो काम रे ध्यान ओम रआः जारूड़ु मेनाः।,menado kaama re dhyaana oma raaah jaaruuda़u menaah.
कार्य पर ध्यान देने की आवश्यकता है।,There is a need to concentrate on work.,रआः कार्य रे ध्यान ओड़ोः जारुड़ु मेनाः।,raaah kaarya re dhyaana oda़oh jaaruda़u menaah.
बैठक पर ध्यान देने की जरूरत है.,There is a need to pay attention to the meeting.,ओड़ोः बैठक रे ध्यान ओड़ोः जारूड़ु मेनाः।,oda़oh baithaka re dhyaana oda़oh jaaruuda़u menaah.
रिपोर्ट पर ध्यान देने की जरूरत है.,The report needs attention.,रआः रिपोर्ट रे ध्यान ओड़ोः जारूड़ु मेनाः।,raaah riporta re dhyaana oda़oh jaaruuda़u menaah.
फ़ाइल पर ध्यान देने की ज़रूरत है.,The file needs attention.,ओड़ोः फ़ाइल रे ध्यान ओड़ोः जारुड़ु मेनाः।,oda़oh pha़aaila re dhyaana oda़oh jaaruda़u menaah.
उपकरण पर ध्यान देने की जरूरत है.,Equipment needs attention.,रआः उपकरण रे ध्यान ओड़ोः जारूड़ु मेनाः।,raaah upakarana re dhyaana oda़oh jaaruuda़u menaah.
मशीन पर ध्यान देने की जरूरत है.,The machine needs attention.,मशीन रे ध्यान ओड़ो: जारूड़ु मेना:।,mashiina re dhyaana oda़o: jaaruuda़u menaa:.
कार्यालय पर ध्यान देने की जरूरत है.,There is a need to pay attention to the office.,ओड़ोः कार्यालय रे ध्यान ओड़ोः जारूड़ु मेनाः।,oda़oh kaaryaalaya re dhyaana oda़oh jaaruuda़u menaah.
दुकान पर ध्यान देने की जरूरत है.,The shop needs attention.,ओड़ोः दुकान रे ध्यान ओड़ोः जारूड़ु मेनाः।,oda़oh dukaana re dhyaana oda़oh jaaruuda़u menaah.
खेत पर ध्यान देने की जरूरत है.,There is a need to pay attention to the farm.,ओड़ाः रे ध्यान ओड़ोः जारूड़ु मेनाः।,oda़aah re dhyaana oda़oh jaaruuda़u menaah.
इस क्षेत्र पर ध्यान देने की जरूरत है.,This area needs attention.,ने क्षेत्र रे ध्यान ओड़ो: जारूड़ु मेना:।,ne kshashetrara re dhyaana oda़o: jaaruuda़u menaa:.
परियोजना पर ध्यान देने की जरूरत है.,The project needs attention.,रआः परियोजना रे ध्यान ओड़ोः जारूड़ु मेनाः।,raaah pariyojanaa re dhyaana oda़oh jaaruuda़u menaah.
योजना पर ध्यान देने की जरूरत है.,There is a need to pay attention to the plan.,योजना रे ध्यान ओड़ो: जारूड़ु मेना:।,yojanaa re dhyaana oda़o: jaaruuda़u menaa:.
शेड्यूल पर ध्यान देने की जरूरत है.,There is a need to pay attention to the schedule.,ओड़ोः शेड्यूल रे ध्यान ओड़ोः जारूड़ु मेनाः।,oda़oh shedyuula re dhyaana oda़oh jaaruuda़u menaah.
सूची पर ध्यान देने की जरूरत है.,The list needs attention.,रआः सूची रे ध्यान देंगा रआः जारूड़ु मेनाः।,raaah suuchii re dhyaana dengaa raaah jaaruuda़u menaah.
बॉक्स पर ध्यान देने की जरूरत है.,The box needs attention.,ओड़ोः बॉक्स रे ध्यान ओड़ोः जारूड़ु मेनाः।,oda़oh baॉksa re dhyaana oda़oh jaaruuda़u menaah.
बैग पर ध्यान देने की जरूरत है.,The bag needs attention.,ओड़ोः बैग रे ध्यान ओम रआः जारूड़ु मेनाः।,oda़oh baiga re dhyaana oma raaah jaaruuda़u menaah.
आदेश पर ध्यान देने की जरूरत है.,The order needs attention.,रआः आदेश रे ध्यान ओड़ोः जारूड़ु मेनाः।,raaah aadesha re dhyaana oda़oh jaaruuda़u menaah.
डिलीवरी पर ध्यान देने की जरूरत है.,There is a need to pay attention to delivery.,ओड़ो डिलीवरी रे ध्यान ओड़ो: जारूड़ु मेना:।,oda़o diliiwarii re dhyaana oda़o: jaaruuda़u menaa:.
रसीद पर ध्यान देने की जरूरत है.,Pay attention to the receipt.,रआः रसीद रे ध्यान ओड़ोः जारूड़ु मेनाः।,raaah rasiida re dhyaana oda़oh jaaruuda़u menaah.
रिकार्ड पर ध्यान देने की जरूरत है.,There is a need to pay attention to the record.,रिकार्ड रे ध्यान ओड़ो: जारूड़ु मेना:।,rikaarda re dhyaana oda़o: jaaruuda़u menaa:.
फॉर्म पर ध्यान देने की जरूरत है.,There is a need to pay attention to form.,ओड़ोः फॉर्म रे ध्यान ओड़ोः जारूड़ु मेनाः।,oda़oh phaॉrma re dhyaana oda़oh jaaruuda़u menaah.
पत्र पर ध्यान देने की जरूरत है.,The letter needs attention.,ओड़ोः पत्र रे ध्यान ओड़ोः जारूड़ु मेनाः।,oda़oh patrara re dhyaana oda़oh jaaruuda़u menaah.
संदेश पर ध्यान देने की जरूरत है.,The message needs attention.,ओड़ोः संदेश रे ध्यान ओड़ोः जारूड़ु मेनाः।,oda़oh sandesha re dhyaana oda़oh jaaruuda़u menaah.
कॉल पर ध्यान देने की जरूरत है.,The call needs attention.,ओड़ो: कॉल रे ध्यान देंगा रा: जरूड़ी मेना:,oda़o: kaॉla re dhyaana dengaa raa: jaruuda़ii menaa:
कृपया दरवाजे से दूर रहें.,Please stay away from the door.,ओड़ो: कृपया दरवाजे ते दूर ताइना।,oda़o: kripayaa darawaaje te duura taainaa.
कृपया आग से दूर रहें.,Please stay away from fire.,ओड़ोः आग ते एटाः ताइकेना।,oda़oh aaga te etaah taaikenaa.
कृपया चाकू से दूर रहें.,Please stay away from knives.,ओड़ो: कृपया चाकू ते दूर ताइकेना।,oda़o: kripayaa chaakuu te duura taaikenaa.
कृपया मशीन से दूर रहें.,Please stay away from the machine.,ओड़ो: कृपया मशीन ते दूर ताइकेना।,oda़o: kripayaa mashiina te duura taaikenaa.
कृपया तार से दूर रहें.,Please stay away from the wire.,ओड़ो: कृपया तार ते दूर ताइकेना।,oda़o: kripayaa taara te duura taaikenaa.
कृपया सॉकेट से दूर रहें.,Please stay away from the socket.,ओड़ो: कृपया सॉकेट ते दूर तइना।,oda़o: kripayaa saॉketa te duura tainaa.
कृपया चूल्हे से दूर रहें.,Please stay away from the stove.,ओड़ो: कृपया चूल्हे ते दूर ताइकेना।,oda़o: kripayaa chuulhe te duura taaikenaa.
कृपया सीढ़ी से दूर रहें.,Please stay away from the ladder.,ओड़ो: कृपया सीढ़ी ते दूर ताइकेना।,oda़o: kripayaa siidha़ii te duura taaikenaa.
कृपया छत से दूर रहें.,Please stay off the roof.,ओड़ो: कृपया छत ते दूर ताइकेना।,oda़o: kripayaa chhata te duura taaikenaa.
कृपया कुएं से दूर रहें.,Please stay away from the well.,ओड़ो: कृपया कुना ते ओड़ो: तना।,oda़o: kripayaa kunaa te oda़o: tanaa.
कृपया गड्ढे से दूर रहें.,Please stay away from the pit.,ओड़ो: कृपया गड्ढे ते दूर ताइकेना।,oda़o: kripayaa gaddhe te duura taaikenaa.
कृपया वाहन से दूर रहें.,Please stay away from the vehicle.,ओड़ो: कृपया वाहन ते दूर तइना।,oda़o: kripayaa waahana te duura tainaa.
कृपया हेलमेट से दूर रहें.,Please stay away from helmets.,ओड़ो: कृपया हेलमेट ते दूर तइना।,oda़o: kripayaa helameta te duura tainaa.
कृपया सीट बेल्ट से दूर रहें.,Please stay away from seat belts.,ओड़ो: कृपया सीट बेल्ट ते दूर ताइकेना।,oda़o: kripayaa siita belta te duura taaikenaa.
कृपया लॉक से दूर रहें.,Please stay away from the lock.,मेनदो कृपया लॉक ते दूर ताइकेना।,menado kripayaa laॉka te duura taaikenaa.
कृपया कुंजी से दूर रहें.,Please stay away from the key.,ओड़ो: कृपया कुंजी ते दूर ताइकेना।,oda़o: kripayaa kunjii te duura taaikenaa.
कृपया दवा से दूर रहें.,Please stay away from the medicine.,ओड़ो: कृपया दवा ते दूर ताइकेना।,oda़o: kripayaa dawaa te duura taaikenaa.
कृपया बोतल से दूर रहें.,Please stay away from the bottle.,ओड़ो: कृपया बोतल ते दूर ताइकेना।,oda़o: kripayaa botala te duura taaikenaa.
कृपया बैग से दूर रहें.,Please stay away from the bag.,ओड़ो: कृपया बैग ते दूर ताइकेना।,oda़o: kripayaa baiga te duura taaikenaa.
कृपया टूल से दूर रहें.,Please stay away from the tool.,ओड़ो: कृपया टूल ते दूर तइना।,oda़o: kripayaa tuula te duura tainaa.
कृपया रस्सी से दूर रहें.,Please stay away from the rope.,ओड़ो: कृपया रस्सी ते दूर ताइकेना।,oda़o: kripayaa rassii te duura taaikenaa.
कृपया गेट से दूर रहें.,Please stay away from the gate.,ओड़ो: कृपया गेट ते दूर ताइकेना।,oda़o: kripayaa geta te duura taaikenaa.
कृपया पहले दरवाज़ा जाँचें।,Please check the door first.,नेआ सिदा दरवाजा जाँचेआ।,neaa sidaa darawaajaa jaancheaa.
कृपया पहले सड़क की जाँच करें।,Please check the road first.,नेआ सिदा सड़क राः जाँच रिकाएआ।,neaa sidaa sada़ka raah jaancha rikaaeaa.
कृपया पहले पुल की जाँच करें।,Please check the bridge first.,मेनदो सिदा पुलरा: जाँच रिकाएआ।,menado sidaa pularaa: jaancha rikaaeaa.
कृपया पहले नदी की जाँच करें।,Please check the river first.,नेआ सिदा नदी रा: जाँच रिकाएआ।,neaa sidaa nadii raa: jaancha rikaaeaa.
कृपया पुस्तक तैयार कर लें.,Please prepare the book.,ओड़ोः कृपया पुस्तक तैयार केदाएः।,oda़oh kripayaa pustaka taiyaara kedaaeh.
कृपया नोटबुक तैयार कर लें.,Please have your notebook ready.,ओड़ो: कृपया नोटबुक तैयार केदाए।,oda़o: kripayaa notabuka taiyaara kedaae.
कृपया पाठ्यपुस्तक तैयार कर लें।,Please have the textbook ready.,ओड़ो: कृपया पाठ्यपुस्तक तैयार केदाए।,oda़o: kripayaa paathyapustaka taiyaara kedaae.
कृपया कार्यपुस्तिका तैयार कर लें.,Please have the workbook ready.,ओड़ोः कृपया कार्यपुस्तिका तैयार केदाएः।,oda़oh kripayaa kaaryapustikaa taiyaara kedaaeh.
कृपया वर्कशीट तैयार कर लें.,Please prepare the worksheet.,ओड़ोः कृपया वर्कशीट तैयार केदाएः।,oda़oh kripayaa warkashiita taiyaara kedaaeh.
कृपया पेंसिल तैयार कर लें।,Please get your pencils ready.,ओड़ो: कृपया पेंसिल तैयार केदा।,oda़o: kripayaa pensila taiyaara kedaa.
कृपया इरेज़र तैयार रखें।,Please have an eraser ready.,ओड़ो: कृपया इरेज़र तैयार ताइकेना।,oda़o: kripayaa ireja़ra taiyaara taaikenaa.
कृपया रूलर तैयार कर लें.,Please have a ruler ready.,ओड़ोः कृपया रूलर तैयार केदाएः।,oda़oh kripayaa ruulara taiyaara kedaaeh.
कृपया ब्लैकबोर्ड तैयार कर लें।,Please prepare the blackboard.,ओड़ोःगे ब्लैकबोर्ड तैयार केदाएः।,oda़ohge blaikaborda taiyaara kedaaeh.
कृपया नक्शा तैयार करा लें।,Please have the map prepared.,ओड़ोः नेआ नक्शा तैयार केदाएः।,oda़oh neaa nakshaa taiyaara kedaaeh.
कृपया चार्ट तैयार कर लें.,Please prepare the chart.,ओड़ो: कृपया चार्ट तैयार केदाए।,oda़o: kripayaa chaarta taiyaara kedaae.
कृपया चित्र तैयार कर लें.,Please prepare the picture.,ओड़ोः कृपया चित्र तैयार केदाएः।,oda़oh kripayaa chitrara taiyaara kedaaeh.
कृपया शब्दकोश तैयार कर लें.,Please prepare a dictionary.,ओड़ोः कृपया शब्दकोश तैयार केदाएः।,oda़oh kripayaa shabdakosha taiyaara kedaaeh.
कृपया अभ्यास पत्रक तैयार कर लें।,Please prepare the practice sheet.,ओड़ोः कृपया अभ्यास पत्र तैयार केदाएः।,oda़oh kripayaa abhyaasa patrara taiyaara kedaaeh.
कृपया कहानी की किताब तैयार कर लें.,Please prepare the story book.,ओड़ो: कृपया कहानी रा: किताब तैयार केदा।,oda़o: kripayaa kahaanii raa: kitaaba taiyaara kedaa.
कृपया अध्याय तैयार कर लें.,Please prepare the chapter.,ओड़ो: कृपया अध्याय तैयार केदाए।,oda़o: kripayaa adhyaaya taiyaara kedaae.
कृपया गतिविधि पृष्ठ तैयार कर लें।,Please have the activity page ready.,ओड़ो: कृपया गतिविधि पृष्ठ तैयार केदा।,oda़o: kripayaa gatiwidhi prishtha taiyaara kedaa.
कृपया प्रोजेक्ट फ़ाइल तैयार कर लें.,Please prepare the project file.,ओड़ो: कृपया प्रोजेक्ट फ़ाइल तैयार केदा।,oda़o: kripayaa projekta pha़aaila taiyaara kedaa.
कृपया फ़ोल्डर तैयार कर लें.,Please prepare the folder.,ओड़ोः कृपया फ़ोल्डर तैयार केदाएः।,oda़oh kripayaa pha़oldara taiyaara kedaaeh.
कृपया पढ़ने का मार्ग तैयार कर लें।,Please prepare your reading path.,ओड़ो: कृपया पढ़व रा: मार्ग तैयार केदा।,oda़o: kripayaa padha़wa raa: maarga taiyaara kedaa.
कृपया प्रश्नपत्र तैयार कर लें।,Please prepare the question paper.,ओड़ोः कृपया प्रश्नपत्र तैयार केदाएः।,oda़oh kripayaa prashnapatrara taiyaara kedaaeh.
कृपया उत्तर पुस्तिका तैयार कर लें।,Please prepare the answer sheet.,ओड़ोः नेआ उत्तर पुस्तिका तैयार केदाएः।,oda़oh neaa uttara pustikaa taiyaara kedaaeh.
कृपया शब्दावली सूची तैयार कर लें।,Please have a vocabulary list ready.,ओड़ोः कृपया शब्दावली सूची तैयार केदाएः।,oda़oh kripayaa shabdaawalii suuchii taiyaara kedaaeh.
कृपया ड्राइंग बुक तैयार कर लें।,Please prepare your drawing book.,ओड़ो: कृपया ड्राइंग बुक तैयार केदा।,oda़o: kripayaa draainga buka taiyaara kedaa.
कृपया स्कूल डायरी तैयार कर लें।,Please prepare the school diary.,मेनदो स्कूल डायरी तैयार केदाएः।,menado skuula daayarii taiyaara kedaaeh.
कृपया पुस्तक को अपने डेस्क पर रखें।,Please put the book on your desk.,ओड़ो: कृपया पुस्तक के आपान डेस्क रे ताइकेना।,oda़o: kripayaa pustaka ke aapaana deska re taaikenaa.
कृपया नोटबुक को अपने डेस्क पर रखें।,Please put the notebook on your desk.,मेनदो नोटबुक के आपान डेस्क रे ताइकेना।,menado notabuka ke aapaana deska re taaikenaa.
कृपया पाठ्यपुस्तक को अपने डेस्क पर रखें।,Please put the textbook on your desk.,आपान पाठ्यपुस्तक के आपान डेस्क रे ताइकेना।,aapaana paathyapustaka ke aapaana deska re taaikenaa.
कृपया कार्यपुस्तिका को अपने डेस्क पर रखें।,Please place the workbook on your desk.,आपान कार्यपुस्तिका आपान डेस्क रे ताइकेना।,aapaana kaaryapustikaa aapaana deska re taaikenaa.
कृपया वर्कशीट को अपने डेस्क पर रखें।,Please place the worksheet on your desk.,एटा: वर्कशीट के आपान डेस्क रे ताइकेना।,etaa: warkashiita ke aapaana deska re taaikenaa.
कृपया पेंसिल को अपने डेस्क पर रखें।,Please put the pencil on your desk.,नुतुम पेंसिल के आपान डेस्क रे ताइकेना।,nutuma pensila ke aapaana deska re taaikenaa.
कृपया इरेज़र को अपने डेस्क पर रखें।,Please keep the eraser on your desk.,इरेज़र आपान डेस्क रे ताइकेना।,ireja़ra aapaana deska re taaikenaa.
कृपया रूलर को अपने डेस्क पर रखें।,Please put the ruler on your desk.,नुतुम रूलर अपनअः डेस्क रे तइन केना।,nutuma ruulara apanaah deska re taina kenaa.
कृपया ब्लैकबोर्ड को अपने डेस्क पर रखें।,Please place the blackboard on your desk.,मेनदो ब्लैकबोर्ड आपान डेस्क रे ताइकेना।,menado blaikaborda aapaana deska re taaikenaa.
कृपया मानचित्र को अपने डेस्क पर रखें।,Please put the map on your desk.,ओड़ो: कृपया मानचित्र को आपान डेस्क रे ताइकेना।,oda़o: kripayaa maanachitrara ko aapaana deska re taaikenaa.
कृपया चार्ट को अपने डेस्क पर रखें।,Please keep the chart on your desk.,नुतुम चार्ट के आपान डेस्क रे ताइकेना।,nutuma chaarta ke aapaana deska re taaikenaa.
कृपया चित्र को अपने डेस्क पर रखें।,Please place the picture on your desk.,ओड़ोः नुतुम चित्र आपान डेस्क रे ताइकेना।,oda़oh nutuma chitrara aapaana deska re taaikenaa.
कृपया शब्दकोश को अपने डेस्क पर रखें।,Please keep the dictionary on your desk.,ओड़ोः मेनदो शब्दकोश के आपान डेस्क रे ताइकेना।,oda़oh menado shabdakosha ke aapaana deska re taaikenaa.
कृपया व्यायाम शीट को अपने डेस्क पर रखें।,Please keep the exercise sheet on your desk.,ओड़ोः आपान व्यायाम शीट के आपान डेस्क रे ताइकेना।,oda़oh aapaana wyaayaama shiita ke aapaana deska re taaikenaa.
कृपया कहानी की किताब अपने डेस्क पर रखें।,Please put the storybook on your desk.,ओड़ोः आपान कहानी राः किताब आपान डेस्क रे ताइकेना।,oda़oh aapaana kahaanii raah kitaaba aapaana deska re taaikenaa.
कृपया अध्याय को अपने डेस्क पर रखें।,Please keep the chapter on your desk.,आपान अध्याय के आपान डेस्क रे ताइकेना।,aapaana adhyaaya ke aapaana deska re taaikenaa.
कृपया गतिविधि पृष्ठ को अपने डेस्क पर रखें।,Please keep the activity page on your desk.,नुतुम गतिविधि पृष्ठ के आपान डेस्क रे ताइकेना।,nutuma gatiwidhi prishtha ke aapaana deska re taaikenaa.
कृपया प्रोजेक्ट फ़ाइल को अपने डेस्क पर रखें।,Please keep the project file on your desk.,ओड़ो: कृपया प्रोजेक्ट फ़ाइल के आपान डेस्क रे ताइकेना।,oda़o: kripayaa projekta pha़aaila ke aapaana deska re taaikenaa.
कृपया फ़ोल्डर को अपने डेस्क पर रखें।,Please put the folder on your desk.,ओड़ोः नुतुम फ़ोल्डर आपान डेस्क रे ताइकेना।,oda़oh nutuma pha़oldara aapaana deska re taaikenaa.
कृपया पढ़ने का मार्ग अपने डेस्क पर रखें।,Please keep the reading passage on your desk.,ओड़ो: कृपया पढ़व रआः मार्ग आपान डेस्क रे ताइकेना।,oda़o: kripayaa padha़wa raaah maarga aapaana deska re taaikenaa.
कृपया प्रश्न पत्र अपने डेस्क पर रखें।,Please keep the question paper on your desk.,ओड़ोः नुतुम पत्र आपान डेस्क रे ताइकेना।,oda़oh nutuma patrara aapaana deska re taaikenaa.
कृपया उत्तर पुस्तिका अपने डेस्क पर रखें।,Please keep the answer sheet on your desk.,आपान उत्तर पुस्तिका आपान डेस्क रे ताइकेना।,aapaana uttara pustikaa aapaana deska re taaikenaa.
कृपया शब्दावली सूची अपने डेस्क पर रखें।,Please keep the vocabulary list on your desk.,ओड़ो: कृपया शब्दावली सूची आपान डेस्क रे ताइकेना।,oda़o: kripayaa shabdaawalii suuchii aapaana deska re taaikenaa.
कृपया ड्राइंग बुक अपने डेस्क पर रखें।,Please keep the drawing book on your desk.,ओड़ो: कृपया ड्राइंग बुक आपान डेस्क रे ताइकेना।,oda़o: kripayaa draainga buka aapaana deska re taaikenaa.
कृपया स्कूल डायरी अपने डेस्क पर रखें।,Please keep the school diary on your desk.,मेनदो स्कूल डायरी अपनअः डेस्क रे तइन केना।,menado skuula daayarii apanaah deska re taina kenaa.
किताब को सामने की मेज पर लाओ.,Bring the book to the front desk.,किताब के सामनेरा: मेज रे लाओःआ।,kitaaba ke saamaneraa: meja re laaohaa.
नोटबुक को सामने की मेज पर लाएँ।,Bring the notebook to the front desk.,नोटबुक के सामनेरा: मेज रे लाए:।,notabuka ke saamaneraa: meja re laae:.
पाठ्यपुस्तक को सामने की मेज पर लाएँ।,Bring the textbook to the front desk.,ओड़ो: पाठ्यपुस्तक को सामनेरा: मेज रे लांदा।,oda़o: paathyapustaka ko saamaneraa: meja re laandaa.
कार्यपुस्तिका को सामने की मेज पर लाएँ।,Bring the workbook to the front desk.,ओड़ोः कार्यपुस्तिका के सामने राः मेज रे लांदाएः।,oda़oh kaaryapustikaa ke saamane raah meja re laandaaeh.
वर्कशीट को सामने वाली टेबल पर लाएँ।,Bring the worksheet to the table in front of you.,ओड़ोः वर्कशीट के सामने रे रआः टेबल रे लांदा।,oda़oh warkashiita ke saamane re raaah tebala re laandaa.
पेंसिल को सामने की मेज पर लाओ।,Bring the pencil to the table in front of you.,पेंसिल के सामनेरा: मेज रे लाओ:आ।,pensila ke saamaneraa: meja re laao:aa.
इरेज़र को सामने वाली टेबल पर लाएँ।,Bring the eraser to the table in front of you.,इरेज़र के सामने रआः टेबल रे लाएः।,ireja़ra ke saamane raaah tebala re laaeh.
रूलर को सामने की मेज पर लाएँ।,Bring the ruler to the table in front of you.,ओड़ोः रूलर के सामनेरा: मेज रे लांदा।,oda़oh ruulara ke saamaneraa: meja re laandaa.
ब्लैकबोर्ड को सामने की मेज पर लाएँ।,Bring the blackboard to the front desk.,ब्लैकबोर्ड के सामनेरा: मेज रे लांदा।,blaikaborda ke saamaneraa: meja re laandaa.
मानचित्र को सामने वाली मेज पर लाएँ।,Bring the map to the table in front.,ओड़ो: मानचित्र को सामने रआः मेज रे लाएः।,oda़o: maanachitrara ko saamane raaah meja re laaeh.
चार्ट को सामने वाली टेबल पर लाएँ।,Bring the chart to the table in front of you.,ओड़ोः चार्ट रे सामने रेन टेबल रे लाएः।,oda़oh chaarta re saamane rena tebala re laaeh.
चित्र को सामने की मेज पर लाएँ।,Bring the picture to the front desk.,ओड़ो: चित्र को सामने रेआ मेज रे लांदा।,oda़o: chitrara ko saamane reaa meja re laandaa.
शब्दकोश को सामने की मेज पर लाएँ।,Bring the dictionary to the front desk.,ओड़ो: शब्दकोश के सामनेरा: मेज रे लांदा।,oda़o: shabdakosha ke saamaneraa: meja re laandaa.
व्यायाम शीट को सामने की मेज पर लाएँ।,Bring the exercise sheet to the front desk.,ओड़ोः व्यायाम शीट के सामनेरा: मेज रे लांदा।,oda़oh wyaayaama shiita ke saamaneraa: meja re laandaa.
कहानी की किताब को सामने की मेज पर लाएँ।,Bring the storybook to the front desk.,ओड़ो: कहानी रा: किताब के सामने रा: मेज रे लाए:,oda़o: kahaanii raa: kitaaba ke saamane raa: meja re laae:
अध्याय को सामने की मेज पर लाएँ।,Bring the chapter to the front desk.,ओड़ो: अध्याय के सामने रेआ मेज रे लांदा।,oda़o: adhyaaya ke saamane reaa meja re laandaa.
गतिविधि पृष्ठ को सामने वाली मेज पर लाएँ।,Bring the activity page to the front desk.,गतिविधि पृष्ठ के सामने रआः मेज रे लाएः।,gatiwidhi prishtha ke saamane raaah meja re laaeh.
प्रोजेक्ट फ़ाइल को सामने वाली टेबल पर लाएँ।,Bring the project file to the table in front.,एटा: प्रोजेक्ट फ़ाइल के सामने र:अ टेबल रे ला:या,etaa: projekta pha़aaila ke saamane ra:a tebala re laa:yaa
फ़ोल्डर को सामने वाली टेबल पर लाएँ।,Bring the folder to the table in front.,फ़ोल्डर के सामने रेन टेबल रे लाएः।,pha़oldara ke saamane rena tebala re laaeh.
पढ़ने के पैसेज को सामने की मेज पर लाएँ।,Bring the reading passage to the front desk.,ओड़ोः पढ़व रआः पैसाज को सामनेरा: मेज रे लाएः।,oda़oh padha़wa raaah paisaaja ko saamaneraa: meja re laaeh.
प्रश्नपत्र को सामने वाली टेबल पर लाएँ।,Bring the question paper to the table in front.,ओड़ो: प्रश्नपत्र को सामने रे रआः टेबल रे लाएः।,oda़o: prashnapatrara ko saamane re raaah tebala re laaeh.
उत्तर पुस्तिका को सामने वाली टेबल पर लाएँ।,Bring the answer sheet to the table in front.,उत्तर पुस्तिका के सामने रआः टेबल रे लाएः।,uttara pustikaa ke saamane raaah tebala re laaeh.
शब्दावली सूची को सामने वाली मेज पर लाएँ।,Bring the vocabulary list to the front desk.,ओड़ो: शब्दावली सूची को सामने रआः मेज रे लांदा।,oda़o: shabdaawalii suuchii ko saamane raaah meja re laandaa.
ड्राइंग बुक को सामने की मेज पर लाएँ।,Bring the drawing book to the front desk.,ड्राइंग बुक के सामनेरा: मेज रे लाए:।,draainga buka ke saamaneraa: meja re laae:.
स्कूल डायरी को सामने की मेज पर लाएँ।,Bring the school diary to the front desk.,स्कूल डायरी के सामनेरा: मेज रे लांदा।,skuula daayarii ke saamaneraa: meja re laandaa.
मुझे किताब दिखाओ.,Show me the book.,अइंग अइंग किताब ओमकेदाञ।,ainga ainga kitaaba omakedaanya.
मुझे नोटबुक दिखाओ.,Show me the notebook.,आञ आञ नोटबुक ओमकेदाञ।,aanya aanya notabuka omakedaanya.
मुझे पाठ्यपुस्तक दिखाओ.,Show me the textbook.,आञ आञ पाठ्यपुस्तक ओमकेदाञ।,aanya aanya paathyapustaka omakedaanya.
मुझे कार्यपुस्तिका दिखाओ.,Show me the workbook.,आञ आञ कार्यपुस्तिका ओमकेदाञ।,aanya aanya kaaryapustikaa omakedaanya.
मुझे वर्कशीट दिखाओ.,Show me the worksheet.,आञ आञ वर्कशीट ओमकेदाञ।,aanya aanya warkashiita omakedaanya.
मुझे पेंसिल दिखाओ.,Show me the pencil.,आञ आञ पेंसिल लेलकेदाञ।,aanya aanya pensila lelakedaanya.
मुझे इरेज़र दिखाओ.,Show me the eraser.,अइंग अइंग इरेज़र ओड़ोःइंग इरेज़र ओमकेदाए।,ainga ainga ireja़ra oda़ohinga ireja़ra omakedaae.
मुझे शासक दिखाओ.,Show me the ruler.,आञ आञे शासक ओलकेदाञ।,aanya aanye shaasaka olakedaanya.
मुझे ब्लैकबोर्ड दिखाओ.,Show me the blackboard.,अइंग अइंग ब्लैकबोर्ड ओलकेदाञ।,ainga ainga blaikaborda olakedaanya.
मुझे नक्शा दिखाओ.,Show me the map.,आञ आञ नक्शा ओमकेदाञ।,aanya aanya nakshaa omakedaanya.
मुझे चार्ट दिखाओ.,Show me the chart.,आञ आञ चार्ट लेलकेदाञ।,aanya aanya chaarta lelakedaanya.
मुझे तस्वीर दिखाओ।,show me the picture.,आञ आञ तस्वीर ओमकेदाञ।,aanya aanya taswiira omakedaanya.
मुझे शब्दकोश दिखाओ.,Show me the dictionary.,आञ आञ शब्दकोश ओमकेदाञ।,aanya aanya shabdakosha omakedaanya.
मुझे अभ्यास पत्रक दिखाओ.,Show me the exercise sheet.,आञ आञ अभ्यास पत्रक ओमकेदाञ।,aanya aanya abhyaasa patraraka omakedaanya.
मुझे कहानी की किताब दिखाओ.,Show me the story book.,आञ कहानी राः किताब ओमकेदाञ।,aanya kahaanii raah kitaaba omakedaanya.
मुझे अध्याय दिखाओ.,Show me the chapter.,अइंग अइंगअः अइंगअः अध्याय ओमकेदाए।,ainga aingaah aingaah adhyaaya omakedaae.
मुझे गतिविधि पृष्ठ दिखाएँ.,Show me the activity page.,आञ आञ गतिविधि पृष्ठ लेलकेदाञ।,aanya aanya gatiwidhi prishtha lelakedaanya.
मुझे प्रोजेक्ट फ़ाइल दिखाओ.,Show me the project file.,आञ आञ प्रोजेक्ट फ़ाइल ओमकेदाञ।,aanya aanya projekta pha़aaila omakedaanya.
मुझे फ़ोल्डर दिखाओ.,Show me the folder.,आञ आञ फ़ोल्डर ओमकेदाञ।,aanya aanya pha़oldara omakedaanya.
मुझे पढ़ने का मार्ग दिखाओ.,Show me the way to study.,अइंगअः अइंगअः पढ़व रेअः मार्ग ओमकेदाए।,aingaah aingaah padha़wa reah maarga omakedaae.
मुझे प्रश्नपत्र दिखाओ.,Show me the question paper.,आञ आञके प्रश्नपत्र ओमकेदाञ।,aanya aanyake prashnapatrara omakedaanya.
मुझे उत्तर पुस्तिका दिखाओ.,Show me the answer sheet.,आञ आञ उत्तर पुस्तिका ओमकेदाञ।,aanya aanya uttara pustikaa omakedaanya.
मुझे शब्दावली सूची दिखाओ.,Show me the vocabulary list.,आञ आञ शब्दावली सूची लेलकेदाञ।,aanya aanya shabdaawalii suuchii lelakedaanya.
मुझे ड्राइंग बुक दिखाओ.,Show me the drawing book.,आञ आञ ड्राइंग बुक लेलकेदाञ।,aanya aanya draainga buka lelakedaanya.
मुझे स्कूल डायरी दिखाओ.,Show me the school diary.,आञ स्कूल डायरी लेलकेदाञ।,aanya skuula daayarii lelakedaanya.
किताब को अपनी नोटबुक के पास रखें।,Place the book near your notebook.,आपान किताब के आपान नोटबुक रआः तायोम केदाएः।,aapaana kitaaba ke aapaana notabuka raaah taayoma kedaaeh.
नोटबुक को अपनी नोटबुक के पास रखें.,Keep the notebook near your notebook.,आपान नोटबुक के आपान नोटबुक के आपान नोटबुक तायोम रिकाएआ।,aapaana notabuka ke aapaana notabuka ke aapaana notabuka taayoma rikaaeaa.
पाठ्यपुस्तक को अपनी नोटबुक के पास रखें।,Keep your textbook next to your notebook.,आपान पाठ्यपुस्तक के आपान नोटबुक रआः तायोमते रिकाएआ।,aapaana paathyapustaka ke aapaana notabuka raaah taayomate rikaaeaa.
कार्यपुस्तिका को अपनी नोटबुक के पास रखें।,Keep the workbook near your notebook.,आपान कार्यपुस्तिका आपान नोटबुक रआः तायोम केदाएः।,aapaana kaaryapustikaa aapaana notabuka raaah taayoma kedaaeh.
वर्कशीट को अपनी नोटबुक के पास रखें।,Keep the worksheet near your notebook.,आपान वर्कशीट के आपान नोटबुक रआः नोटबुक तायोम केदाएः।,aapaana warkashiita ke aapaana notabuka raaah notabuka taayoma kedaaeh.
पेंसिल को अपनी नोटबुक के पास रखें।,Keep the pencil near your notebook.,पेंसिल के अपनअः नोटबुक तायोम रआः नोटबुक तायोम केदाए।,pensila ke apanaah notabuka taayoma raaah notabuka taayoma kedaae.
इरेज़र को अपनी नोटबुक के पास रखें।,Keep the eraser near your notebook.,इरेज़र आपान नोटबुक रआः नोटबुक तायोम केदाएः।,ireja़ra aapaana notabuka raaah notabuka taayoma kedaaeh.
रूलर को अपनी नोटबुक के पास रखें।,Keep the ruler near your notebook.,रूलर के आपान नोटबुक रआः नोटबुक तायोम केदाएः।,ruulara ke aapaana notabuka raaah notabuka taayoma kedaaeh.
ब्लैकबोर्ड को अपनी नोटबुक के पास रखें।,Place the blackboard near your notebook.,ब्लैकबोर्ड आपान नोटबुक रआः नोटबुक तायोम केदाएः।,blaikaborda aapaana notabuka raaah notabuka taayoma kedaaeh.
मानचित्र को अपनी नोटबुक के पास रखें।,Keep the map near your notebook.,आपान मानचित्र को आपान नोटबुक रआः तायोम रआः नमोटबुक रआः तादाएः।,aapaana maanachitrara ko aapaana notabuka raaah taayoma raaah namotabuka raaah taadaaeh.
चार्ट को अपनी नोटबुक के पास रखें।,Keep the chart near your notebook.,आपान चार्ट के अपनअः नोटबुक तायोम रआः तायोम रिकाएआ।,aapaana chaarta ke apanaah notabuka taayoma raaah taayoma rikaaeaa.
चित्र को अपनी नोटबुक के पास रखें।,Keep the picture near your notebook.,आपान चित्र के अपनअः नोटबुक रेअः तायोम रे तइन केना।,aapaana chitrara ke apanaah notabuka reah taayoma re taina kenaa.
शब्दकोश को अपनी नोटबुक के पास रखें।,Keep the dictionary near your notebook.,ओड़ोः शब्दकोश के आपान नोटबुक रआः तायोम केदाएः।,oda़oh shabdakosha ke aapaana notabuka raaah taayoma kedaaeh.
व्यायाम शीट को अपनी नोटबुक के पास रखें।,Keep the exercise sheet near your notebook.,आपान व्यायाम शीट के आपान नोटबुक रआः तायोम रआः नोटबुक तादाएः।,aapaana wyaayaama shiita ke aapaana notabuka raaah taayoma raaah notabuka taadaaeh.
कहानी की किताब को अपनी नोटबुक के पास रखें।,Keep the storybook near your notebook.,ओड़ो: कहानी रा: किताब के आपान नोटबुक तायोम रिकाएआ।,oda़o: kahaanii raa: kitaaba ke aapaana notabuka taayoma rikaaeaa.
अध्याय को अपनी नोटबुक के पास रखें।,Keep the chapter close to your notebook.,आपान अध्याय के आपान नोटबुक रआः तायोम केदाएः।,aapaana adhyaaya ke aapaana notabuka raaah taayoma kedaaeh.
गतिविधि पृष्ठ को अपनी नोटबुक के पास रखें।,Keep the activity page close to your notebook.,आपान गतिविधि पृष्ठ के आपान नोटबुक रआः नोटबुक रआः तादाएः।,aapaana gatiwidhi prishtha ke aapaana notabuka raaah notabuka raaah taadaaeh.
प्रोजेक्ट फ़ाइल को अपनी नोटबुक के पास रखें।,Keep the project file near your notebook.,आपान प्रोजेक्ट फ़ाइल के आपान नोटबुक रआः नोटबुक तादाएः।,aapaana projekta pha़aaila ke aapaana notabuka raaah notabuka taadaaeh.
फ़ोल्डर को अपनी नोटबुक के पास रखें।,Keep the folder near your notebook.,फ़ोल्डर के अपनअः नोटबुक तायोम रआः नोटबुक तायोम केदाए।,pha़oldara ke apanaah notabuka taayoma raaah notabuka taayoma kedaae.
पढ़ने के अंश को अपनी नोटबुक के पास रखें।,Keep the reading passage near your notebook.,आपान पढ़व राः अंश को आपान नोटबुक रआः तायोम तादाएः।,aapaana padha़wa raah ansha ko aapaana notabuka raaah taayoma taadaaeh.
प्रश्नपत्र को अपनी नोटबुक के पास रखें।,Keep the question paper near your notebook.,आपान प्रश्नपत्र के आपान नोटबुक रआः तायोम तादाएः।,aapaana prashnapatrara ke aapaana notabuka raaah taayoma taadaaeh.
उत्तर पुस्तिका को अपनी नोटबुक के पास रखें।,Keep the answer sheet near your notebook.,उत्तर पुस्तिका आपान नोटबुक रआः तायोम केदाएः।,uttara pustikaa aapaana notabuka raaah taayoma kedaaeh.
शब्दावली सूची को अपनी नोटबुक के पास रखें।,Keep the vocabulary list near your notebook.,ओड़ो: शब्दावली सूची आपान नोटबुक तायोम रआः नोटबुक तायोम रिकाएआ।,oda़o: shabdaawalii suuchii aapaana notabuka taayoma raaah notabuka taayoma rikaaeaa.
ड्राइंग बुक को अपनी नोटबुक के पास रखें।,Keep the drawing book near your notebook.,ड्राइंग बुक के आपान नोटबुक रआः नोटबुक तादाएः।,draainga buka ke aapaana notabuka raaah notabuka taadaaeh.
स्कूल डायरी को अपनी नोटबुक के पास रखें।,Keep your school diary near your notebook.,स्कूल स्कूल डायरी के आपान नोटबुक तायोम रआः नोटबुक तादाएः।,skuula skuula daayarii ke aapaana notabuka taayoma raaah notabuka taadaaeh.
जांचें कि आपके पास किताब है या नहीं.,Check if you have the book.,आमा: ता: रे किताब मेनाः चि का मेनाः।,aamaa: taa: re kitaaba menaah chi kaa menaah.
जाँचें कि क्या आपके पास नोटबुक है।,Check if you have a notebook.,ओकोए जाँचे चि आमाः नातिन नोटबुक मेना:।,okoe jaanche chi aamaah naatina notabuka menaa:.
जाँचें कि क्या आपके पास पाठ्यपुस्तक है।,Check if you have the textbook.,ओकोए जाँचे चि आमाः नातिन पाठ्यपुस्तक मेना:।,okoe jaanche chi aamaah naatina paathyapustaka menaa:.
जांचें कि क्या आपके पास कार्यपुस्तिका है.,Check if you have the workbook.,ओकोए जांच केदा चि आमाः नातिन कार्यपुस्तिका मेना:।,okoe jaancha kedaa chi aamaah naatina kaaryapustikaa menaa:.
जांचें कि क्या आपके पास वर्कशीट है।,Check if you have a worksheet.,ओकोए जांच केदा चि आमाः नातिन वर्कशीट मेना:।,okoe jaancha kedaa chi aamaah naatina warkashiita menaa:.
जांचें कि क्या आपके पास पेंसिल है।,Check if you have a pencil.,ओकोआ जांच मेनते जांच मेनाः चि आमाः नातिन पेंसिल मेना:।,okoaa jaancha menate jaancha menaah chi aamaah naatina pensila menaa:.
जांचें कि क्या आपके पास इरेज़र है।,Check if you have an eraser.,चि आमा: ता: इरेज़र मेना:।,chi aamaa: taa: ireja़ra menaa:.
जांचें कि क्या आपके पास रूलर है.,Check if you have a ruler.,चि आमा: पास रूलर मेना:।,chi aamaa: paasa ruulara menaa:.
जांचें कि क्या आपके पास ब्लैकबोर्ड है।,Check if you have a blackboard.,चि आमा: ता: ब्लैकबोर्ड मेना:।,chi aamaa: taa: blaikaborda menaa:.
जांचें कि क्या आपके पास नक्शा है.,Check if you have a map.,आमा: नातिन नक्शा मेना:।,aamaa: naatina nakshaa menaa:.
चेक करो कि चार्ट आपके पास है या नहीं।,Check whether you have the chart or not.,चि चार्ट आमाः नातिन मेनाः चि चार्ट आमाः तानिः मेनाः।,chi chaarta aamaah naatina menaah chi chaarta aamaah taanih menaah.
जांचें कि क्या आपके पास चित्र है.,Check if you have the picture.,आमा: ता: रे चित्र मेना:।,aamaa: taa: re chitrara menaa:.
जांचें कि क्या आपके पास शब्दकोश है.,Check if you have a dictionary.,ओकोए जांच केदा चि आमाः नातिन शब्दकोश मेना:।,okoe jaancha kedaa chi aamaah naatina shabdakosha menaa:.
जांचें कि क्या आपके पास व्यायाम शीट है।,Check if you have an exercise sheet.,ओकोए जांच केदा चि आमाः आपान व्यायाम शीट मेना:।,okoe jaancha kedaa chi aamaah aapaana wyaayaama shiita menaa:.
जांचें कि क्या आपके पास कहानी की किताब है।,Check if you have a storybook.,आमा: ता: रे कहानी रा: किताब मेना:।,aamaa: taa: re kahaanii raa: kitaaba menaa:.
जाँचें कि क्या आपके पास अध्याय है।,Check if you have the chapter.,ओकोए जाँचे चि आमाः नातिन अध्याय मेना:।,okoe jaanche chi aamaah naatina adhyaaya menaa:.
जांचें कि क्या आपके पास गतिविधि पृष्ठ है.,Check if you have an activity page.,आमा: नातिन गतिविधि पृष्ठ मेना:।,aamaa: naatina gatiwidhi prishtha menaa:.
जांचें कि क्या आपके पास प्रोजेक्ट फ़ाइल है।,Check if you have the project file.,ओकोए जांच केदा चि चि आम ता: प्रोजेक्ट फ़ाइल मेना:।,okoe jaancha kedaa chi chi aama taa: projekta pha़aaila menaa:.
जांचें कि क्या आपके पास फ़ोल्डर है.,Check if you have the folder.,आमा: ता: रे फ़ोल्डर मेना:।,aamaa: taa: re pha़oldara menaa:.
जांचें कि क्या आपके पास पढ़ने का मार्ग है।,Check if you have a reading path.,आमा: ता: रे पढ़व रा: मार्ग मेना:।,aamaa: taa: re padha़wa raa: maarga menaa:.
जांचें कि क्या आपके पास प्रश्न पत्र है।,Check if you have the question paper.,ओकोए जांच केदा चि आमाः नातिन प्रश्न पत्र मेना:।,okoe jaancha kedaa chi aamaah naatina prashna patrara menaa:.
जांचें कि आपके पास उत्तर पुस्तिका है या नहीं।,Check whether you have the answer sheet or not.,आलेआः तायोमते उत्तर पुस्तिका मेनाः चि का मेनाः।,aaleaah taayomate uttara pustikaa menaah chi kaa menaah.
जांचें कि क्या आपके पास शब्दावली सूची है।,Check if you have a vocabulary list.,ओकोए जांच केदा चि आमाः नातिन शब्दावली सूची मेना:।,okoe jaancha kedaa chi aamaah naatina shabdaawalii suuchii menaa:.
जांचें कि क्या आपके पास ड्राइंग बुक है।,Check if you have a drawing book.,चि आमा: ता: ड्राइंग बुक मेना:।,chi aamaa: taa: draainga buka menaa:.
जाँचें कि क्या आपके पास स्कूल डायरी है।,Check if you have a school diary.,ओकोआ चि आमाः पास स्कूल डायरी मेना:।,okoaa chi aamaah paasa skuula daayarii menaa:.
इस गतिविधि के लिए पुस्तक का उपयोग करें.,Use a book for this activity.,नेआ गतिविधि नातिन पुस्तक राः उपयोग मेनाः।,neaa gatiwidhi naatina pustaka raah upayoga menaah.
इस गतिविधि के लिए नोटबुक का उपयोग करें.,Use a notebook for this activity.,नेआ गतिविधि नातिन नोटबुक राः उपयोग मेनाः।,neaa gatiwidhi naatina notabuka raah upayoga menaah.
इस गतिविधि के लिए पाठ्यपुस्तक का उपयोग करें।,Use the textbook for this activity.,नेआ गतिविधि नातिन पाठ्यपुस्तक राः उपयोग मेनाः।,neaa gatiwidhi naatina paathyapustaka raah upayoga menaah.
इस गतिविधि के लिए कार्यपुस्तिका का उपयोग करें.,Use the workbook for this activity.,नेआ गतिविधि नातिन कार्यपुस्तिका राः उपयोग मेनाः।,neaa gatiwidhi naatina kaaryapustikaa raah upayoga menaah.
इस गतिविधि के लिए वर्कशीट का उपयोग करें.,Use a worksheet for this activity.,नेआ गतिविधि नातिन वर्कशीट राः उपयोग मेनाः।,neaa gatiwidhi naatina warkashiita raah upayoga menaah.
इस गतिविधि के लिए पेंसिल का उपयोग करें।,Use pencils for this activity.,नेआ गतिविधि नातिन पेंसिल राः उपयोग मेनाः।,neaa gatiwidhi naatina pensila raah upayoga menaah.
इस गतिविधि के लिए इरेज़र का उपयोग करें।,Use an eraser for this activity.,नेआ गतिविधि नातिन इरेज़र राः उपयोग मेनाः।,neaa gatiwidhi naatina ireja़ra raah upayoga menaah.
इस गतिविधि के लिए रूलर का उपयोग करें.,Use a ruler for this activity.,नेआ गतिविधि नातिन रूलर राः उपयोग मेनाः।,neaa gatiwidhi naatina ruulara raah upayoga menaah.
इस गतिविधि के लिए ब्लैकबोर्ड का उपयोग करें।,Use the blackboard for this activity.,नेआ गतिविधि नातिन ब्लैकबोर्ड राः उपयोग मेनाः।,neaa gatiwidhi naatina blaikaborda raah upayoga menaah.
इस गतिविधि के लिए मानचित्र का उपयोग करें.,Use a map for this activity.,नेआ गतिविधि नातिन मानचित्र राः उपयोग मेनाः।,neaa gatiwidhi naatina maanachitrara raah upayoga menaah.
इस गतिविधि के लिए चार्ट का उपयोग करें.,Use a chart for this activity.,नेआ गतिविधि नातिन चार्ट राः उपयोग मेनाः।,neaa gatiwidhi naatina chaarta raah upayoga menaah.
इस गतिविधि के लिए चित्र का उपयोग करें.,Use a picture for this activity.,नेआ गतिविधि नातिन चित्र राः उपयोग मेनाः।,neaa gatiwidhi naatina chitrara raah upayoga menaah.
इस गतिविधि के लिए शब्दकोश का प्रयोग करें.,Use a dictionary for this activity.,नेआ गतिविधि नातिन शब्दकोश राः प्रयोग मेनाः।,neaa gatiwidhi naatina shabdakosha raah prayoga menaah.
इस गतिविधि के लिए अभ्यास शीट का उपयोग करें।,Use the practice sheet for this activity.,नेआ गतिविधि नातिन अभ्यास शीट राः उपयोग मेनाः।,neaa gatiwidhi naatina abhyaasa shiita raah upayoga menaah.
इस गतिविधि के लिए कहानी की किताब का उपयोग करें।,Use a storybook for this activity.,नेआ गतिविधि नातिन कहानीरा: किताब रा: उपयोग मेनाः।,neaa gatiwidhi naatina kahaaniiraa: kitaaba raa: upayoga menaah.
इस गतिविधि के लिए अध्याय का उपयोग करें.,Use the chapter for this activity.,नेआ गतिविधि नातिन अध्याय राः उपयोग मेनाः।,neaa gatiwidhi naatina adhyaaya raah upayoga menaah.
इस गतिविधि के लिए गतिविधि पृष्ठ का उपयोग करें.,Use the Activities page for this activity.,नेआ गतिविधि नातिन गतिविधि पृष्ठ राः उपयोग मेनाः।,neaa gatiwidhi naatina gatiwidhi prishtha raah upayoga menaah.
इस गतिविधि के लिए प्रोजेक्ट फ़ाइल का उपयोग करें.,Use the project file for this activity.,नेआ गतिविधि नातिन प्रोजेक्ट फ़ाइल राः उपयोग मेनाः।,neaa gatiwidhi naatina projekta pha़aaila raah upayoga menaah.
इस गतिविधि के लिए फ़ोल्डर का उपयोग करें.,Use a folder for this activity.,नेआ गतिविधि नातिन फ़ोल्डर राः उपयोग मेनाः।,neaa gatiwidhi naatina pha़oldara raah upayoga menaah.
इस गतिविधि के लिए पठन अनुच्छेद का उपयोग करें।,Use the reading passage for this activity.,नेआ गतिविधि नातिन पठन अनुच्छेद राः उपयोग मेनाः।,neaa gatiwidhi naatina pathana anuchchheda raah upayoga menaah.
इस गतिविधि के लिए प्रश्न पत्र का उपयोग करें।,Use the question paper for this activity.,नेआ गतिविधि नातिन प्रश्न पत्र राः उपयोग मेनाः।,neaa gatiwidhi naatina prashna patrara raah upayoga menaah.
इस गतिविधि के लिए उत्तर पुस्तिका का उपयोग करें।,Use the answer sheet for this activity.,नेआ गतिविधि नातिन उत्तर पुस्तिका राः उपयोग मेनाः।,neaa gatiwidhi naatina uttara pustikaa raah upayoga menaah.
इस गतिविधि के लिए शब्दावली सूची का उपयोग करें।,Use a vocabulary list for this activity.,नेआ गतिविधि नातिन शब्दावली सूची राः उपयोग मेनाः।,neaa gatiwidhi naatina shabdaawalii suuchii raah upayoga menaah.
इस गतिविधि के लिए ड्राइंग बुक का उपयोग करें।,Use a drawing book for this activity.,नेआ गतिविधि नातिन ड्राइंग बुक राः उपयोग मेनाः।,neaa gatiwidhi naatina draainga buka raah upayoga menaah.
इस गतिविधि के लिए स्कूल डायरी का उपयोग करें।,Use the school diary for this activity.,नेआ गतिविधि नातिन स्कूल डायरी राः उपयोग मेनाः।,neaa gatiwidhi naatina skuula daayarii raah upayoga menaah.
अगले कार्य के लिए पुस्तक तैयार रखें।,Keep the book ready for the next task.,नेआ कार्य राः नातिन पुस्तक तैयार ताइकेना।,neaa kaarya raah naatina pustaka taiyaara taaikenaa.
अगले कार्य के लिए नोटबुक तैयार रखें।,Keep your notebook ready for the next task.,नेआ कार्यरा: नातिन नोटबुक तैयार ताइकेना।,neaa kaaryaraa: naatina notabuka taiyaara taaikenaa.
अगले कार्य के लिए पाठ्यपुस्तक तैयार रखें।,Have the textbook ready for the next assignment.,नेआ कार्यरा: नातिन पाठ्यपुस्तक तैयार ताइकेना।,neaa kaaryaraa: naatina paathyapustaka taiyaara taaikenaa.
अगले कार्य के लिए कार्यपुस्तिका तैयार रखें।,Have the workbook ready for the next task.,नेआ कार्यपुस्तिका ते कार्यपुस्तिका तैयार ताइकेना।,neaa kaaryapustikaa te kaaryapustikaa taiyaara taaikenaa.
अगले कार्य के लिए वर्कशीट तैयार रखें।,Have the worksheet ready for the next task.,एटा: कार्य रा: नातिन वर्कशीट तैयार ताइकेना।,etaa: kaarya raa: naatina warkashiita taiyaara taaikenaa.
पेंसिल को अगले कार्य के लिए तैयार रखें।,Keep the pencil ready for the next task.,एटा: पेंसिल के अगले कार्य नातिन तैयार रिकाएआ।,etaa: pensila ke agale kaarya naatina taiyaara rikaaeaa.
इरेज़र को अगले कार्य के लिए तैयार रखें।,Keep the eraser ready for the next task.,इरेज़र सोबेन कार्य नातिन तेयार रिकाकेदाएः।,ireja़ra sobena kaarya naatina teyaara rikaakedaaeh.
अगले कार्य के लिए रूलर को तैयार रखें।,Keep the ruler ready for the next task.,सोबेन कार्य नातिन रूलर के तैयार रिकाएआ।,sobena kaarya naatina ruulara ke taiyaara rikaaeaa.
अगले कार्य के लिए ब्लैकबोर्ड तैयार रखें।,Have the blackboard ready for the next task.,नेआ कार्य नातिन ब्लैकबोर्ड तैयार रिकाएआ।,neaa kaarya naatina blaikaborda taiyaara rikaaeaa.
अगले कार्य के लिए मानचित्र तैयार रखें।,Have a map ready for the next task.,नेआ कार्यरा: नातिन मानचित्र तैयार ताइकेना।,neaa kaaryaraa: naatina maanachitrara taiyaara taaikenaa.
अगले कार्य के लिए चार्ट तैयार रखें।,Keep the chart ready for the next task.,नेआ कार्य राः नातिन चार्ट तैयार केदाएः।,neaa kaarya raah naatina chaarta taiyaara kedaaeh.
अगले कार्य के लिए चित्र तैयार रखें.,Have the picture ready for the next task.,नेआ कार्य राः नातिन चित्र तैयार ताइकेना।,neaa kaarya raah naatina chitrara taiyaara taaikenaa.
अगले कार्य के लिए शब्दकोश तैयार रखें।,Have a dictionary ready for the next task.,नातिन कार्यरा: नातिन शब्दकोश तैयार ताइकेना।,naatina kaaryaraa: naatina shabdakosha taiyaara taaikenaa.
अगले कार्य के लिए अभ्यास पत्रक तैयार रखें।,Keep the practice sheet ready for the next task.,आयार कार्य नातिन अभ्यास पत्रक तैयार रिकाएआ।,aayaara kaarya naatina abhyaasa patraraka taiyaara rikaaeaa.
अगले कार्य के लिए कहानी की किताब तैयार रखें।,Have the storybook ready for the next task.,नेआ कार्यरा: नातिन कहानी रा: किताब तैयार ताइकेना।,neaa kaaryaraa: naatina kahaanii raa: kitaaba taiyaara taaikenaa.
अगले कार्य के लिए अध्याय तैयार रखें।,Have the chapter ready for the next task.,नेआ कार्य राः नातिन अध्याय तैयार ताइकेना।,neaa kaarya raah naatina adhyaaya taiyaara taaikenaa.
अगले कार्य के लिए गतिविधि पृष्ठ तैयार रखें।,Have the activity page ready for the next task.,आयार कार्य नातिन गतिविधि पृष्ठ तैयार रिकाएआ।,aayaara kaarya naatina gatiwidhi prishtha taiyaara rikaaeaa.
अगले कार्य के लिए प्रोजेक्ट फ़ाइल तैयार रखें।,Keep the project file ready for the next task.,आयार कार्य राः नातिन प्रोजेक्ट फ़ाइल तैयार रिकाएआ।,aayaara kaarya raah naatina projekta pha़aaila taiyaara rikaaeaa.
अगले कार्य के लिए फ़ोल्डर तैयार रखें.,Have the folder ready for the next task.,एटा: कार्य रा: नातिन फ़ोल्डर तैयार ताइकेना।,etaa: kaarya raa: naatina pha़oldara taiyaara taaikenaa.
अगले कार्य के लिए पाठ्यांश तैयार रखें।,Have the text ready for the next task.,नातिन कार्यरा: नातिन पाठ्यांश तैयार ताइकेना।,naatina kaaryaraa: naatina paathyaansha taiyaara taaikenaa.
अगले कार्य के लिए प्रश्न पत्र तैयार रखें।,Keep the question paper ready for the next task.,एटा: कार्य रा: नातिन प्रश्न पत्र तैयार ताइकेना।,etaa: kaarya raa: naatina prashna patrara taiyaara taaikenaa.
अगले कार्य के लिए उत्तर पुस्तिका तैयार रखें।,Keep the answer sheet ready for the next task.,नेआ कार्यरा: नातिन उत्तर पुस्तिका तैयार ताइकेना।,neaa kaaryaraa: naatina uttara pustikaa taiyaara taaikenaa.
अगले कार्य के लिए शब्दावली सूची तैयार रखें।,Have a vocabulary list ready for the next task.,नेआ कार्यरा: नातिन शब्दावली सूची तैयार ताइकेना।,neaa kaaryaraa: naatina shabdaawalii suuchii taiyaara taaikenaa.
अगले कार्य के लिए ड्राइंग बुक तैयार रखें।,Keep the drawing book ready for the next task.,एटा: कार्य नातिन ड्राइंग बुक तैयार रिका केदा।,etaa: kaarya naatina draainga buka taiyaara rikaa kedaa.
अगले कार्य के लिए स्कूल डायरी तैयार रखें।,Keep the school diary ready for the next task.,आयार कार्य नातिन स्कूल डायरी तैयार रिकाएआ।,aayaara kaarya naatina skuula daayarii taiyaara rikaaeaa.
किताब मत खोना.,Don't lose the book.,ओड़ो: किताब मत खोबाओआ।,oda़o: kitaaba mata khobaaoaa.
नोटबुक मत खोना.,Don't lose your notebook.,मेनदो नोटबुक मत खोबाओआ।,menado notabuka mata khobaaoaa.
पाठ्यपुस्तक न खोएं.,Don't lose your textbook.,ओड़ो: पाठ्यपुस्तक न खोबाओआ।,oda़o: paathyapustaka na khobaaoaa.
कार्यपुस्तिका न खोएं.,Don't lose your workbook.,ओड़ोः कार्यपुस्तिका नमोः जना।,oda़oh kaaryapustikaa namoh janaa.
वर्कशीट न खोएं.,Don't lose worksheets.,ओड़ोः वर्कशीट नमोः जना।,oda़oh warkashiita namoh janaa.
पेंसिल मत खोना.,Don't lose the pencil.,मेनदो पेंसिल मत खोबाओःआ।,menado pensila mata khobaaohaa.
इरेज़र न खोएं.,Don't lose the eraser.,मेनदो इरेज़र नमोः केदाएः।,menado ireja़ra namoh kedaaeh.
शासक को मत खोना.,Don't lose the ruler.,ओड़ोः शासक के मत खोबाओःआ।,oda़oh shaasaka ke mata khobaaohaa.
ब्लैकबोर्ड मत खोना.,Don't lose the blackboard.,ब्लैकबोर्ड मत खोबाओःआ।,blaikaborda mata khobaaohaa.
मानचित्र न खोएं.,Don't lose the map.,ओड़ोः मानचित्र नमोः रिकाएआ।,oda़oh maanachitrara namoh rikaaeaa.
चार्ट मत खोना.,Don't lose the chart.,ओड़ो: चार्ट मत खोबाओआ।,oda़o: chaarta mata khobaaoaa.
चित्र मत खोना.,Don't lose the picture.,ओड़ो: चित्र मत खोबाओआ।,oda़o: chitrara mata khobaaoaa.
शब्दकोश मत खोना.,Don't lose the dictionary.,ओड़ो: शब्दकोश मत खोबोर जना।,oda़o: shabdakosha mata khobora janaa.
व्यायाम शीट न खोएं.,Don't lose your exercise sheets.,ओड़ोः व्यायाम शीट नमोः जना।,oda़oh wyaayaama shiita namoh janaa.
कहानी की किताब मत खोना.,Don't lose the storybook.,ओड़ो: कहानी रा: किताब मत खोबाओआ।,oda़o: kahaanii raa: kitaaba mata khobaaoaa.
अध्याय मत खोना.,Don't miss the chapter.,ओड़ो: अध्याय मत खोबाओआ।,oda़o: adhyaaya mata khobaaoaa.
गतिविधि पृष्ठ न खोएं.,Don't miss the activity page.,ओड़ो: गतिविधि पृष्ठ न खोबाओआ।,oda़o: gatiwidhi prishtha na khobaaoaa.
प्रोजेक्ट फ़ाइल न खोएं.,Don't lose the project file.,एटा: प्रोजेक्ट फ़ाइल न खोबाओआ।,etaa: projekta pha़aaila na khobaaoaa.
फ़ोल्डर न खोएं.,Don't lose the folder.,ओड़ो: फ़ोल्डर न खोबाओआ।,oda़o: pha़oldara na khobaaoaa.
पढ़ने का मार्ग न खोएं.,Don't lose your way reading.,ओड़ोः पढ़व राः मार्ग नमोःआ।,oda़oh padha़wa raah maarga namohaa.
प्रश्नपत्र न खोएं.,Do not lose the question paper.,ओड़ोः प्रश्नपत्र नमोः जना।,oda़oh prashnapatrara namoh janaa.
उत्तर पुस्तिका न खोएं.,Do not lose the answer sheet.,एटा: उत्तर पुस्तिका न खोबाओआ।,etaa: uttara pustikaa na khobaaoaa.
शब्दावली सूची न खोएं.,Don't lose the vocabulary list.,ओड़ोः शब्दावली सूची नमोः जना।,oda़oh shabdaawalii suuchii namoh janaa.
ड्राइंग बुक मत खोना.,Don't lose the drawing book.,ओड़ो: ड्राइंग बुक मत खोबाओआ।,oda़o: draainga buka mata khobaaoaa.
स्कूल डायरी मत खोना.,Don't lose your school diary.,स्कूल स्कूल डायरी मत खोबाओआ।,skuula skuula daayarii mata khobaaoaa.
कृपया गतिविधि के बाद पुस्तक वापस कर दें।,Please return the book after the activity.,ओड़ो: कृपया गतिविधि तायोमते पुस्तक वापस केदा।,oda़o: kripayaa gatiwidhi taayomate pustaka waapasa kedaa.
कृपया गतिविधि के बाद नोटबुक वापस कर दें।,Please return the notebook after the activity.,नुतुम गतिविधि तायोमते नोटबुक वापस केदा।,nutuma gatiwidhi taayomate notabuka waapasa kedaa.
कृपया गतिविधि के बाद पाठ्यपुस्तक वापस कर दें।,Please return the textbook after the activity.,ओड़ो: कृपया गतिविधि तायोम ते पाठ्यपुस्तक वापस केदा।,oda़o: kripayaa gatiwidhi taayoma te paathyapustaka waapasa kedaa.
कृपया गतिविधि के बाद कार्यपुस्तिका वापस कर दें।,Please return the workbook after the activity.,ओड़ोः नुतुम गतिविधि तायोमते कार्यपुस्तिका वापस केदा।,oda़oh nutuma gatiwidhi taayomate kaaryapustikaa waapasa kedaa.
कृपया गतिविधि के बाद वर्कशीट वापस कर दें।,Please return the worksheet after the activity.,ओड़ो: कृपया गतिविधि तायोमते वर्कशीट वापस केदा।,oda़o: kripayaa gatiwidhi taayomate warkashiita waapasa kedaa.
कृपया गतिविधि के बाद पेंसिल वापस कर दें।,Please return the pencils after the activity.,मेनदो कृपया गतिविधि तायोमते पेंसिल वापस केदा।,menado kripayaa gatiwidhi taayomate pensila waapasa kedaa.
कृपया गतिविधि के बाद इरेज़र वापस कर दें।,Please return the eraser after the activity.,ओड़ोः पुराः गतिविधि तायोमते इरेज़र रिकाकेदाएः।,oda़oh puraah gatiwidhi taayomate ireja़ra rikaakedaaeh.
कृपया गतिविधि के बाद रूलर वापस कर दें।,Please return the ruler after the activity.,ओड़ो: कृपया गतिविधि तायोम रूलर वापस केदा।,oda़o: kripayaa gatiwidhi taayoma ruulara waapasa kedaa.
कृपया गतिविधि के बाद ब्लैकबोर्ड वापस कर दें।,Please return the blackboard after the activity.,नुतुम गतिविधि तायोमते ब्लैकबोर्ड वापस केदा।,nutuma gatiwidhi taayomate blaikaborda waapasa kedaa.
कृपया गतिविधि के बाद मानचित्र वापस कर दें।,Please return the map after the activity.,ओड़ो: कृपया गतिविधि तायोमते मानचित्र वापस केदा।,oda़o: kripayaa gatiwidhi taayomate maanachitrara waapasa kedaa.
कृपया गतिविधि के बाद चार्ट वापस कर दें।,Please return the chart after the activity.,मेनदो कृपया गतिविधि तायोमते चार्ट वापस केदा।,menado kripayaa gatiwidhi taayomate chaarta waapasa kedaa.
कृपया गतिविधि के बाद चित्र वापस कर दें।,Please return the pictures after the activity.,ओड़ो: कृपया गतिविधि तायोमते चित्र वापस केदा।,oda़o: kripayaa gatiwidhi taayomate chitrara waapasa kedaa.
कृपया गतिविधि के बाद शब्दकोश वापस कर दें।,Please return the dictionary after the activity.,नेआ गतिविधि तायोमते शब्दकोश ओल केदाएः।,neaa gatiwidhi taayomate shabdakosha ola kedaaeh.
कृपया गतिविधि के बाद अभ्यास पत्रक वापस कर दें।,Please return the practice sheet after the activity.,ओड़ो: कृपया गतिविधि तायोमते अभ्यास पत्र वापस केदा।,oda़o: kripayaa gatiwidhi taayomate abhyaasa patrara waapasa kedaa.
कृपया गतिविधि के बाद कहानी की किताब वापस कर दें।,Please return the storybook after the activity.,नेआ गतिविधि तायोमते कहानी राः किताब ओड़ोःआ।,neaa gatiwidhi taayomate kahaanii raah kitaaba oda़ohaa.
कृपया गतिविधि के बाद अध्याय लौटाएँ।,Please return the chapter after the activity.,अदिका गतिविधि तायोमते अध्याय लौटय,adikaa gatiwidhi taayomate adhyaaya lautaya
कृपया गतिविधि के बाद गतिविधि पृष्ठ वापस लौटाएँ।,Please return to the activity page after the activity.,मेनदो गतिविधि तायोमते गतिविधि पृष्ठ वापस लौटय,menado gatiwidhi taayomate gatiwidhi prishtha waapasa lautaya
कृपया गतिविधि के बाद प्रोजेक्ट फ़ाइल वापस कर दें।,Please return the project file after the activity.,ओड़ो: कृपया गतिविधि तायोमते प्रोजेक्ट फ़ाइल वापस केदा।,oda़o: kripayaa gatiwidhi taayomate projekta pha़aaila waapasa kedaa.
कृपया गतिविधि के बाद फ़ोल्डर वापस कर दें।,Please return the folder after the activity.,ओड़ो: कृपया गतिविधि तायोमते फ़ोल्डर वापस केदा।,oda़o: kripayaa gatiwidhi taayomate pha़oldara waapasa kedaa.
कृपया गतिविधि के बाद पढ़ने का अंश वापस कर दें।,Please return the reading passage after the activity.,ओड़ोः कृपया गतिविधि तायोमते पढ़व राः अंश रिका केदाएः।,oda़oh kripayaa gatiwidhi taayomate padha़wa raah ansha rikaa kedaaeh.
कृपया गतिविधि के बाद प्रश्न पत्र वापस कर दें।,Please return the question paper after the activity.,ओड़ो: कृपया गतिविधि तायोमते प्रश्न पत्र वापस केदा।,oda़o: kripayaa gatiwidhi taayomate prashna patrara waapasa kedaa.
कृपया गतिविधि के बाद उत्तर पुस्तिका वापस कर दें।,Please return the answer sheet after the activity.,मेनदो कृपया गतिविधि तायोमते उत्तर पुस्तिका वापस केदा।,menado kripayaa gatiwidhi taayomate uttara pustikaa waapasa kedaa.
कृपया गतिविधि के बाद शब्दावली सूची लौटाएँ।,Please return the vocabulary list after the activity.,ओड़ोः नेआ गतिविधि तायोमते शब्दावली सूची लौटयना।,oda़oh neaa gatiwidhi taayomate shabdaawalii suuchii lautayanaa.
कृपया गतिविधि के बाद ड्राइंग बुक वापस कर दें।,Please return the drawing book after the activity.,नुतुम गतिविधि तायोमते ड्राइंग बुक रिका केदा।,nutuma gatiwidhi taayomate draainga buka rikaa kedaa.
कृपया गतिविधि के बाद स्कूल डायरी वापस कर दें।,Please return the school diary after the activity.,नेआ गतिविधि तायोमते स्कूल डायरी वापस केदा।,neaa gatiwidhi taayomate skuula daayarii waapasa kedaa.
चुपचाप पाठ पढ़ें.,Read the text silently.,चुपचाप पाठ पढ़व केदाए।,chupachaapa paatha padha़wa kedaae.
शीर्षक चुपचाप पढ़ें.,Read the title silently.,शीर्षक चुपचाप पढ़व केदाए।,shiirshaka chupachaapa padha़wa kedaae.
पैराग्राफ को चुपचाप पढ़ें.,Read the paragraph silently.,ओड़ो: पैराग्राफ के बेसे पढ़ाव पढ़व केदा।,oda़o: pairaagraapha ke bese padha़aawa padha़wa kedaa.
प्रश्न को चुपचाप पढ़ें.,Read the question silently.,ओड़ो: प्रश्न को चुपचाप पढ़व केदा।,oda़o: prashna ko chupachaapa padha़wa kedaa.
उत्तर चुपचाप पढ़ें.,Read the answer silently.,ओड़ोः उत्तर चुपचाप पढ़व जना।,oda़oh uttara chupachaapa padha़wa janaa.
कहानी चुपचाप पढ़ो.,Read the story quietly.,ओड़ो: कहानी चुपचाप पढ़ाओआ।,oda़o: kahaanii chupachaapa padha़aaoaa.
कविता चुपचाप पढ़ें.,Read the poem silently.,ओड़ोः कविता चुपचाप पढ़व जना।,oda़oh kawitaa chupachaapa padha़wa janaa.
संवाद चुपचाप पढ़ें.,Read the dialogue silently.,ओड़ोः संवाद चुपचाप पढ़व केदाएः।,oda़oh sanwaada chupachaapa padha़wa kedaaeh.
अभ्यास को चुपचाप पढ़ें.,Read the exercise silently.,ओड़ो: अभ्यास के बेसे पढ़ाव पढ़व केदा।,oda़o: abhyaasa ke bese padha़aawa padha़wa kedaa.
उदाहरण चुपचाप पढ़ें.,Read the example silently.,एटा: उदाहरण चुपचाप पढ़व केदा।,etaa: udaaharana chupachaapa padha़wa kedaa.
कैप्शन को चुपचाप पढ़ें.,Read the caption silently.,ओड़ो: कैप्शन के बेसे पढ़ाव पढ़व केदा।,oda़o: kaipshana ke bese padha़aawa padha़wa kedaa.
चार्ट को चुपचाप पढ़ें.,Read the chart silently.,ओड़ो: चार्ट को पुरा: पढ़व केदा।,oda़o: chaarta ko puraa: padha़wa kedaa.
मानचित्र को चुपचाप पढ़ें.,Read the map silently.,ओड़ो: मानचित्र को बेसे पढ़ाव पढ़व केदा।,oda़o: maanachitrara ko bese padha़aawa padha़wa kedaa.
तालिका को चुपचाप पढ़ें.,Read the table silently.,ओड़ो: तालिका के बेसे पढ़ाव पढ़व केदा।,oda़o: taalikaa ke bese padha़aawa padha़wa kedaa.
परिभाषा को चुपचाप पढ़ें.,Read the definition silently.,रआः परिभाषा को बेसे पढ़व केदाएः।,raaah paribhaashaa ko bese padha़wa kedaaeh.
निर्देश चुपचाप पढ़ें.,Read the instructions quietly.,निर्देश चुपचाप पढ़व केदाए।,nirdesha chupachaapa padha़wa kedaae.
गतिविधि को चुपचाप पढ़ें.,Read the activity silently.,रआः गतिविधि को बेसे पढ़व केदाएः।,raaah gatiwidhi ko bese padha़wa kedaaeh.
प्रोजेक्ट को चुपचाप पढ़ें.,Read the project silently.,एटा: प्रोजेक्ट के बेसे पढ़ाव पढ़व केदाए।,etaa: projekta ke bese padha़aawa padha़wa kedaae.
नोट को चुपचाप पढ़ें.,Read the note silently.,ओड़ो: नोट को चुपचाप पढ़व जना।,oda़o: nota ko chupachaapa padha़wa janaa.
शब्द को चुपचाप पढ़ें.,Read the word silently.,ओड़ोः शब्द को सोबेन लेलकेआते पढ़व केदा।,oda़oh shabda ko sobena lelakeaate padha़wa kedaa.
वाक्य को चुपचाप पढ़ें.,Read the sentence silently.,ओड़ोः वाक्य के चुपचाप पढ़व केदा।,oda़oh waakya ke chupachaapa padha़wa kedaa.
शीर्षक चुपचाप पढ़ें.,Read the title silently.,शीर्षक चुपचाप पढ़व केदाए।,shiirshaka chupachaapa padha़wa kedaae.
अध्याय को चुपचाप पढ़ें.,Read the chapter silently.,ओड़ो: अध्याय के बेसे पढ़ाव पढ़व केदा।,oda़o: adhyaaya ke bese padha़aawa padha़wa kedaa.
अनुभाग को चुपचाप पढ़ें.,Read the section silently.,ओड़ोः अनुभाग के बेसे पढ़व केदाएः।,oda़oh anubhaaga ke bese padha़wa kedaaeh.
चुपचाप जीवनी पढ़ो.,Read the biography quietly.,मगर चुपचाप जीवनी पढ़ाव तनाए।,magara chupachaapa jiiwanii padha़aawa tanaae.
पाठ को ज़ोर से पढ़ें.,Read the text aloud.,ओड़ो: पाठ को जोर ते पढ़ाव जना।,oda़o: paatha ko jora te padha़aawa janaa.
शीर्षक ज़ोर से पढ़ें.,Read the title out loud.,शीर्षक जोर ते पढ़ाव तनाए।,shiirshaka jora te padha़aawa tanaae.
अनुच्छेद को ज़ोर से पढ़ें.,Read the paragraph aloud.,रआः अनुच्छेद के जोर ते पढ़व जना।,raaah anuchchheda ke jora te padha़wa janaa.
प्रश्न को ज़ोर से पढ़ें.,Read the question out loud.,ओड़ो: प्रश्न के जोर ते पढ़ाव जना।,oda़o: prashna ke jora te padha़aawa janaa.
उत्तर ज़ोर से पढ़ें.,Read the answer out loud.,ओड़ोः उत्तर जोर ते पढ़व जना।,oda़oh uttara jora te padha़wa janaa.
कहानी ज़ोर से पढ़ें.,Read the story aloud.,ओड़ो: कहानी जोर ते पढ़ाव जना।,oda़o: kahaanii jora te padha़aawa janaa.
कविता ज़ोर से पढ़ें.,Read the poem aloud.,ओड़ो: कविता जोर ते पढ़ाव जना।,oda़o: kawitaa jora te padha़aawa janaa.
संवाद ज़ोर से पढ़ें.,Read the dialogue out loud.,नेआ संवाद जोर ते पढ़ाव जना।,neaa sanwaada jora te padha़aawa janaa.
अभ्यास को ज़ोर से पढ़ें.,Read the exercise out loud.,ओड़ो: अभ्यास के जोर ते पढ़ाव।,oda़o: abhyaasa ke jora te padha़aawa.
उदाहरण को ज़ोर से पढ़ें.,Read the example aloud.,ओड़ो: उदाहरण के जोर ते पढ़ाव केदा।,oda़o: udaaharana ke jora te padha़aawa kedaa.
कैप्शन को जोर से पढ़ें.,Read the caption aloud.,ओड़ो: कैप्शन के जोर ते पढ़ाव,oda़o: kaipshana ke jora te padha़aawa
चार्ट को ज़ोर से पढ़ें.,Read the chart out loud.,रआः चार्ट को जोर ते पढ़व जना।,raaah chaarta ko jora te padha़wa janaa.
मानचित्र को ज़ोर से पढ़ें.,Read the map out loud.,ओड़ो: मानचित्र को जोर ते पढ़ाव जना।,oda़o: maanachitrara ko jora te padha़aawa janaa.
तालिका को ज़ोर से पढ़ें.,Read the table aloud.,ओड़ो: तालिका को जोर ते पढ़ाव जना।,oda़o: taalikaa ko jora te padha़aawa janaa.
परिभाषा को ज़ोर से पढ़ें.,Read the definition out loud.,ओड़ो: परिभाषा को जोर ते पढ़ाव जना।,oda़o: paribhaashaa ko jora te padha़aawa janaa.
निर्देश ज़ोर से पढ़ें.,Read the instructions out loud.,निर्देश जोर ते पढ़ाव जना।,nirdesha jora te padha़aawa janaa.
गतिविधि को ज़ोर से पढ़ें.,Read the activity aloud.,रआः गतिविधि को जोर ते पढ़व जना।,raaah gatiwidhi ko jora te padha़wa janaa.
प्रोजेक्ट को ज़ोर से पढ़ें.,Read the project aloud.,एटा: प्रोजेक्ट के जोर ते पढ़ाव केदा।,etaa: projekta ke jora te padha़aawa kedaa.
नोट को ज़ोर से पढ़ें.,Read the note out loud.,मेनदो नोट के जोर ते पढ़व केदाए।,menado nota ke jora te padha़wa kedaae.
शब्द को ज़ोर से पढ़ें.,Read the word out loud.,ओड़ो: शब्द को ते पढ़ाव जना।,oda़o: shabda ko te padha़aawa janaa.
वाक्य को ज़ोर से पढ़ें.,Read the sentence aloud.,ओड़ोः वाक्य के जोर ते पढ़व जना।,oda़oh waakya ke jora te padha़wa janaa.
शीर्षक ज़ोर से पढ़ें.,Read the title out loud.,शीर्षक जोर ते पढ़ाव तनाए।,shiirshaka jora te padha़aawa tanaae.
अध्याय को ज़ोर से पढ़ें.,Read the chapter out loud.,ओड़ोः अध्याय के जोर ते पढ़व जना।,oda़oh adhyaaya ke jora te padha़wa janaa.
अनुभाग को ज़ोर से पढ़ें.,Read the section out loud.,ओड़ोः अनुभाग के जोर ते पढ़व केदाएः।,oda़oh anubhaaga ke jora te padha़wa kedaaeh.
जीवनी ज़ोर से पढ़ें.,Read the biography out loud.,ओड़ो: जीवनी जोर ते पढ़ाव जना।,oda़o: jiiwanii jora te padha़aawa janaa.
अपने साथी के साथ पाठ पढ़ें.,Read the text with your partner.,आपान साथी ते पाठ पढ़व केआते पाठ पढ़व केदा।,aapaana saathii te paatha padha़wa keaate paatha padha़wa kedaa.
अपने साथी के साथ शीर्षक पढ़ें.,Read the title with your partner.,आपान साथी ते आपान साथी ते शीर्षक पढ़व केदा।,aapaana saathii te aapaana saathii te shiirshaka padha़wa kedaa.
अपने साथी के साथ पैराग्राफ पढ़ें.,Read the paragraph with your partner.,आपान साथी ते पैराग्राफ पढ़व केआते पैराग्राफ पढ़ाव।,aapaana saathii te pairaagraapha padha़wa keaate pairaagraapha padha़aawa.
अपने साथी के साथ प्रश्न पढ़ें.,Read the questions with your partner.,आपान सोबेन साथी ते प्रश्न पढ़व केदा।,aapaana sobena saathii te prashna padha़wa kedaa.
अपने साथी के साथ उत्तर पढ़ें.,Read the answers with your partner.,आपान सोबेन साथी ते उत्तर पढ़व केदा।,aapaana sobena saathii te uttara padha़wa kedaa.
अपने साथी के साथ कहानी पढ़ें.,Read the story with your partner.,आपान साथी ते कहानी पढ़ाव जना।,aapaana saathii te kahaanii padha़aawa janaa.
अपने साथी के साथ कविता पढ़ें.,Read the poem with your partner.,आपान सोबेन साथी ते कविता पढ़व केदाए।,aapaana sobena saathii te kawitaa padha़wa kedaae.
अपने साथी के साथ संवाद पढ़ें.,Read the dialogue with your partner.,आपान सोबेन साथी ते संवाद पढ़व केदाए।,aapaana sobena saathii te sanwaada padha़wa kedaae.
अपने साथी के साथ अभ्यास पढ़ें.,Read the exercise with your partner.,आपान सोबेन साथी ते अभ्यास पढ़व जना।,aapaana sobena saathii te abhyaasa padha़wa janaa.
अपने साथी के साथ उदाहरण पढ़ें.,Read the examples with your partner.,आपान सोबेन साथी ते उदाहरण पढ़व केदा।,aapaana sobena saathii te udaaharana padha़wa kedaa.
अपने साथी के साथ कैप्शन पढ़ें।,Read the captions with your partner.,आपान साथी ते कैप्शन पढ़व केदा।,aapaana saathii te kaipshana padha़wa kedaa.
अपने साथी के साथ चार्ट पढ़ें.,Read the chart with your partner.,आपान साथी ते चार्ट पढ़व जना।,aapaana saathii te chaarta padha़wa janaa.
अपने साथी के साथ मानचित्र पढ़ें.,Read the map with your partner.,आपान सोबेन साथी ते मानचित्र पढ़ाव केदाए।,aapaana sobena saathii te maanachitrara padha़aawa kedaae.
अपने साथी के साथ तालिका पढ़ें.,Read the table with your partner.,आपान सोबेन साथी ते तालिका पढ़व जना।,aapaana sobena saathii te taalikaa padha़wa janaa.
अपने साथी के साथ परिभाषा पढ़ें.,Read the definition with your partner.,आपान सोबेन साथी ते परिभाषा पढ़व केदा।,aapaana sobena saathii te paribhaashaa padha़wa kedaa.
अपने साथी के साथ निर्देश पढ़ें.,Read the instructions with your partner.,आपान साथी ते आपान साथी ते निर्देश पढ़ाव केदाए।,aapaana saathii te aapaana saathii te nirdesha padha़aawa kedaae.
अपने साथी के साथ गतिविधि पढ़ें.,Read the activity with your partner.,आपान सोबेन साथी ते गतिविधि पढ़व केदाए।,aapaana sobena saathii te gatiwidhi padha़wa kedaae.
अपने साथी के साथ प्रोजेक्ट पढ़ें.,Read the project with your partner.,आपान साथी ते प्रोजेक्ट पढ़ाव केदाए।,aapaana saathii te projekta padha़aawa kedaae.
अपने साथी के साथ नोट पढ़ें.,Read the note with your partner.,आपान साथी ते नोट पढ़व केदाए।,aapaana saathii te nota padha़wa kedaae.
अपने साथी के साथ शब्द पढ़ें.,Read the words with your partner.,आपान सोबेन साथी ते शब्द पढ़व केआते शब्द पढ़व केदा।,aapaana sobena saathii te shabda padha़wa keaate shabda padha़wa kedaa.
अपने साथी के साथ वाक्य पढ़ें.,Read the sentence with your partner.,आपान सोबेन साथी ते वाक्य पढ़व केदा।,aapaana sobena saathii te waakya padha़wa kedaa.
अपने साथी के साथ शीर्षक पढ़ें.,Read the title with your partner.,आपान साथी ते आपान साथी ते शीर्षक पढ़व केदा।,aapaana saathii te aapaana saathii te shiirshaka padha़wa kedaa.
अपने साथी के साथ अध्याय पढ़ें.,Read the chapter with your partner.,आपान साथी ते अध्याय पढ़व जना।,aapaana saathii te adhyaaya padha़wa janaa.
अपने साथी के साथ अनुभाग पढ़ें.,Read the section with your partner.,आपान सोबेन साथी ते अनुभाग पढ़ाव केदाए।,aapaana sobena saathii te anubhaaga padha़aawa kedaae.
अपने साथी के साथ जीवनी पढ़ें.,Read the biography with your partner.,आपान सोबेन साथी ते जीवनी पढ़व जना।,aapaana sobena saathii te jiiwanii padha़wa janaa.
उत्तर देने से पहले एक बार पाठ पढ़ें।,Read the text once before answering.,सिदा मिआद बार पाठ पढ़व ते सिदा मिआद बार पाठ पढ़व जना।,sidaa miaada baara paatha padha़wa te sidaa miaada baara paatha padha़wa janaa.
उत्तर देने से पहले एक बार शीर्षक पढ़ें।,Read the title once before answering.,सिदा सिदा मिआद बार शीर्षक पढ़व केदा।,sidaa sidaa miaada baara shiirshaka padha़wa kedaa.
उत्तर देने से पहले पैराग्राफ को एक बार पढ़ें।,Read the paragraph once before answering.,सिदा पैराग्राफ के मिआद बार पढ़व केदा।,sidaa pairaagraapha ke miaada baara padha़wa kedaa.
उत्तर देने से पहले प्रश्न को एक बार पढ़ लें।,Read the question once before answering.,नेआ उत्तर ओमते सिदा प्रश्न के मिआद बार पढ़व जना।,neaa uttara omate sidaa prashna ke miaada baara padha़wa janaa.
उत्तर देने से पहले एक बार उत्तर पढ़ लें.,Read the answer once before answering.,सिदा सिदा मिआद बार उत्तर ओम ते सिदा मिआद बार उत्तर पढ़व जना।,sidaa sidaa miaada baara uttara oma te sidaa miaada baara uttara padha़wa janaa.
उत्तर देने से पहले एक बार कहानी पढ़ें.,Read the story once before answering.,सिदा मिआद बार कहानी पढ़ाव ते सिदा मिआद बार कहानी पढ़ाव जना।,sidaa miaada baara kahaanii padha़aawa te sidaa miaada baara kahaanii padha़aawa janaa.
उत्तर देने से पहले एक बार कविता पढ़ लें.,Read the poem once before answering.,सिदा मिआद बार कविता पढ़व ते सिदा मिआद बार कविता पढ़व केदा,sidaa miaada baara kawitaa padha़wa te sidaa miaada baara kawitaa padha़wa kedaa
उत्तर देने से पहले एक बार संवाद पढ़ें।,Read the dialogue once before answering.,सिदा सिदा मिआद बार संवाद पढ़व केदा।,sidaa sidaa miaada baara sanwaada padha़wa kedaa.
उत्तर देने से पहले एक बार अभ्यास पढ़ें।,Read the exercise once before answering.,सिदा सिदा मिआद बार अभ्यास पढ़व केदा।,sidaa sidaa miaada baara abhyaasa padha़wa kedaa.
उत्तर देने से पहले एक बार उदाहरण पढ़ें.,Read the example once before answering.,सिदा सिदा मिआद बार उदाहरण पढ़व केदा।,sidaa sidaa miaada baara udaaharana padha़wa kedaa.
उत्तर देने से पहले एक बार कैप्शन पढ़ें।,Read the caption once before answering.,सिदा मिआद बार कैप्शन पढ़ाव ते सिदा मिआद बार कैप्शन पढ़व जना।,sidaa miaada baara kaipshana padha़aawa te sidaa miaada baara kaipshana padha़wa janaa.
उत्तर देने से पहले एक बार चार्ट पढ़ें।,Read the chart once before answering.,सिदा मिआद बार चार्ट पढ़ाव ते सिदा मिआद बार चार्ट पढ़व जना।,sidaa miaada baara chaarta padha़aawa te sidaa miaada baara chaarta padha़wa janaa.
उत्तर देने से पहले एक बार मानचित्र पढ़ें।,Read the map once before answering.,सिदा मिआद बार मानचित्र पढ़ाव ते सिदा मिआद बार मानचित्र पढ़व केदा।,sidaa miaada baara maanachitrara padha़aawa te sidaa miaada baara maanachitrara padha़wa kedaa.
उत्तर देने से पहले एक बार तालिका पढ़ लें।,Read the table once before answering.,सिदा सिदा मिआद बार तालिका पढ़व केदा।,sidaa sidaa miaada baara taalikaa padha़wa kedaa.
उत्तर देने से पहले एक बार परिभाषा पढ़ें।,Read the definition once before answering.,सिदा मिआद बार परिभाषा पढ़ाव ते सिदा मिआद बार परिभाषा पढ़व जना।,sidaa miaada baara paribhaashaa padha़aawa te sidaa miaada baara paribhaashaa padha़wa janaa.
उत्तर देने से पहले एक बार निर्देश पढ़ें।,Read the instructions once before answering.,सिदा मिआद बार मिआद बार निर्देश पढ़व केदा।,sidaa miaada baara miaada baara nirdesha padha़wa kedaa.
उत्तर देने से पहले एक बार गतिविधि पढ़ें।,Read the activity once before answering.,सिदा मिआद बार गतिविधि पढ़ाव ते सिदा मिआद बार गतिविधि पढ़ाव जना।,sidaa miaada baara gatiwidhi padha़aawa te sidaa miaada baara gatiwidhi padha़aawa janaa.
उत्तर देने से पहले एक बार प्रोजेक्ट पढ़ें।,Read the project once before answering.,सिदा मिआद बार प्रोजेक्ट पढ़ाव ते सिदा मिआद बार प्रोजेक्ट पढ़व केदा।,sidaa miaada baara projekta padha़aawa te sidaa miaada baara projekta padha़wa kedaa.
उत्तर देने से पहले एक बार नोट पढ़ें।,Read the note once before answering.,सिदा मिआद बार नोट पढ़ाव ते सिदा मिआद बार नोट पढ़व जना।,sidaa miaada baara nota padha़aawa te sidaa miaada baara nota padha़wa janaa.
उत्तर देने से पहले शब्द को एक बार पढ़ लें.,Read the word once before answering.,नेआ उत्तर ओमते सिदा शब्द के मिआद बार पढ़व जना।,neaa uttara omate sidaa shabda ke miaada baara padha़wa janaa.
उत्तर देने से पहले वाक्य को एक बार पढ़ लें।,Read the sentence once before answering.,सिदा वाक्य के मिआद बार पढ़व केदा।,sidaa waakya ke miaada baara padha़wa kedaa.
उत्तर देने से पहले एक बार शीर्षक पढ़ें।,Read the title once before answering.,सिदा सिदा मिआद बार शीर्षक पढ़व केदा।,sidaa sidaa miaada baara shiirshaka padha़wa kedaa.
उत्तर देने से पहले एक बार अध्याय पढ़ें।,Read the chapter once before answering.,सिदा मिआद बार अध्याय पढ़व ते सिदा मिआद बार अध्याय पढ़व जना।,sidaa miaada baara adhyaaya padha़wa te sidaa miaada baara adhyaaya padha़wa janaa.
उत्तर देने से पहले अनुभाग को एक बार पढ़ें।,Read the section once before answering.,सिदा अनुभाग ते सिदा अनुभाग के मिआद बार पढ़व केदा।,sidaa anubhaaga te sidaa anubhaaga ke miaada baara padha़wa kedaa.
उत्तर देने से पहले एक बार जीवनी पढ़ लें।,Please read the biography once before answering.,सिदा सिदा मिआद बारिआ जीवनी पढ़व केदा।,sidaa sidaa miaada baariaa jiiwanii padha़wa kedaa.
पाठ में महत्वपूर्ण शब्दों को रेखांकित करें।,Underline important words in the text.,रआः पाठ रे महत्वपूर्ण शब्दको रे महत्वपूर्ण शब्दको को रेखांकित केदा।,raaah paatha re mahatwapuurna shabdako re mahatwapuurna shabdako ko rekhaankita kedaa.
शीर्षक में महत्वपूर्ण शब्दों को रेखांकित करें।,Underline important words in the title.,शीर्षक रे महत्वपूर्ण शब्दको रे महत्वपूर्ण शब्द को रेआ: रे सेंड़ांकित केदा।,shiirshaka re mahatwapuurna shabdako re mahatwapuurna shabda ko reaa: re senda़aankita kedaa.
पैराग्राफ में महत्वपूर्ण शब्दों को रेखांकित करें।,Underline important words in the paragraph.,रआः पैराग्राफ रे महत्वपूर्ण शब्दको रे महत्वपूर्ण शब्द को रेअः रिकाएआ।,raaah pairaagraapha re mahatwapuurna shabdako re mahatwapuurna shabda ko reah rikaaeaa.
प्रश्न में महत्वपूर्ण शब्दों को रेखांकित करें।,Underline the important words in the question.,रआः प्रश्न रे महत्वपूर्ण शब्दको रे महत्वपूर्ण शब्दको को रेखांकित केदाएः।,raaah prashna re mahatwapuurna shabdako re mahatwapuurna shabdako ko rekhaankita kedaaeh.
उत्तर में महत्वपूर्ण शब्दों को रेखांकित करें।,Underline important words in the answer.,ने उत्तर रे महत्वपूर्ण शब्दको रे महत्वपूर्ण शब्दको को रेखांकित केदा।,ne uttara re mahatwapuurna shabdako re mahatwapuurna shabdako ko rekhaankita kedaa.
कहानी में महत्वपूर्ण शब्दों को रेखांकित करें।,Underline important words in the story.,नेआ कहानी रे महत्वपूर्ण शब्दको रे महत्वपूर्ण शब्द को रेआ: रे रआः रिकाएआ।,neaa kahaanii re mahatwapuurna shabdako re mahatwapuurna shabda ko reaa: re raaah rikaaeaa.
कविता में महत्वपूर्ण शब्दों को रेखांकित करें।,Underline the important words in the poem.,नेआ कविता रे महत्वपूर्ण शब्दको रे महत्वपूर्ण शब्द को रे रिकाएआ।,neaa kawitaa re mahatwapuurna shabdako re mahatwapuurna shabda ko re rikaaeaa.
संवाद में महत्वपूर्ण शब्दों को रेखांकित करें।,Underline important words in the dialogue.,रआः संवाद रे महत्वपूर्ण शब्दको रे महत्वपूर्ण शब्द को रेअः रिका केदा।,raaah sanwaada re mahatwapuurna shabdako re mahatwapuurna shabda ko reah rikaa kedaa.
अभ्यास में महत्वपूर्ण शब्दों को रेखांकित करें।,Underline important words in the exercise.,रआः अभ्यास रे महत्वपूर्ण शब्दको रे पुराः रिकाएआ।,raaah abhyaasa re mahatwapuurna shabdako re puraah rikaaeaa.
उदाहरण में महत्वपूर्ण शब्दों को रेखांकित करें।,Underline the important words in the example.,उदाहरण रे महत्वपूर्ण शब्दको रे महत्वपूर्ण शब्द को रेआ: रे महत्वपूर्ण शब्द को रे रिका तना।,udaaharana re mahatwapuurna shabdako re mahatwapuurna shabda ko reaa: re mahatwapuurna shabda ko re rikaa tanaa.
कैप्शन में महत्वपूर्ण शब्दों को रेखांकित करें।,Underline important words in the caption.,ओड़ोः कैप्शन रे महत्वपूर्ण शब्दको रे महत्वपूर्ण शब्द कोरे रेआ: रिकाएआ।,oda़oh kaipshana re mahatwapuurna shabdako re mahatwapuurna shabda kore reaa: rikaaeaa.
चार्ट में महत्वपूर्ण शब्दों को रेखांकित करें।,Underline important words in the chart.,रआः चार्ट रे महत्वपूर्ण शब्दको रे महत्वपूर्ण शब्द को रे रआः रिका केदा।,raaah chaarta re mahatwapuurna shabdako re mahatwapuurna shabda ko re raaah rikaa kedaa.
मानचित्र में महत्वपूर्ण शब्दों को रेखांकित करें।,Underline important words on the map.,ओड़ो: मानचित्र रे महत्वपूर्ण शब्दको रे महत्वपूर्ण शब्द को रे रआः रिकाएआ।,oda़o: maanachitrara re mahatwapuurna shabdako re mahatwapuurna shabda ko re raaah rikaaeaa.
तालिका में महत्वपूर्ण शब्दों को रेखांकित करें।,Underline important words in the table.,रआः तालिका रे महत्वपूर्ण शब्दको रे महत्वपूर्ण शब्द को रे रिकाएआ।,raaah taalikaa re mahatwapuurna shabdako re mahatwapuurna shabda ko re rikaaeaa.
परिभाषा में महत्वपूर्ण शब्दों को रेखांकित करें।,Underline important words in the definition.,रआः परिभाषा रे महत्वपूर्ण शब्दको रे महत्वपूर्ण शब्द को रे रआः रिकाएआ।,raaah paribhaashaa re mahatwapuurna shabdako re mahatwapuurna shabda ko re raaah rikaaeaa.
निर्देश में महत्वपूर्ण शब्दों को रेखांकित करें।,Underline important words in the instructions.,निर्देश रे महत्वपूर्ण शब्दको रे महत्वपूर्ण शब्द को रेआ: रे रआः को रेखांकित केदा।,nirdesha re mahatwapuurna shabdako re mahatwapuurna shabda ko reaa: re raaah ko rekhaankita kedaa.
गतिविधि में महत्वपूर्ण शब्दों को रेखांकित करें।,Underline important words in the activity.,रआः गतिविधि रे महत्वपूर्ण शब्दको रे महत्वपूर्ण शब्द को रेअः रे रआः रिकाएआ।,raaah gatiwidhi re mahatwapuurna shabdako re mahatwapuurna shabda ko reah re raaah rikaaeaa.
प्रोजेक्ट में महत्वपूर्ण शब्दों को रेखांकित करें।,Underline important words in the project.,रआः प्रोजेक्ट रे महत्वपूर्ण शब्दको रे महत्वपूर्ण शब्द को रे रिकाएआ।,raaah projekta re mahatwapuurna shabdako re mahatwapuurna shabda ko re rikaaeaa.
नोट में महत्वपूर्ण शब्दों को रेखांकित करें।,Underline important words in the note.,एटा: नोट रे महत्वपूर्ण शब्दको रे महत्वपूर्ण शब्दको को रेखांकित रिकाएआ।,etaa: nota re mahatwapuurna shabdako re mahatwapuurna shabdako ko rekhaankita rikaaeaa.
शब्द में महत्वपूर्ण शब्दों को रेखांकित करें।,Underline the important words in the word.,रआः शब्द रे महत्वपूर्ण शब्दको रे महत्वपूर्ण शब्द को रे रआः रिकाएआ।,raaah shabda re mahatwapuurna shabdako re mahatwapuurna shabda ko re raaah rikaaeaa.
वाक्य में महत्वपूर्ण शब्दों को रेखांकित करें।,Underline the important words in the sentence.,रआः वाक्य रे महत्वपूर्ण शब्दको रे महत्वपूर्ण शब्द को रेअः को रेखांकित केदा।,raaah waakya re mahatwapuurna shabdako re mahatwapuurna shabda ko reah ko rekhaankita kedaa.
शीर्षक में महत्वपूर्ण शब्दों को रेखांकित करें।,Underline important words in the title.,शीर्षक रे महत्वपूर्ण शब्दको रे महत्वपूर्ण शब्द को रेआ: रे सेंड़ांकित केदा।,shiirshaka re mahatwapuurna shabdako re mahatwapuurna shabda ko reaa: re senda़aankita kedaa.
अध्याय में महत्वपूर्ण शब्दों को रेखांकित करें।,Underline important words in the chapter.,ओड़ोः अध्याय रे महत्वपूर्ण शब्दको को रेखांकित ताइकेना।,oda़oh adhyaaya re mahatwapuurna shabdako ko rekhaankita taaikenaa.
अनुभाग में महत्वपूर्ण शब्दों को रेखांकित करें।,Underline important words in the section.,रआः अनुभाग रे महत्वपूर्ण शब्दको रे महत्वपूर्ण शब्द को रेअः रिका केदा।,raaah anubhaaga re mahatwapuurna shabdako re mahatwapuurna shabda ko reah rikaa kedaa.
जीवनी में महत्वपूर्ण शब्दों को रेखांकित करें।,Underline important words in the biography.,ओड़ो: जीवनी रे महत्वपूर्ण शब्दको रे महत्वपूर्ण शब्द को रेआ: रे महत्वपूर्ण शब्द को रे रिकाएआ।,oda़o: jiiwanii re mahatwapuurna shabdako re mahatwapuurna shabda ko reaa: re mahatwapuurna shabda ko re rikaaeaa.
पाठ में मुख्य विचार पर गोला लगाएँ।,Circle the main idea in the text.,रआः पाठ रे मुख्य विचार रे गोला लगाव जना।,raaah paatha re mukhya wichaara re golaa lagaawa janaa.
शीर्षक में मुख्य विचार पर गोला लगाएँ।,Circle the main idea in the title.,शीर्षक रे मुख्य विचार रे गोला लगाव जना।,shiirshaka re mukhya wichaara re golaa lagaawa janaa.
पैराग्राफ में मुख्य विचार पर गोला लगाएँ।,Circle the main idea in the paragraph.,मेनदो पैराग्राफ रे मुख्य विचार रे गोला लगाव जना।,menado pairaagraapha re mukhya wichaara re golaa lagaawa janaa.
प्रश्न में मुख्य विचार पर गोला लगाएँ।,Circle the main idea in the question.,मुख्य विचार रे मुख्य विचार रे गोला लगाव जना।,mukhya wichaara re mukhya wichaara re golaa lagaawa janaa.
उत्तर में मुख्य विचार पर गोला लगाएँ।,Circle the main idea in your answer.,रआः उत्तर रे मुख्य विचार रे गोला लगाव जना।,raaah uttara re mukhya wichaara re golaa lagaawa janaa.
कहानी में मुख्य विचार पर गोला लगाएँ।,Circle the main idea in the story.,नेआ कहानी रे मुख्य विचार रे गोला लगाव जना।,neaa kahaanii re mukhya wichaara re golaa lagaawa janaa.
कविता में मुख्य विचार पर गोला लगाएँ।,Circle the main idea in the poem.,ओड़ोः कविता रे मुख्य विचार रे गोला लगातिंगा।,oda़oh kawitaa re mukhya wichaara re golaa lagaatingaa.
संवाद में मुख्य विचार पर गोला लगाएँ।,Circle the main idea in the dialogue.,रआः संवाद रे मुख्य विचार रे गोला लगाव जना।,raaah sanwaada re mukhya wichaara re golaa lagaawa janaa.
अभ्यास में मुख्य विचार पर गोला लगाएँ।,Circle the main idea in the exercise.,रआः अभ्यास रे मुख्य विचार रे गोला लगाव जना।,raaah abhyaasa re mukhya wichaara re golaa lagaawa janaa.
उदाहरण में मुख्य विचार पर गोला लगाएँ।,Circle the main idea in the example.,ने उदाहरण रे मुख्य विचार रे गोला लगाव जना।,ne udaaharana re mukhya wichaara re golaa lagaawa janaa.
कैप्शन में मुख्य विचार पर गोला लगाएँ।,Circle the main idea in the caption.,मेनदो कैप्शन रे मुख्य विचार रे गोला लगाव जना।,menado kaipshana re mukhya wichaara re golaa lagaawa janaa.
चार्ट में मुख्य विचार पर गोला लगाएँ।,Circle the main idea in the chart.,रआः चार्ट रे मुख्य विचार रे गोला लगाव जना।,raaah chaarta re mukhya wichaara re golaa lagaawa janaa.
मानचित्र में मुख्य विचार पर गोला लगाएँ।,Circle the main idea in the map.,मेनदो मानचित्र रे मुख्य विचार रे गोला लगाव जना।,menado maanachitrara re mukhya wichaara re golaa lagaawa janaa.
तालिका में मुख्य विचार पर गोला लगाएँ।,Circle the main idea in the table.,रआः तालिका रे मुख्य विचार रे गोला लगाव जना।,raaah taalikaa re mukhya wichaara re golaa lagaawa janaa.
परिभाषा में मुख्य विचार पर गोला लगाएँ।,Circle the main idea in the definition.,रआः परिभाषा रे मुख्य विचार रे गोला लगाव जना।,raaah paribhaashaa re mukhya wichaara re golaa lagaawa janaa.
निर्देश में मुख्य विचार पर गोला लगाएँ।,Circle the main idea in the instruction.,निर्देश रे मुख्य विचार रे गोला लगाव जना।,nirdesha re mukhya wichaara re golaa lagaawa janaa.
गतिविधि में मुख्य विचार पर गोला लगाएँ।,Circle the main idea in the activity.,रआः गतिविधि रे मुख्य विचार रे गोला लगाव जना।,raaah gatiwidhi re mukhya wichaara re golaa lagaawa janaa.
प्रोजेक्ट में मुख्य विचार पर गोला लगाएँ।,Circle the main idea in the project.,रआः प्रोजेक्ट रे मुख्य विचार रे गोला लगाव जना।,raaah projekta re mukhya wichaara re golaa lagaawa janaa.
नोट में मुख्य विचार पर गोला लगाएँ।,Circle the main idea in the note.,मेनदो नोट रे मुख्य विचार रे गोला लगाव जना।,menado nota re mukhya wichaara re golaa lagaawa janaa.
शब्द में मुख्य विचार पर गोला लगाएँ।,Circle the main idea in the word.,रआः शब्द रे मुख्य विचार रे गोला लगातिंगा।,raaah shabda re mukhya wichaara re golaa lagaatingaa.
वाक्य में मुख्य विचार पर गोला लगाएँ।,Circle the main idea in the sentence.,ओड़ोः वाक्य रे मुख्य विचार रे गोला लगातिंगा।,oda़oh waakya re mukhya wichaara re golaa lagaatingaa.
शीर्षक में मुख्य विचार पर गोला लगाएँ।,Circle the main idea in the title.,शीर्षक रे मुख्य विचार रे गोला लगाव जना।,shiirshaka re mukhya wichaara re golaa lagaawa janaa.
अध्याय में मुख्य विचार पर गोला लगाएँ।,Circle the main idea in the chapter.,रआः अध्याय रे मुख्य विचार रे गोला लगाव जना।,raaah adhyaaya re mukhya wichaara re golaa lagaawa janaa.
अनुभाग में मुख्य विचार पर गोला लगाएँ।,Circle the main idea in the section.,रआः अनुभाग रे मुख्य विचार रे गोला लगाव जना।,raaah anubhaaga re mukhya wichaara re golaa lagaawa janaa.
जीवनी में मुख्य विचार पर गोला लगाएँ।,Circle the main idea in the biography.,रआः जीवनी रे मुख्य विचार रे गोला लगाव जना।,raaah jiiwanii re mukhya wichaara re golaa lagaawa janaa.
पाठ पढ़ें और हमें बताएं कि आपने क्या समझा।,Read the text and tell us what you understood.,ओड़ोः आले उदुब केदा चि आम चिनअः चिनअः तइन केना।,oda़oh aale uduba kedaa chi aama chinaah chinaah taina kenaa.
शीर्षक पढ़ें और हमें बताएं कि आपने क्या समझा।,Read the title and tell us what you understood.,शीर्षक पढ़ाव ओड़ो: आले उदुब केदा चि आम चिनअः चिनअः तइन केना।,shiirshaka padha़aawa oda़o: aale uduba kedaa chi aama chinaah chinaah taina kenaa.
अनुच्छेद पढ़ें और हमें बताएं कि आपने क्या समझा।,Read the paragraph and tell us what you understood.,ओड़ोः आले उदुब केदा चि आम चिनअः चिनअः तइन केना।,oda़oh aale uduba kedaa chi aama chinaah chinaah taina kenaa.
प्रश्न पढ़ें और हमें बताएं कि आपको क्या समझ आया।,Read the question and tell us what you understand.,ओड़ोः आले उदुब केदा चि आमके चानाः समझ हिजुःजाना।,oda़oh aale uduba kedaa chi aamake chaanaah samajha hijuhjaanaa.
उत्तर पढ़ें और हमें बताएं कि आपको क्या समझ आया।,Read the answers and let us know what you understand.,ओड़ोः आले उदुब केदा चि आमके चानाः समझ हिजुःजाना।,oda़oh aale uduba kedaa chi aamake chaanaah samajha hijuhjaanaa.
कहानी पढ़ें और हमें बताएं कि आपको क्या समझ आया।,Read the story and let us know what you think.,ओड़ोः आले उदुब केदा चि आम चानाः कानि पढ़व जना।,oda़oh aale uduba kedaa chi aama chaanaah kaani padha़wa janaa.
कविता पढ़ें और हमें बताएं कि आपको क्या समझ आया।,Read the poem and tell us what you understand.,ओड़ोः आले उदुब केदा चि आम चानाः कविता पढ़व जना।,oda़oh aale uduba kedaa chi aama chaanaah kawitaa padha़wa janaa.
संवाद पढ़ें और हमें बताएं कि आपको क्या समझ आया।,Read the dialogue and tell us what you understand.,ओड़ोः आले उदुब केदा चि आमके चानाः समझ हिजुःजाना।,oda़oh aale uduba kedaa chi aamake chaanaah samajha hijuhjaanaa.
अभ्यास पढ़ें और हमें बताएं कि आपको क्या समझ आया।,Read the exercise and tell us what you understand.,ओड़ोः आले उदुब केदा चि आमके चानाः समझ हिजुःजाना।,oda़oh aale uduba kedaa chi aamake chaanaah samajha hijuhjaanaa.
उदाहरण पढ़ें और हमें बताएं कि आपने क्या समझा।,Read the example and tell us what you understand.,आले उदाहरण पढ़ाव ओड़ो: आले उदाहरण पढ़ाव ओड़ो: आले चाना: उदाहरण पढ़व केदा।,aale udaaharana padha़aawa oda़o: aale udaaharana padha़aawa oda़o: aale chaanaa: udaaharana padha़wa kedaa.
कैप्शन पढ़ें और हमें बताएं कि आपको क्या समझ आया।,Read the caption and let us know what you understand.,ओड़ोः आले उदुब केदा चि आमके चानाः चि आञ चानाः जानाएः।,oda़oh aale uduba kedaa chi aamake chaanaah chi aanya chaanaah jaanaaeh.
चार्ट पढ़ें और हमें बताएं कि आपने क्या समझा।,Read the chart and tell us what you understand.,ओड़ोः आले उदुब केदा चि आम चिनअः चिनअः तइन केना।,oda़oh aale uduba kedaa chi aama chinaah chinaah taina kenaa.
मानचित्र पढ़ें और हमें बताएं कि आपने क्या समझा।,Read the map and tell us what you understand.,ओड़ोः आले उदुब केदा चि आम चिनअः चिनअः तइन केना।,oda़oh aale uduba kedaa chi aama chinaah chinaah taina kenaa.
तालिका पढ़ें और हमें बताएं कि आपने क्या समझा।,Read the table and tell us what you understand.,ओड़ोः आले उदुब केदा चि आम चिनअः चिनअः।,oda़oh aale uduba kedaa chi aama chinaah chinaah.
परिभाषा पढ़ें और हमें बताएं कि आपने क्या समझा।,Read the definition and tell us what you understood.,ओड़ोः आले उदुब केदा चि आम चिनअः चिनअः तइन केना।,oda़oh aale uduba kedaa chi aama chinaah chinaah taina kenaa.
निर्देश पढ़ें और हमें बताएं कि आपको क्या समझ आया।,Read the instructions and let us know what you understand.,ओड़ोः आले उदुब केदा चि आमके चानाः समझ हिजुःजाना।,oda़oh aale uduba kedaa chi aamake chaanaah samajha hijuhjaanaa.
गतिविधि पढ़ें और हमें बताएं कि आपने क्या समझा।,Read the activity and tell us what you understand.,ओड़ोः आले उदुब केदा चि आम चिनअः चिनअः तइन केना।,oda़oh aale uduba kedaa chi aama chinaah chinaah taina kenaa.
प्रोजेक्ट पढ़ें और हमें बताएं कि आपको क्या समझ आया।,Read the project and let us know what you think.,ओड़ोः आले उदुब केदा चि आमके चानाः समझ हिजुःजाना।,oda़oh aale uduba kedaa chi aamake chaanaah samajha hijuhjaanaa.
नोट पढ़ें और हमें बताएं कि आपको क्या समझ आया।,Read the note and let us know what you understand.,ओड़ोः आले उदुब केदा चि आमके चानाः समझ हिजुःजाना।,oda़oh aale uduba kedaa chi aamake chaanaah samajha hijuhjaanaa.
शब्द पढ़ें और हमें बताएं कि आपने क्या समझा।,Read the words and tell us what you understood.,ओड़ोः आले उदुब केदा चि आम चिनअः चिनअः तइन केना।,oda़oh aale uduba kedaa chi aama chinaah chinaah taina kenaa.
वाक्य पढ़ें और हमें बताएं कि आपने क्या समझा।,Read the sentence and tell us what you understood.,ओड़ोः आले उदुब केदा चि आम चिनअः चिनअः तइन केना।,oda़oh aale uduba kedaa chi aama chinaah chinaah taina kenaa.
शीर्षक पढ़ें और हमें बताएं कि आपको क्या समझ आया।,Read the title and tell us what you understand.,ओड़ोः आले उदुब केदा चि आमके चानाः समझ हिजुःजाना।,oda़oh aale uduba kedaa chi aamake chaanaah samajha hijuhjaanaa.
अध्याय पढ़ें और हमें बताएं कि आपने क्या समझा।,Read the chapter and tell us what you understood.,ओड़ोः आले उदुब केदा चि आम चिनअः चिनअः तइन केना।,oda़oh aale uduba kedaa chi aama chinaah chinaah taina kenaa.
अनुभाग पढ़ें और हमें बताएं कि आपने क्या समझा।,Read the section and let us know what you understood.,ओड़ोः आले उदुब केदा चि आम चिनअः चिनअः तइन केना।,oda़oh aale uduba kedaa chi aama chinaah chinaah taina kenaa.
जीवनी पढ़ें और हमें बताएं कि आपको क्या समझ आया।,Read the biography and let us know what you think.,ओड़ोः आले उदुब केदा चि आमको चानाः जानाएः।,oda़oh aale uduba kedaa chi aamako chaanaah jaanaaeh.
पाठ को धीरे-धीरे और स्पष्ट रूप से पढ़ें।,Read the text slowly and clearly.,ओड़ोः पाठ के धीरे-धीरे ओड़ोः स्पष्ट रूपते पढ़व केदा।,oda़oh paatha ke dhiire-dhiire oda़oh spashta ruupate padha़wa kedaa.
शीर्षक को धीरे-धीरे और स्पष्ट रूप से पढ़ें।,Read the title slowly and clearly.,शीर्षक के धीरे-धीरे ओड़ो: स्पष्ट रूपते पढ़ाव केदा।,shiirshaka ke dhiire-dhiire oda़o: spashta ruupate padha़aawa kedaa.
पैराग्राफ को धीरे-धीरे और स्पष्ट रूप से पढ़ें।,Read the paragraph slowly and clearly.,ओड़ो: पैराग्राफ के धीरे-धीरे ओड़ो: स्पष्ट रूपते पढ़ाव केदा।,oda़o: pairaagraapha ke dhiire-dhiire oda़o: spashta ruupate padha़aawa kedaa.
प्रश्न को धीरे-धीरे और स्पष्ट रूप से पढ़ें।,Read the question slowly and clearly.,धीरे-धीरे ओड़ो: स्पष्ट रूपते पढ़ाव जना।,dhiire-dhiire oda़o: spashta ruupate padha़aawa janaa.
उत्तर को धीरे-धीरे और स्पष्ट रूप से पढ़ें।,Read the answer slowly and clearly.,ओड़ो: उत्तर के धीरे-धीरे ओड़ो: स्पष्ट रूपते पढ़ाव केदा।,oda़o: uttara ke dhiire-dhiire oda़o: spashta ruupate padha़aawa kedaa.
कहानी को धीरे-धीरे और स्पष्ट रूप से पढ़ें।,Read the story slowly and clearly.,ओड़ो: कहानी धीरे-धीरे ओड़ो: स्पष्ट रूप ते पढ़ाव जना।,oda़o: kahaanii dhiire-dhiire oda़o: spashta ruupa te padha़aawa janaa.
कविता को धीरे-धीरे और स्पष्ट रूप से पढ़ें।,Read the poem slowly and clearly.,धीरे-धीरे ओड़ो: स्पष्ट रूपते पढ़ाव केदा।,dhiire-dhiire oda़o: spashta ruupate padha़aawa kedaa.
संवाद को धीरे-धीरे और स्पष्ट रूप से पढ़ें।,Read the dialogue slowly and clearly.,ओड़ोः संवाद के धीरे-धीरे ओड़ोः स्पष्ट रूपते पढ़ाव जना।,oda़oh sanwaada ke dhiire-dhiire oda़oh spashta ruupate padha़aawa janaa.
अभ्यास को धीरे-धीरे और स्पष्ट रूप से पढ़ें।,Read the exercise slowly and clearly.,ओड़ो: अभ्यास के धीरे-धीरे ओड़ो: स्पष्ट रूपते पढ़ाव।,oda़o: abhyaasa ke dhiire-dhiire oda़o: spashta ruupate padha़aawa.
उदाहरण को धीरे-धीरे और स्पष्ट रूप से पढ़ें।,Read the example slowly and clearly.,ओड़ो: उदाहरण के धीरे-धीरे ओड़ो: स्पष्ट रूप ते पढ़ाव केदा।,oda़o: udaaharana ke dhiire-dhiire oda़o: spashta ruupa te padha़aawa kedaa.
कैप्शन को धीरे-धीरे और स्पष्ट रूप से पढ़ें।,Read the caption slowly and clearly.,ओड़ो: कैप्शन के धीरे-धीरे ओड़ो: स्पष्ट रूपते पढ़ाव।,oda़o: kaipshana ke dhiire-dhiire oda़o: spashta ruupate padha़aawa.
चार्ट को धीरे-धीरे और स्पष्ट रूप से पढ़ें।,Read the chart slowly and clearly.,धीरे-धीरे ओड़ो: स्पष्ट रूपते पढ़ाव केदा।,dhiire-dhiire oda़o: spashta ruupate padha़aawa kedaa.
मानचित्र को धीरे-धीरे और स्पष्ट रूप से पढ़ें।,Read the map slowly and clearly.,ओड़ो: मानचित्र के धीरे-धीरे ओड़ो: स्पष्ट रूपते पढ़ाव केदा।,oda़o: maanachitrara ke dhiire-dhiire oda़o: spashta ruupate padha़aawa kedaa.
तालिका को धीरे-धीरे और स्पष्ट रूप से पढ़ें।,Read the table slowly and clearly.,ओड़ोः तालिका के धीरे-धीरे ओड़ोः स्पष्ट रूपते पढ़ाव जना।,oda़oh taalikaa ke dhiire-dhiire oda़oh spashta ruupate padha़aawa janaa.
परिभाषा को धीरे-धीरे और स्पष्ट रूप से पढ़ें।,Read the definition slowly and clearly.,ओड़ो: परिभाषा के धीरे-धीरे ओड़ो: स्पष्ट रूपते पढ़ाव जना।,oda़o: paribhaashaa ke dhiire-dhiire oda़o: spashta ruupate padha़aawa janaa.
निर्देश को धीरे-धीरे और स्पष्ट रूप से पढ़ें।,Read the instruction slowly and clearly.,निर्देश के धीरे-धीरे ओड़ो: स्पष्ट रूपते पढ़ाव केदा।,nirdesha ke dhiire-dhiire oda़o: spashta ruupate padha़aawa kedaa.
गतिविधि को धीरे-धीरे और स्पष्ट रूप से पढ़ें।,Read the activity slowly and clearly.,ओड़ो: गतिविधि धीरे-धीरे ओड़ो: स्पष्ट रूपते पढ़ाव जना।,oda़o: gatiwidhi dhiire-dhiire oda़o: spashta ruupate padha़aawa janaa.
प्रोजेक्ट को धीरे-धीरे और स्पष्ट रूप से पढ़ें।,Read the project slowly and clearly.,ओड़ोः प्रोजेक्ट के धीरे-धीरे ओड़ोः स्पष्ट रूपते पढ़ाव जना।,oda़oh projekta ke dhiire-dhiire oda़oh spashta ruupate padha़aawa janaa.
नोट को धीरे-धीरे और स्पष्ट रूप से पढ़ें।,Read the note slowly and clearly.,ओड़ो: नोट के धीरे-धीरे ओड़ो: स्पष्ट रूपते पढ़ाव केदा।,oda़o: nota ke dhiire-dhiire oda़o: spashta ruupate padha़aawa kedaa.
शब्द को धीरे-धीरे और स्पष्ट रूप से पढ़ें।,Read the word slowly and clearly.,ओड़ोः शब्द के धीरे-धीरे ओड़ोः स्पष्ट रूप ते पढ़ाव जना।,oda़oh shabda ke dhiire-dhiire oda़oh spashta ruupa te padha़aawa janaa.
वाक्य को धीरे-धीरे और स्पष्ट रूप से पढ़ें।,Read the sentence slowly and clearly.,ओड़ो: वाक्य के धीरे-धीरे ओड़ो: स्पष्ट रूपते पढ़ाव जना।,oda़o: waakya ke dhiire-dhiire oda़o: spashta ruupate padha़aawa janaa.
शीर्षक को धीरे-धीरे और स्पष्ट रूप से पढ़ें।,Read the title slowly and clearly.,शीर्षक के धीरे-धीरे ओड़ो: स्पष्ट रूपते पढ़ाव केदा।,shiirshaka ke dhiire-dhiire oda़o: spashta ruupate padha़aawa kedaa.
अध्याय को धीरे-धीरे और स्पष्ट रूप से पढ़ें।,Read the chapter slowly and clearly.,धीरे-धीरे ओड़ो: स्पष्ट रूपते पढ़ाव केदा।,dhiire-dhiire oda़o: spashta ruupate padha़aawa kedaa.
अनुभाग को धीरे-धीरे और स्पष्ट रूप से पढ़ें।,Read the section slowly and clearly.,ओड़ो: अनुभाग के धीरे-धीरे ओड़ो: स्पष्ट रूपते पढ़ाव जना।,oda़o: anubhaaga ke dhiire-dhiire oda़o: spashta ruupate padha़aawa janaa.
जीवनी को धीरे-धीरे और स्पष्ट रूप से पढ़ें।,Read the biography slowly and clearly.,ओड़ो: जीवनी धीरे-धीरे ओड़ो: स्पष्ट रूप ते पढ़ाव जना।,oda़o: jiiwanii dhiire-dhiire oda़o: spashta ruupa te padha़aawa janaa.
पाठ को बारी-बारी से पढ़ें।,Read the text in turn.,ओड़ो: पाठ को बारी-बारी ते पढ़ाव केदा।,oda़o: paatha ko baarii-baarii te padha़aawa kedaa.
शीर्षक को बारी-बारी से पढ़ें।,Take turns reading the titles.,शीर्षक को बारी-बारी ते पढ़व केदा।,shiirshaka ko baarii-baarii te padha़wa kedaa.
अनुच्छेद को बारी-बारी से पढ़ें।,Read the paragraphs one by one.,ओड़ोः अनुच्छेद को बारी-बारी ते पढ़ाव जना।,oda़oh anuchchheda ko baarii-baarii te padha़aawa janaa.
प्रश्न को बारी-बारी से पढ़ें।,Read the questions one by one.,ओड़ो: प्रश्न को बारी-बारी ते पढ़ाव केदा।,oda़o: prashna ko baarii-baarii te padha़aawa kedaa.
उत्तर को बारी-बारी से पढ़ें।,Read the answers one by one.,ओड़ो: उत्तर को बारी-बारी ते पढ़ाव जना।,oda़o: uttara ko baarii-baarii te padha़aawa janaa.
बारी-बारी से कहानी पढ़ें।,Take turns reading the story.,बारी-बारी ते कहानी पढ़ाव केदा।,baarii-baarii te kahaanii padha़aawa kedaa.
बारी-बारी से कविता पढ़ें।,Take turns reading the poem.,बारी-बारी ते कविता पढ़ाव केदा।,baarii-baarii te kawitaa padha़aawa kedaa.
संवाद को बारी-बारी से पढ़ें।,Read the dialogue one by one.,ओड़ोः संवाद को बारी-बारी ते पढ़ाव केदा।,oda़oh sanwaada ko baarii-baarii te padha़aawa kedaa.
अभ्यास को बारी-बारी से पढ़ें।,Read the exercises one by one.,बारी-बारी ते पढ़ाव जना।,baarii-baarii te padha़aawa janaa.
उदाहरण को बारी-बारी से पढ़ें।,Read the examples one by one.,ओड़ो: उदाहरण को बारी-बारी ते पढ़ाव केदा।,oda़o: udaaharana ko baarii-baarii te padha़aawa kedaa.
कैप्शन को बारी-बारी से पढ़ें।,Take turns reading the captions.,ओड़ो: कैप्शन को बारी-बारी ते पढ़ाव जना।,oda़o: kaipshana ko baarii-baarii te padha़aawa janaa.
चार्ट को बारी-बारी से पढ़ें।,Take turns reading the chart.,ओड़ोः चार्ट को बारी-बारी ते पढ़व केदा।,oda़oh chaarta ko baarii-baarii te padha़wa kedaa.
मानचित्र को बारी-बारी से पढ़ें।,Take turns reading the map.,ओड़ो: मानचित्र को बारी-बारी ते पढ़ाव केदा।,oda़o: maanachitrara ko baarii-baarii te padha़aawa kedaa.
तालिका को बारी-बारी से पढ़ें।,Take turns reading the table.,ओड़ो: तालिका को बारी-बारी ते पढ़ाव केदा।,oda़o: taalikaa ko baarii-baarii te padha़aawa kedaa.
परिभाषा को बारी-बारी से पढ़ें।,Read the definition one by one.,रआः परिभाषा को बारी-बारी ते पढ़ाव जना।,raaah paribhaashaa ko baarii-baarii te padha़aawa janaa.
निर्देश को बारी-बारी से पढ़ें।,Read the instructions one by one.,निर्देश के बारी-बारी ते पढ़ाव केदा।,nirdesha ke baarii-baarii te padha़aawa kedaa.
गतिविधि को बारी-बारी से पढ़ें।,Take turns reading the activity.,एटा: गतिविधि को बारी-बारी ते पढ़ाव केदा।,etaa: gatiwidhi ko baarii-baarii te padha़aawa kedaa.
प्रोजेक्ट को बारी-बारी से पढ़ें।,Take turns reading the project.,ओड़ोः प्रोजेक्ट को बारी-बारी ते पढ़ाव केदा।,oda़oh projekta ko baarii-baarii te padha़aawa kedaa.
नोट को बारी-बारी से पढ़ें।,Take turns reading the note.,ओड़ो: नोट को बारी-बारी ते पढ़ाव केदा।,oda़o: nota ko baarii-baarii te padha़aawa kedaa.
शब्द को बारी-बारी से पढ़ें।,Read the words one by one.,ओड़ो: शब्द को बारी-बारी ते पढ़ाव केदा।,oda़o: shabda ko baarii-baarii te padha़aawa kedaa.
वाक्य को बारी-बारी से पढ़ें।,Read the sentences one by one.,ओड़ोः वाक्य को बारी-बारी ते पढ़ाव जना।,oda़oh waakya ko baarii-baarii te padha़aawa janaa.
शीर्षक को बारी-बारी से पढ़ें।,Take turns reading the titles.,शीर्षक को बारी-बारी ते पढ़व केदा।,shiirshaka ko baarii-baarii te padha़wa kedaa.
अध्याय को बारी-बारी से पढ़ें।,Read the chapters one by one.,ओड़ोः अध्याय को बारी-बारी ते पढ़व जना।,oda़oh adhyaaya ko baarii-baarii te padha़wa janaa.
अनुभाग को बारी-बारी से पढ़ें।,Read the sections one by one.,ओड़ोः अनुभाग को बारी-बारी ते पढ़व केदा।,oda़oh anubhaaga ko baarii-baarii te padha़wa kedaa.
बारी-बारी से जीवनी पढ़ें।,Take turns reading the biographies.,बारी-बारी ते जीवनी पढ़ाव तना।,baarii-baarii te jiiwanii padha़aawa tanaa.
पाठ को दोबारा पढ़ें और अपना उत्तर जांचें।,Read the text again and check your answer.,ओड़ोः आपान पाठ को दोबारा पढ़व ओड़ोः आपान उत्तर जांच केदा।,oda़oh aapaana paatha ko dobaaraa padha़wa oda़oh aapaana uttara jaancha kedaa.
शीर्षक दोबारा पढ़ें और अपना उत्तर जांचें।,Read the title again and check your answer.,शीर्षक दोबारा पढ़ाव ओड़ो: आपान उत्तर जांच केदाए।,shiirshaka dobaaraa padha़aawa oda़o: aapaana uttara jaancha kedaae.
पैराग्राफ को दोबारा पढ़ें और अपना उत्तर जांचें।,Read the paragraph again and check your answer.,एटा: पैराग्राफ दोबारा पढ़ाव ओड़ो: आपान उत्तर जांच केदा।,etaa: pairaagraapha dobaaraa padha़aawa oda़o: aapaana uttara jaancha kedaa.
प्रश्न को दोबारा पढ़ें और अपना उत्तर जांचें।,Read the question again and check your answer.,ओड़ोः आपान उत्तर ओड़ोः आपान उत्तर जांच केदाएः।,oda़oh aapaana uttara oda़oh aapaana uttara jaancha kedaaeh.
उत्तर दोबारा पढ़ें और अपना उत्तर जांचें।,Read the answer again and check your answer.,ओड़ो: आपान उत्तर दोबारा पढ़ाव ओड़ो: आपान उत्तर जांच केदा।,oda़o: aapaana uttara dobaaraa padha़aawa oda़o: aapaana uttara jaancha kedaa.
कहानी दोबारा पढ़ें और अपना उत्तर जांचें।,Read the story again and check your answers.,ओड़ोः आपान कहानी दोबारा पढ़ाव ओड़ोः आपान उत्तर जांच केदाए।,oda़oh aapaana kahaanii dobaaraa padha़aawa oda़oh aapaana uttara jaancha kedaae.
कविता को दोबारा पढ़ें और अपना उत्तर जांचें।,Read the poem again and check your answer.,ओड़ोः आपान कविता के दोबारा पढ़व ओड़ोः आपान उत्तर जांच केदाएः।,oda़oh aapaana kawitaa ke dobaaraa padha़wa oda़oh aapaana uttara jaancha kedaaeh.
संवाद दोबारा पढ़ें और अपना उत्तर जांचें।,Read the dialogue again and check your answer.,ओड़ोः आपान संवाद दोबारा पढ़ाव ओड़ोः आपान उत्तर जांच केदा।,oda़oh aapaana sanwaada dobaaraa padha़aawa oda़oh aapaana uttara jaancha kedaa.
अभ्यास को दोबारा पढ़ें और अपना उत्तर जांचें।,Read the exercise again and check your answer.,ओड़ोः आपान अभ्यास दोबारा पढ़ाव ओड़ोः आपान उत्तर जांच केदाएः।,oda़oh aapaana abhyaasa dobaaraa padha़aawa oda़oh aapaana uttara jaancha kedaaeh.
उदाहरण दोबारा पढ़ें और अपना उत्तर जांचें।,Read the example again and check your answer.,ओड़ो: आपान उदाहरण दोबारा पढ़ाव ओड़ो: आपान उत्तर जांच केदा।,oda़o: aapaana udaaharana dobaaraa padha़aawa oda़o: aapaana uttara jaancha kedaa.
कैप्शन दोबारा पढ़ें और अपना उत्तर जांचें।,Read the caption again and check your answer.,आपान कैप्शन दोबारा पढ़व ओड़ो: आपान उत्तर जांच केदा।,aapaana kaipshana dobaaraa padha़wa oda़o: aapaana uttara jaancha kedaa.
चार्ट को दोबारा पढ़ें और अपना उत्तर जांचें।,Read the chart again and check your answer.,ओड़ोः आपान चार्ट को दोबारा पढ़व ओड़ोः आपान उत्तर जांच केदा।,oda़oh aapaana chaarta ko dobaaraa padha़wa oda़oh aapaana uttara jaancha kedaa.
मानचित्र को दोबारा पढ़ें और अपना उत्तर जांचें।,Read the map again and check your answer.,ओड़ो: मानचित्र दोबारा पढ़ाव ओड़ो: आपान उत्तर जांच केदा।,oda़o: maanachitrara dobaaraa padha़aawa oda़o: aapaana uttara jaancha kedaa.
तालिका को दोबारा पढ़ें और अपना उत्तर जांचें।,Read the table again and check your answer.,एटा: तालिका दोबारा पढ़ाव ओड़ो: आपान उत्तर जांच केदा।,etaa: taalikaa dobaaraa padha़aawa oda़o: aapaana uttara jaancha kedaa.
परिभाषा को दोबारा पढ़ें और अपना उत्तर जांचें।,Read the definition again and check your answer.,ओड़ोः आपान परिभाषा दोबारा पढ़ाव ओड़ोः आपान उत्तर जांच केदाएः।,oda़oh aapaana paribhaashaa dobaaraa padha़aawa oda़oh aapaana uttara jaancha kedaaeh.
निर्देश दोबारा पढ़ें और अपना उत्तर जांचें।,Read the instructions again and check your answer.,ओड़ोः निर्देश दोबारा पढ़ाव ओड़ोः आपान उत्तर जांच केदाए।,oda़oh nirdesha dobaaraa padha़aawa oda़oh aapaana uttara jaancha kedaae.
गतिविधि को दोबारा पढ़ें और अपना उत्तर जांचें।,Read the activity again and check your answer.,ओड़ोः आपान गतिविधि दोबारा पढ़ाव ओड़ोः आपान उत्तर जांच केदाएः।,oda़oh aapaana gatiwidhi dobaaraa padha़aawa oda़oh aapaana uttara jaancha kedaaeh.
प्रोजेक्ट को दोबारा पढ़ें और अपना उत्तर जांचें।,Reread the project and check your answer.,ओड़ोः प्रोजेक्ट दोबारा पढ़ाव ओड़ोः आपान उत्तर जांच केदाएः।,oda़oh projekta dobaaraa padha़aawa oda़oh aapaana uttara jaancha kedaaeh.
नोट को दोबारा पढ़ें और अपना उत्तर जांचें।,Read the note again and check your answer.,ओड़ोः आपान नोट के दोबारा पढ़व ओड़ोः आपान उत्तर जांच केदाएः।,oda़oh aapaana nota ke dobaaraa padha़wa oda़oh aapaana uttara jaancha kedaaeh.
शब्द को दोबारा पढ़ें और अपना उत्तर जांचें।,Read the word again and check your answer.,ओड़ो: आपान उत्तर ओड़ो: आपान उत्तर जांच केदा।,oda़o: aapaana uttara oda़o: aapaana uttara jaancha kedaa.
वाक्य को दोबारा पढ़ें और अपना उत्तर जांचें।,Read the sentence again and check your answer.,ओड़ोः आपान वाक्य के दोबारा पढ़ाव ओड़ोः आपान उत्तर जांच केदा।,oda़oh aapaana waakya ke dobaaraa padha़aawa oda़oh aapaana uttara jaancha kedaa.
शीर्षक दोबारा पढ़ें और अपना उत्तर जांचें।,Read the title again and check your answer.,शीर्षक दोबारा पढ़ाव ओड़ो: आपान उत्तर जांच केदाए।,shiirshaka dobaaraa padha़aawa oda़o: aapaana uttara jaancha kedaae.
अध्याय को दोबारा पढ़ें और अपना उत्तर जांचें।,Read the chapter again and check your answers.,ओड़ोः आपान अध्याय दोबारा पढ़व ओड़ोः आपान उत्तर जांच केदाएः।,oda़oh aapaana adhyaaya dobaaraa padha़wa oda़oh aapaana uttara jaancha kedaaeh.
अनुभाग को दोबारा पढ़ें और अपना उत्तर जांचें।,Reread the section and check your answer.,ओड़ोः आपान अनुभाग दोबारा पढ़ाव ओड़ोः आपान उत्तर जांच केदा।,oda़oh aapaana anubhaaga dobaaraa padha़aawa oda़oh aapaana uttara jaancha kedaa.
जीवनी दोबारा पढ़ें और अपना उत्तर जांचें।,Read the biography again and check your answer.,ओड़ोः आपान जीवनी दोबारा पढ़व ओड़ोः आपान उत्तर जांच केदाए।,oda़oh aapaana jiiwanii dobaaraa padha़wa oda़oh aapaana uttara jaancha kedaae.
अपनी नोटबुक में तारीख लिखें.,Write the date in your notebook.,आपान नोटबुक रे तारीख ओमकेदाएः।,aapaana notabuka re taariikha omakedaaeh.
शीर्षक को अपनी नोटबुक में लिखें.,Write the title in your notebook.,शीर्षक के आपान नोटबुक रे ओलकेदाए।,shiirshaka ke aapaana notabuka re olakedaae.
उत्तर अपनी नोटबुक में लिखें।,Write the answer in your notebook.,आपान नोटबुक रे ओलकेदाए।,aapaana notabuka re olakedaae.
वाक्य को अपनी नोटबुक में लिखें.,Write the sentence in your notebook.,आपान वाक्य के आपान नोटबुक रे ओलकेदाए।,aapaana waakya ke aapaana notabuka re olakedaae.
पैराग्राफ को अपनी नोटबुक में लिखें.,Write the paragraph in your notebook.,मेनदो पैराग्राफ के आपान नोटबुक रे ओलकेदाएः।,menado pairaagraapha ke aapaana notabuka re olakedaaeh.
सूची को अपनी नोटबुक में लिखें.,Write the list in your notebook.,आपान सूची के आपान नोटबुक रे ओलकेदाए।,aapaana suuchii ke aapaana notabuka re olakedaae.
तालिका को अपनी नोटबुक में लिखें।,Write the table in your notebook.,आपान तालिका के आपान नोटबुक रे ओलकेदाए।,aapaana taalikaa ke aapaana notabuka re olakedaae.
लेबल को अपनी नोटबुक में लिखें.,Write the label in your notebook.,आपान लेबल के आपान नोटबुक रे लिखव केदाए।,aapaana lebala ke aapaana notabuka re likhawa kedaae.
अपनी नोटबुक में कैप्शन लिखें.,Write the caption in your notebook.,आपान नोटबुक रे कैप्शन ओलकेदाए।,aapaana notabuka re kaipshana olakedaae.
इसकी परिभाषा अपनी नोटबुक में लिखिए।,Write its definition in your notebook.,नेया रा: परिभाषा आपान नोटबुक रे लिखिया:,neyaa raa: paribhaashaa aapaana notabuka re likhiyaa:
उदाहरण को अपनी नोटबुक में लिखें.,Write the example in your notebook.,एटा: उदाहरण को आपान नोटबुक रे ओल केदाए।,etaa: udaaharana ko aapaana notabuka re ola kedaae.
सारांश को अपनी नोटबुक में लिखें.,Write the summary in your notebook.,सारांश आपान नोटबुक रे ओलकेदाएः।,saaraansha aapaana notabuka re olakedaaeh.
नोट को अपनी नोटबुक में लिखें.,Write the note in your notebook.,आपान नोट को आपान नोटबुक रे ओलकेदाए।,aapaana nota ko aapaana notabuka re olakedaae.
रिपोर्ट को अपनी नोटबुक में लिखें.,Write the report in your notebook.,आपान रिपोर्ट के आपान नोटबुक रे ओलकेदाए।,aapaana riporta ke aapaana notabuka re olakedaae.
निबंध को अपनी नोटबुक में लिखें.,Write the essay in your notebook.,आपान निबंध के आपान नोटबुक रे ओलकेदाए।,aapaana nibandha ke aapaana notabuka re olakedaae.
प्रोजेक्ट को अपनी नोटबुक में लिखें.,Write down the project in your notebook.,आपान प्रोजेक्ट के आपान नोटबुक रे ओलकेदाए।,aapaana projekta ke aapaana notabuka re olakedaae.
गतिविधि को अपनी नोटबुक में लिखें.,Write the activity in your notebook.,आपान गतिविधि को आपान नोटबुक रे ओलकेदाए।,aapaana gatiwidhi ko aapaana notabuka re olakedaae.
प्रश्न को अपनी नोटबुक में लिखें.,Write the question in your notebook.,आपान प्रश्न के आपान नोटबुक रे ओलकेदाए।,aapaana prashna ke aapaana notabuka re olakedaae.
अपनी नोटबुक में नाम लिखें.,Write the name in your notebook.,आपान नोटबुक रे नाम ओलकेदाएः।,aapaana notabuka re naama olakedaaeh.
कारण अपनी नोटबुक में लिखो।,Write the reason in your notebook.,मेनदो आपान नोटबुक रे लिजाओआ।,menado aapaana notabuka re lijaaoaa.
राय को अपनी नोटबुक में लिखें.,Write your opinion in your notebook.,राय आपान नोटबुक रे ओलकेदाएः।,raaya aapaana notabuka re olakedaaeh.
अवलोकन को अपनी नोटबुक में लिखें।,Write the observation in your notebook.,आपान अवलोकन के आपान नोटबुक रे ओलकेदाए।,aapaana awalokana ke aapaana notabuka re olakedaae.
निष्कर्ष को अपनी नोटबुक में लिखें।,Write the conclusion in your notebook.,आपान निष्कर्ष के आपान नोटबुक रे ओलकेदाए।,aapaana nishkarsha ke aapaana notabuka re olakedaae.
चित्र को अपनी नोटबुक में लिखें।,Write the picture in your notebook.,आपान चित्र को आपान नोटबुक रे ओलकेदाए।,aapaana chitrara ko aapaana notabuka re olakedaae.
विवरण अपनी नोटबुक में लिखें.,Write the details in your notebook.,आपान विवरण आपान नोटबुक रे ओलकेदाए।,aapaana wiwarana aapaana notabuka re olakedaae.
तारीख साफ-साफ कॉपी कर लें.,Copy the date clearly.,तारीख साफ-साफ कॉपी केदाएः।,taariikha saapha-saapha kaॉpii kedaaeh.
शीर्षक को साफ़-साफ़ कॉपी करें.,Copy the title clearly.,शीर्षक के साफ़-साफ़ कॉपी रिकाएआ।,shiirshaka ke saapha़-saapha़ kaॉpii rikaaeaa.
उत्तर को साफ-साफ कॉपी करें।,Copy the answer neatly.,नेआ उत्तर के साफ-साफ कॉपी केदा।,neaa uttara ke saapha-saapha kaॉpii kedaa.
वाक्य को साफ-साफ कॉपी करें।,Copy the sentence neatly.,नेआ वाक्य के साफ-साफ कॉपी रिकाएआ।,neaa waakya ke saapha-saapha kaॉpii rikaaeaa.
पैराग्राफ को साफ-साफ कॉपी करें।,Copy the paragraph neatly.,पैराग्राफ के साफ-साफ कॉपी केदा।,pairaagraapha ke saapha-saapha kaॉpii kedaa.
सूची को साफ़-साफ़ कॉपी करें.,Copy the list clearly.,रआः सूची के साफ़-साफ़ कॉपी केदाएः।,raaah suuchii ke saapha़-saapha़ kaॉpii kedaaeh.
तालिका को साफ़-साफ़ कॉपी करें.,Copy the table cleanly.,एटा: तालिका साफ़-साफ़ कॉपी रिकाएआ।,etaa: taalikaa saapha़-saapha़ kaॉpii rikaaeaa.
लेबल को साफ़-साफ़ कॉपी करें.,Copy the label clearly.,एटा: लेबल के साफ़-साफ़ कॉपी रिकाएआ।,etaa: lebala ke saapha़-saapha़ kaॉpii rikaaeaa.
कैप्शन को अच्छे से कॉपी करें.,Copy the caption carefully.,ओड़ो: कैप्शन के बेसे ते कॉपी रिकाएआ।,oda़o: kaipshana ke bese te kaॉpii rikaaeaa.
परिभाषा को साफ़-साफ़ कॉपी करें.,Copy the definition clearly.,आपान परिभाषा के साफ़-साफ़ कॉपी रिकाएआ।,aapaana paribhaashaa ke saapha़-saapha़ kaॉpii rikaaeaa.
उदाहरण को साफ़-साफ़ कॉपी करें.,Copy the example clearly.,ने उदाहरण के साफ़-साफ़ कॉपी रिकाएआ।,ne udaaharana ke saapha़-saapha़ kaॉpii rikaaeaa.
सारांश को साफ़-साफ़ कॉपी करें.,Copy the summary clearly.,सारांश के साफ़-साफ़ कॉपी रिकाएआ।,saaraansha ke saapha़-saapha़ kaॉpii rikaaeaa.
नोट को साफ-साफ कॉपी करें.,Copy the note clearly.,ओनोल नोट के साफ-साफ कॉपी रिकाएआ।,onola nota ke saapha-saapha kaॉpii rikaaeaa.
रिपोर्ट को साफ़-साफ़ कॉपी करें.,Copy the report clearly.,ने रिपोर्ट के साफ़-साफ़ कॉपी रिकाएआ।,ne riporta ke saapha़-saapha़ kaॉpii rikaaeaa.
निबंध को साफ-साफ कॉपी करें.,Copy the essay neatly.,निबंध के साफ-साफ कॉपी रिकाएआ।,nibandha ke saapha-saapha kaॉpii rikaaeaa.
प्रोजेक्ट को साफ़-साफ़ कॉपी करें.,Copy the project cleanly.,प्रोजेक्ट के साफ़-साफ़ कॉपी रिकाएआ।,projekta ke saapha़-saapha़ kaॉpii rikaaeaa.
गतिविधि को साफ़-साफ़ कॉपी करें.,Copy the activity clearly.,गतिविधि के साफ़-साफ़ कॉपी रिकाएआ।,gatiwidhi ke saapha़-saapha़ kaॉpii rikaaeaa.
प्रश्न को साफ-साफ कॉपी करें।,Copy the question clearly.,साफ-साफ कॉपी रिकाएआ।,saapha-saapha kaॉpii rikaaeaa.
नाम को साफ-साफ कॉपी करें.,Copy the name clearly.,नुतुम को साफ-साफ कॉपी रिकाएआ।,nutuma ko saapha-saapha kaॉpii rikaaeaa.
कारण को साफ-साफ कॉपी करें।,Copy the reason clearly.,कारण कारण साफ-साफ कॉपी रिकाएआ।,kaarana kaarana saapha-saapha kaॉpii rikaaeaa.
राय को साफ-साफ कॉपी करें.,Copy the opinion clearly.,राय के साफ-साफ कॉपी रिकाएआ।,raaya ke saapha-saapha kaॉpii rikaaeaa.
अवलोकन को साफ-साफ कॉपी करें।,Copy the observation neatly.,अवलोकन के साफ-साफ कॉपी रिकाएआ।,awalokana ke saapha-saapha kaॉpii rikaaeaa.
निष्कर्ष को साफ-साफ कॉपी करें।,Copy the conclusion neatly.,निष्कर्ष के साफ-साफ कॉपी रिकाएआ।,nishkarsha ke saapha-saapha kaॉpii rikaaeaa.
आरेख को साफ़-साफ़ कॉपी करें.,Copy the diagram neatly.,आरेख आरेख के साफ़-साफ़ कॉपी रिकाएआ।,aarekha aarekha ke saapha़-saapha़ kaॉpii rikaaeaa.
विवरण को साफ़-साफ़ कॉपी करें.,Copy the details clearly.,नेआ विवरण को साफ़-साफ़ कॉपी रिकाएआ।,neaa wiwarana ko saapha़-saapha़ kaॉpii rikaaeaa.
दिनांक को अपने शब्दों में पूरा करें।,Complete the date in your own words.,आपान दिनांक के आपान शब्द कोरे पूरा रिकाएआ।,aapaana dinaanka ke aapaana shabda kore puuraa rikaaeaa.
शीर्षक को अपने शब्दों में पूरा करें।,Complete the title in your own words.,शीर्षक के आपान शब्द कोरे पूरा रिकाएआ।,shiirshaka ke aapaana shabda kore puuraa rikaaeaa.
उत्तर अपने शब्दों में पूरा करें।,Complete the answer in your own words.,आपान उत्तर आपान शब्दकोरे पूरा रिकाएआ।,aapaana uttara aapaana shabdakore puuraa rikaaeaa.
वाक्य को अपने शब्दों में पूरा करें।,Complete the sentence in your own words.,आपान वाक्य के आपान शब्द कोरे पूरा होबाओआ।,aapaana waakya ke aapaana shabda kore puuraa hobaaoaa.
अनुच्छेद को अपने शब्दों में पूरा करें।,Complete the paragraph in your own words.,आपान अनुच्छेद के आपान शब्द कोरे पूरा रिकाएआ।,aapaana anuchchheda ke aapaana shabda kore puuraa rikaaeaa.
सूची को अपने शब्दों में पूरा करें।,Complete the list in your own words.,आपान सूची के आपान शब्द कोरे पूरा रिकाएआ।,aapaana suuchii ke aapaana shabda kore puuraa rikaaeaa.
तालिका को अपने शब्दों में पूरा करें।,Complete the table in your own words.,आपान तालिका के आपान शब्द कोरे पूरा रिकाएआ।,aapaana taalikaa ke aapaana shabda kore puuraa rikaaeaa.
लेबल को अपने शब्दों में पूरा करें।,Complete the label in your own words.,आपान लेबल के आपान शब्द कोरे पूरा होबाओआ।,aapaana lebala ke aapaana shabda kore puuraa hobaaoaa.
कैप्शन को अपने शब्दों में पूरा करें।,Complete the caption in your own words.,आपान कैप्शन के आपान शब्द रे पूरा रिकाएआ।,aapaana kaipshana ke aapaana shabda re puuraa rikaaeaa.
परिभाषा को अपने शब्दों में पूरा करें।,Complete the definition in your own words.,आपान परिभाषा के आपान शब्द कोरे पूरा होबाओआ।,aapaana paribhaashaa ke aapaana shabda kore puuraa hobaaoaa.
उदाहरण को अपने शब्दों में पूरा करें।,Complete the example in your own words.,आपान उदाहरण के आपान उदाहरण कोरे पूरा होबाओआ।,aapaana udaaharana ke aapaana udaaharana kore puuraa hobaaoaa.
सारांश को अपने शब्दों में पूरा करें।,Complete the summary in your own words.,सारांश आपान सारांश कोरे पूरा होबाओआ।,saaraansha aapaana saaraansha kore puuraa hobaaoaa.
नोट को अपने शब्दों में पूरा करें।,Complete the note in your own words.,आपान नोट के आपान शब्द कोरे पूरा रिकाएआ।,aapaana nota ke aapaana shabda kore puuraa rikaaeaa.
रिपोर्ट को अपने शब्दों में पूरा करें।,Complete the report in your own words.,आपान रिपोर्ट के आपान शब्द कोरे पूरा होबाओआ।,aapaana riporta ke aapaana shabda kore puuraa hobaaoaa.
निबंध को अपने शब्दों में पूरा करें।,Complete the essay in your own words.,आपान निबंध के आपान शब्द कोरे पूरा होबाओआ।,aapaana nibandha ke aapaana shabda kore puuraa hobaaoaa.
प्रोजेक्ट को अपने शब्दों में पूरा करें.,Complete the project in your own words.,आपान प्रोजेक्ट के आपान शब्द कोरे पूरा रिकाएआ।,aapaana projekta ke aapaana shabda kore puuraa rikaaeaa.
गतिविधि को अपने शब्दों में पूरा करें।,Complete the activity in your own words.,आपान गतिविधि के आपान शब्द कोरे पूरा रिकाएआ।,aapaana gatiwidhi ke aapaana shabda kore puuraa rikaaeaa.
प्रश्न को अपने शब्दों में पूरा करें।,Complete the question in your own words.,आपान प्रश्न के आपान शब्द कोरे पूरा रिकाएआ।,aapaana prashna ke aapaana shabda kore puuraa rikaaeaa.
नाम अपने शब्दों में पूरा करें।,Complete the name in your own words.,आपान नुतुम आपान शब्दकोरे पूरा होबाओआ।,aapaana nutuma aapaana shabdakore puuraa hobaaoaa.
कारण अपने शब्दों में पूरा करें।,Complete the reason in your own words.,कारण आपान शब्द कोरे पूरा रिकाएआ।,kaarana aapaana shabda kore puuraa rikaaeaa.
राय को अपने शब्दों में पूरा करें।,Complete the opinion in your own words.,आपान राय के आपान शब्द कोरे पूरा रिकाएआ।,aapaana raaya ke aapaana shabda kore puuraa rikaaeaa.
अवलोकन को अपने शब्दों में पूरा करें।,Complete the observation in your own words.,आपान अवलोकन के आपान शब्द कोरे पूरा होबाओआ।,aapaana awalokana ke aapaana shabda kore puuraa hobaaoaa.
निष्कर्ष को अपने शब्दों में पूरा करें।,Complete the conclusion in your own words.,आपान निष्कर्ष के आपान शब्द कोरे पूरा होबाओआ।,aapaana nishkarsha ke aapaana shabda kore puuraa hobaaoaa.
आरेख को अपने शब्दों में पूरा करें।,Complete the diagram in your own words.,आरेख आरेख के आपान शब्द कोरे पूरा रिकाएआ।,aarekha aarekha ke aapaana shabda kore puuraa rikaaeaa.
विवरण अपने शब्दों में पूरा करें।,Complete the description in your own words.,आपान विवरण आपान शब्दकोरे पूरा रिकाएआ।,aapaana wiwarana aapaana shabdakore puuraa rikaaeaa.
दिनांक के लिए एक उदाहरण लिखिए।,Write an example for date.,एटा: दिनांक नातिन मिआद उदाहरण लिखिया,etaa: dinaanka naatina miaada udaaharana likhiyaa
शीर्षक के लिए एक उदाहरण लिखें.,Write an example for the title.,शीर्षक नातिन मिआद उदाहरण लिजाओःआ।,shiirshaka naatina miaada udaaharana lijaaohaa.
उत्तर के लिए एक उदाहरण लिखिए।,Write an example to support your answer.,नातिन मिआद उदाहरण लिखिया।,naatina miaada udaaharana likhiyaa.
वाक्य के लिए एक उदाहरण लिखिए।,Write an example for the sentence.,नेआ वाक्य नातिन मिआद उदाहरण लिखिया।,neaa waakya naatina miaada udaaharana likhiyaa.
पैराग्राफ के लिए एक उदाहरण लिखें।,Write an example for the paragraph.,नातिन पैराग्राफ नातिन मिआद उदाहरण लिजाना।,naatina pairaagraapha naatina miaada udaaharana lijaanaa.
सूची के लिए एक उदाहरण लिखें.,Write an example for the list.,आपान सूची नातिन मिआद उदाहरण लिजाओआ।,aapaana suuchii naatina miaada udaaharana lijaaoaa.
तालिका के लिए एक उदाहरण लिखिए।,Write an example for the table.,एटा: तालिका नातिन मिआद उदाहरण लिखिया,etaa: taalikaa naatina miaada udaaharana likhiyaa
लेबल के लिए एक उदाहरण लिखें.,Write an example for the label.,एटा: लेबल नातिन मिआद उदाहरण लिजाओआ।,etaa: lebala naatina miaada udaaharana lijaaoaa.
कैप्शन के लिए एक उदाहरण लिखें.,Write an example for the caption.,नातिन मिआद उदाहरण लिजाओःआ।,naatina miaada udaaharana lijaaohaa.
परिभाषा के लिए एक उदाहरण लिखिए।,Write an example to illustrate the definition.,आपान परिभाषा नातिन मिआद उदाहरण लिखिया।,aapaana paribhaashaa naatina miaada udaaharana likhiyaa.
उदाहरण के लिए एक उदाहरण लिखिए।,Write an example to illustrate.,नातिन मिआद उदाहरण नातिन मिआद उदाहरण लिखिया।,naatina miaada udaaharana naatina miaada udaaharana likhiyaa.
सारांश के लिए एक उदाहरण लिखें।,Write an example for the summary.,सारांश नातिन मिआद उदाहरण लिजाओःआ।,saaraansha naatina miaada udaaharana lijaaohaa.
नोट के लिए एक उदाहरण लिखें.,Write an example for the note.,नातिन नोट नातिन मिआद उदाहरण लिजाओःआ।,naatina nota naatina miaada udaaharana lijaaohaa.
रिपोर्ट के लिए एक उदाहरण लिखें.,Write an example for the report.,ने रिपोर्ट नातिन मिआद उदाहरण लिजाओःआ।,ne riporta naatina miaada udaaharana lijaaohaa.
निबंध के लिए एक उदाहरण लिखें.,Write an example for the essay.,नातिन मिआद उदाहरण लिजाओःआ।,naatina miaada udaaharana lijaaohaa.
प्रोजेक्ट के लिए एक उदाहरण लिखें.,Write an example for the project.,आपान प्रोजेक्ट नातिन मिआद उदाहरण लिजाओःआ।,aapaana projekta naatina miaada udaaharana lijaaohaa.
गतिविधि के लिए एक उदाहरण लिखें.,Write an example for the activity.,नातिन गतिविधि नातिन मिआद उदाहरण लिखव केदा।,naatina gatiwidhi naatina miaada udaaharana likhawa kedaa.
प्रश्न के लिए एक उदाहरण लिखें.,Write an example for the question.,नातिन प्रश्न नातिन मिआद उदाहरण लिजाओःआ।,naatina prashna naatina miaada udaaharana lijaaohaa.
नाम के लिए एक उदाहरण लिखिए।,Write an example for the name.,नातिन मिआद उदाहरण लिखिल केदा।,naatina miaada udaaharana likhila kedaa.
कारण का एक उदाहरण लिखिए।,Write an example of a reason.,कारण रा: मियद उदाहरण लिखिया,kaarana raa: miyada udaaharana likhiyaa
राय के लिए एक उदाहरण लिखिए।,Write an example for the opinion.,राय नातिन मिआद उदाहरण लिखिया।,raaya naatina miaada udaaharana likhiyaa.
अवलोकन के लिए एक उदाहरण लिखिए।,Write an example for observation.,आपान अवलोकन नातिन मिआद उदाहरण लिखिया।,aapaana awalokana naatina miaada udaaharana likhiyaa.
निष्कर्ष के लिए एक उदाहरण लिखिए।,Write an example for the conclusion.,नातिन मिआद उदाहरण ओल केदा।,naatina miaada udaaharana ola kedaa.
आरेख के लिए एक उदाहरण लिखिए।,Write an example for the diagram.,आरेख नातिन मिआद उदाहरण लिखिल केदा।,aarekha naatina miaada udaaharana likhila kedaa.
विवरण के लिए एक उदाहरण लिखें।,Write an example to illustrate the description.,नेआ विवरण नातिन मिआद उदाहरण लिजाओःआ।,neaa wiwarana naatina miaada udaaharana lijaaohaa.
दिनांक के बारे में दो बिन्दु लिखिए।,Write two points about the date.,ओड़ोः दिनांक राः बारे रे बरन बिन्दु ओम केदाएः।,oda़oh dinaanka raah baare re barana bindu oma kedaaeh.
शीर्षक के बारे में दो बातें लिखिए।,Write two things about the title.,शीर्षक राः बारे रे बारिआ जागारको लिखिल केदा।,shiirshaka raah baare re baariaa jaagaarako likhila kedaa.
उत्तर के बारे में दो बिन्दु लिखिए।,Write two points about the answer.,ओड़ोः उत्तर राः बारे रे बरन बिन्दु ओल केदा।,oda़oh uttara raah baare re barana bindu ola kedaa.
वाक्य के बारे में दो बिन्दु लिखिए।,Write two points about the sentence.,ओड़ोः वाक्य राः बारे रे बरन बिन्दु ओल केदा।,oda़oh waakya raah baare re barana bindu ola kedaa.
अनुच्छेद के बारे में दो बिंदु लिखिए।,Write two points about the paragraph.,रआः अनुच्छेद राः बारे रे बरन बिंदु लिखिल केदा।,raaah anuchchheda raah baare re barana bindu likhila kedaa.
सूची के बारे में दो बिंदु लिखिए।,Write two points about the list.,ओड़ोः सूची बारे रे बरन बिंदु लिखिल केदा।,oda़oh suuchii baare re barana bindu likhila kedaa.
तालिका के बारे में दो बिन्दु लिखिए।,Write two points about the table.,रआः तालिका राः बारे रे बरन बिन्दु लिखिल केदा।,raaah taalikaa raah baare re barana bindu likhila kedaa.
लेबल के बारे में दो बिंदु लिखिए।,Write two points about the label.,ओड़ो: लेबल रा: बारे रे बरन बिंदु ओल केदा।,oda़o: lebala raa: baare re barana bindu ola kedaa.
कैप्शन के बारे में दो बिंदु लिखें।,Write two points about the caption.,एटा: कैप्शन रा: बारे रे बरन बिंदु ओल केदा।,etaa: kaipshana raa: baare re barana bindu ola kedaa.
परिभाषा के बारे में दो बिन्दु लिखिए।,Write two points about the definition.,आपान परिभाषा राः बारे रे बारिआ बिन्दु ओल केदा।,aapaana paribhaashaa raah baare re baariaa bindu ola kedaa.
उदाहरण के बारे में दो बिंदु लिखिए।,Write two points about the example.,एटा: उदाहरण रा: बारे रे बरन बिंदु ओलकेदाए।,etaa: udaaharana raa: baare re barana bindu olakedaae.
सारांश के बारे में दो बिन्दु लिखिए।,Write two points about the summary.,सारांशरा: बारे रे बरन बिन्दु लिखिल केदा।,saaraansharaa: baare re barana bindu likhila kedaa.
नोट के बारे में दो बिंदु लिखें।,Write two points about the note.,एटा नोट राः बारे रे बरन बिंदु ओल केदा।,etaa nota raah baare re barana bindu ola kedaa.
रिपोर्ट के बारे में दो बिंदु लिखें।,Write two points about the report.,ओड़ोः रिपोर्ट राः बारे रे बरन बिंदु लिजाओःआ।,oda़oh riporta raah baare re barana bindu lijaaohaa.
निबंध के बारे में दो बिंदु लिखिए।,Write two points about the essay.,ओड़ो: निबंध रा: बारे रे बरन बिंदु ओल केदा।,oda़o: nibandha raa: baare re barana bindu ola kedaa.
परियोजना के बारे में दो बिंदु लिखिए।,Write two points about the project.,रआः परियोजना बारे रे बरन बिंदु ओल केदाएः।,raaah pariyojanaa baare re barana bindu ola kedaaeh.
गतिविधि के बारे में दो बिंदु लिखें।,Write two points about the activity.,ओड़ो: गतिविधि बारे रे बरन बिंदु ओल केदा।,oda़o: gatiwidhi baare re barana bindu ola kedaa.
प्रश्न के बारे में दो बिंदु लिखें।,Write two points about the question.,ओड़ो: प्रश्न रा: बारे रे बरन बिंदु ओल केदा।,oda़o: prashna raa: baare re barana bindu ola kedaa.
नाम के बारे में दो बातें लिखिए।,Write two things about the name.,नेआ बारे रे बारिआ जागारको लिखिल केदा।,neaa baare re baariaa jaagaarako likhila kedaa.
कारण के बारे में दो बिन्दु लिखिए।,Write two points about the reason.,कारण कारण रा: बारे रे बरन बिन्दु लिखिया।,kaarana kaarana raa: baare re barana bindu likhiyaa.
राय के बारे में दो बिन्दु लिखिए।,Write two points about the opinion.,राय रा: बारे रे बरन बिन्दु लिखिया:,raaya raa: baare re barana bindu likhiyaa:
अवलोकन के बारे में दो बिंदु लिखिए।,Write two points about the observation.,ओड़ो: अवलोकन रा: बारे रे बरन बिंदु ओल केदा।,oda़o: awalokana raa: baare re barana bindu ola kedaa.
निष्कर्ष के बारे में दो बिन्दु लिखिए।,Write two points about the conclusion.,निष्कर्ष राः बारे रे बरन बिन्दु लिखिल केदा।,nishkarsha raah baare re barana bindu likhila kedaa.
आरेख के बारे में दो बिंदु लिखिए।,Write two points about the diagram.,आरेख राः बारे रे बारिआ बिंदु ओलकेदाएः।,aarekha raah baare re baariaa bindu olakedaaeh.
विवरण के बारे में दो बिन्दु लिखिए।,Write two points about the description.,ओड़ो: विवरण रा: बारे रे बरन बिन्दु ओल केदा।,oda़o: wiwarana raa: baare re barana bindu ola kedaa.
तारीख पर एक संक्षिप्त नोट लिखें.,Write a brief note on the date.,तारीख रे मिआद संक्षिप्त नोट ओलकेदाएः।,taariikha re miaada sankshashipta nota olakedaaeh.
शीर्षक पर एक संक्षिप्त टिप्पणी लिखें।,Write a short note on the title.,शीर्षक रे मिआद संक्षिप्त टिप्पणी ओल केदा।,shiirshaka re miaada sankshashipta tippanii ola kedaa.
उत्तर पर एक संक्षिप्त टिप्पणी लिखें।,Write a short note on the answer.,ओड़ाः रे मिआद संक्षिप्त टिप्पणी ओमकेदाएः।,oda़aah re miaada sankshashipta tippanii omakedaaeh.
वाक्य पर एक संक्षिप्त टिप्पणी लिखें।,Write a short note on the sentence.,ओड़ोः वाक्य रे मिआद संक्षिप्त टिप्पणी ओम केदा।,oda़oh waakya re miaada sankshashipta tippanii oma kedaa.
पैराग्राफ पर एक संक्षिप्त टिप्पणी लिखें।,Write a short note on the paragraph.,रआः पैराग्राफ रे मिआद संक्षिप्त टिप्पणी ओमकेदाएः।,raaah pairaagraapha re miaada sankshashipta tippanii omakedaaeh.
सूची पर एक संक्षिप्त नोट लिखें.,Write a brief note on the list.,रआः सूची रे मिआद संक्षिप्त नोट ओलकेदाएः।,raaah suuchii re miaada sankshashipta nota olakedaaeh.
मेज पर एक संक्षिप्त नोट लिखें.,Write a short note on the table.,मेनदो मेज रे मिआद संक्षिप्त नोट ओलकेदाएः।,menado meja re miaada sankshashipta nota olakedaaeh.
लेबल पर एक संक्षिप्त नोट लिखें.,Write a brief note on the label.,रआः लेबल रे मिआद संक्षिप्त नोट ओलकेदाएः।,raaah lebala re miaada sankshashipta nota olakedaaeh.
कैप्शन पर एक संक्षिप्त टिप्पणी लिखें।,Write a short comment on the caption.,एटा: कैप्शन रे मिआद संक्षिप्त टिप्पणी ओल केदा।,etaa: kaipshana re miaada sankshashipta tippanii ola kedaa.
परिभाषा पर एक संक्षिप्त टिप्पणी लिखिए।,Write a short note on the definition.,आपान परिभाषा रे मिआद संक्षिप्त टिप्पणी ओल केदाएः।,aapaana paribhaashaa re miaada sankshashipta tippanii ola kedaaeh.
उदाहरण पर एक संक्षिप्त टिप्पणी लिखें।,Write a short note on the example.,ने उदाहरण रे मिआद संक्षिप्त टिप्पणी ओमकेदाएः।,ne udaaharana re miaada sankshashipta tippanii omakedaaeh.
सारांश पर एक संक्षिप्त टिप्पणी लिखें।,Write a short note on the summary.,सारांश रे मिआद संक्षिप्त टिप्पणी ओमेआ।,saaraansha re miaada sankshashipta tippanii omeaa.
नोट पर एक संक्षिप्त नोट लिखें.,Write a short note on the note.,एटा: नोट रे मिआद संक्षिप्त नोट ओलकेदाए।,etaa: nota re miaada sankshashipta nota olakedaae.
रिपोर्ट पर एक संक्षिप्त टिप्पणी लिखें।,Write a short note on the report.,रआः रिपोर्ट रे मिआद संक्षिप्त टिप्पणी लिजाओःआ।,raaah riporta re miaada sankshashipta tippanii lijaaohaa.
निबंध पर एक संक्षिप्त टिप्पणी लिखें।,Write a short note on the essay.,नेआ निबंध रे मिआद संक्षिप्त टिप्पणी ओमकेदाएः।,neaa nibandha re miaada sankshashipta tippanii omakedaaeh.
प्रोजेक्ट पर एक संक्षिप्त नोट लिखें.,Write a short note on the project.,रआः प्रोजेक्ट रे मिआद संक्षिप्त नोट ओलकेदाएः।,raaah projekta re miaada sankshashipta nota olakedaaeh.
गतिविधि पर एक संक्षिप्त नोट लिखें।,Write a short note on the activity.,रआः गतिविधि रे मिआद संक्षिप्त नोट ओलकेदाएः।,raaah gatiwidhi re miaada sankshashipta nota olakedaaeh.
प्रश्न पर एक संक्षिप्त टिप्पणी लिखें।,Write a short note on the question.,रआः प्रश्न रे मिआद संक्षिप्त टिप्पणी लिजाओःआ।,raaah prashna re miaada sankshashipta tippanii lijaaohaa.
नाम पर एक संक्षिप्त टिप्पणी लिखें।,Write a short note on the name.,नुतुम रे मिआद संक्षिप्त टिप्पणी ओल केदा।,nutuma re miaada sankshashipta tippanii ola kedaa.
कारण पर एक संक्षिप्त टिप्पणी लिखिए।,Write a short note on the reason.,कारण रे मिआद संक्षिप्त टिप्पणी ओमकेदाएः।,kaarana re miaada sankshashipta tippanii omakedaaeh.
राय पर एक संक्षिप्त टिप्पणी लिखें।,Write a short note on the opinion.,राय रे मिआद संक्षिप्त टिप्पणी ओमकेदाएः।,raaya re miaada sankshashipta tippanii omakedaaeh.
अवलोकन पर एक संक्षिप्त टिप्पणी लिखें।,Write a short note on the observation.,रआः अवलोकन रे मिआद संक्षिप्त टिप्पणी लिजाओःआ।,raaah awalokana re miaada sankshashipta tippanii lijaaohaa.
निष्कर्ष पर एक संक्षिप्त टिप्पणी लिखें।,Write a short note on the conclusion.,निष्कर्ष रे मिआद संक्षिप्त टिप्पणी ओम केदा।,nishkarsha re miaada sankshashipta tippanii oma kedaa.
आरेख पर एक संक्षिप्त टिप्पणी लिखें।,Write a short note on the diagram.,आरेख रे मिआद संक्षिप्त टिप्पणी ओमकेदाएः।,aarekha re miaada sankshashipta tippanii omakedaaeh.
विवरण पर एक संक्षिप्त टिप्पणी लिखें।,Write a short note on the description.,नेआ विवरण रे मिआद संक्षिप्त टिप्पणी ओम केदा।,neaa wiwarana re miaada sankshashipta tippanii oma kedaa.
दिनांक के नीचे अपना उत्तर लिखें।,Write your answer below the date.,आपान दिनांक राः नीचे आपान उत्तर ओलकेदाएः।,aapaana dinaanka raah niiche aapaana uttara olakedaaeh.
अपना उत्तर शीर्षक के नीचे लिखें।,Write your answer below the title.,आपान आपान उत्तर शीर्षक राः नीचे ओलकेदाएः।,aapaana aapaana uttara shiirshaka raah niiche olakedaaeh.
उत्तर के नीचे अपना उत्तर लिखें.,Write your answer below the answer.,आपान उत्तर राः नीचे आपान उत्तर ओलकेदाएः।,aapaana uttara raah niiche aapaana uttara olakedaaeh.
अपना उत्तर वाक्य के नीचे लिखें।,Write your answer below the sentence.,आपान आपान उत्तर वाक्यरा: नीचे ओलकेदाए।,aapaana aapaana uttara waakyaraa: niiche olakedaae.
अपना उत्तर पैराग्राफ के नीचे लिखें।,Write your answer below the paragraph.,आपान आपान उत्तर पैराग्राफ रआः नीचे लिजाना।,aapaana aapaana uttara pairaagraapha raaah niiche lijaanaa.
अपना उत्तर सूची के नीचे लिखें.,Write your answer below the list.,आपान आपान उत्तर सूची रआः नीचे ओलकेदाएः।,aapaana aapaana uttara suuchii raaah niiche olakedaaeh.
अपना उत्तर तालिका के नीचे लिखें।,Write your answer below the table.,आपान आपान उत्तर तालिका राः नीचे ओलकेदाएः।,aapaana aapaana uttara taalikaa raah niiche olakedaaeh.
अपना उत्तर लेबल के नीचे लिखें.,Write your answer below the label.,आपान आपान उत्तर लेबल रआः नीचे ओलकेदाएः।,aapaana aapaana uttara lebala raaah niiche olakedaaeh.
अपना उत्तर कैप्शन के नीचे लिखें।,Write your answer below the caption.,आपान आपान उत्तर कैप्शन रआः नीचे ओलकेदाएः।,aapaana aapaana uttara kaipshana raaah niiche olakedaaeh.
अपना उत्तर परिभाषा के नीचे लिखें।,Write your answer below the definition.,आपान आपान उत्तर परिभाषा राः नीचे ओलकेदाए।,aapaana aapaana uttara paribhaashaa raah niiche olakedaae.
अपना उत्तर उदाहरण के नीचे लिखें।,Write your answer below the example.,आपान आपान उत्तर उदाहरण राः नीचे ओलकेदाए।,aapaana aapaana uttara udaaharana raah niiche olakedaae.
सारांश के नीचे अपना उत्तर लिखें।,Write your answer below the summary.,सारांशरा: नीते आपान उत्तर ओलकेदाए।,saaraansharaa: niite aapaana uttara olakedaae.
अपना उत्तर नोट के नीचे लिखें.,Write your answer at the bottom of the note.,आपान आपान उत्तर नोट रआः नीचे ओलकेदाएः।,aapaana aapaana uttara nota raaah niiche olakedaaeh.
रिपोर्ट के नीचे अपना उत्तर लिखें.,Write your answer below the report.,आपान रिपोर्ट राः नीचे आपान उत्तर ओमकेदाएः।,aapaana riporta raah niiche aapaana uttara omakedaaeh.
अपना उत्तर निबंध के नीचे लिखें.,Write your answer below the essay.,आपान आपान उत्तर निबंध राः नीचे ओलकेदाएः।,aapaana aapaana uttara nibandha raah niiche olakedaaeh.
प्रोजेक्ट के नीचे अपना उत्तर लिखें.,Write your answer below the project.,आपान प्रोजेक्ट राः नीचे आपान उत्तर ओमकेदाएः।,aapaana projekta raah niiche aapaana uttara omakedaaeh.
गतिविधि के नीचे अपना उत्तर लिखें.,Write your answer below the activity.,आपान गतिविधि राः नीचे आपान उत्तर ओमकेदाएः।,aapaana gatiwidhi raah niiche aapaana uttara omakedaaeh.
प्रश्न के नीचे अपना उत्तर लिखें.,Write your answer below the question.,आपान प्रश्न राः नीचे आपान उत्तर ओमकेदाएः।,aapaana prashna raah niiche aapaana uttara omakedaaeh.
नाम के नीचे अपना उत्तर लिखें.,Write your answer below the name.,आपान नामरा: नीचे आपान उत्तर ओलकेदाए।,aapaana naamaraa: niiche aapaana uttara olakedaae.
कारण के नीचे अपना उत्तर लिखें।,Write your answer below the reason.,कारण रा: कारण रा: नीचे आपान उत्तर ओलकेदाए।,kaarana raa: kaarana raa: niiche aapaana uttara olakedaae.
राय के नीचे अपना उत्तर लिखें.,Write your answer below the opinion.,राय रा: नीते आपान उत्तर ओलकेदाए।,raaya raa: niite aapaana uttara olakedaae.
अवलोकन के नीचे अपना उत्तर लिखें।,Write your answer below the observation.,आपान अवलोकन राः नीचे आपान उत्तर ओलकेदाएः।,aapaana awalokana raah niiche aapaana uttara olakedaaeh.
निष्कर्ष के नीचे अपना उत्तर लिखें।,Write your answer below the conclusion.,आपान निष्कर्ष राः नीचे आपान उत्तर ओमकेदाएः।,aapaana nishkarsha raah niiche aapaana uttara omakedaaeh.
अपना उत्तर चित्र के नीचे लिखें।,Write your answer below the picture.,आपान आपान उत्तर चित्ररा: नीचे ओलकेदाए।,aapaana aapaana uttara chitrararaa: niiche olakedaae.
अपना उत्तर विवरण के नीचे लिखें.,Write your answer below the description.,आपान आपान उत्तर विवरण रआः नीचे ओलकेदाएः।,aapaana aapaana uttara wiwarana raaah niiche olakedaaeh.
दिनांक की वर्तनी जांचें.,Check the spelling of the date.,मेनदो दिनांकरा: वर्तनी जांच केदाए।,menado dinaankaraa: wartanii jaancha kedaae.
शीर्षक की वर्तनी जांचें.,Check the spelling of the title.,शीर्षक राः वर्तनी जांच केदा।,shiirshaka raah wartanii jaancha kedaa.
उत्तर की वर्तनी जांचें.,Check the spelling of the answer.,रआः उत्तर राः वर्तनी जांच केदा।,raaah uttara raah wartanii jaancha kedaa.
वाक्य की वर्तनी जांचें.,Check the spelling of the sentence.,ओड़ोः वाक्य राः वर्तनी जांच केदा।,oda़oh waakya raah wartanii jaancha kedaa.
पैराग्राफ की वर्तनी जांचें.,Check the spelling of the paragraph.,पैराग्राफ राः वर्तनी जांच केदाएः।,pairaagraapha raah wartanii jaancha kedaaeh.
सूची की वर्तनी जांचें.,Check the spelling of the list.,रआः सूची राः वर्तनी जांच केदा।,raaah suuchii raah wartanii jaancha kedaa.
तालिका की वर्तनी जांचें.,Check the spelling of the table.,रआः तालिका राः वर्तनी जांच केदा।,raaah taalikaa raah wartanii jaancha kedaa.
लेबल की वर्तनी जांचें.,Check the spelling of the label.,ओड़ो: लेबल रा: वर्तनी जांच केदा।,oda़o: lebala raa: wartanii jaancha kedaa.
कैप्शन की वर्तनी जांचें.,Check the spelling of the caption.,ओड़ो: कैप्शन रा: वर्तनी जांच केदा।,oda़o: kaipshana raa: wartanii jaancha kedaa.
परिभाषा की वर्तनी जांचें.,Check the spelling of the definition.,रआः परिभाषा राः वर्तनी जांच केदा।,raaah paribhaashaa raah wartanii jaancha kedaa.
उदाहरण की वर्तनी जांचें.,Check the spelling of the example.,एटा: उदाहरण रा: वर्तनी जांच,etaa: udaaharana raa: wartanii jaancha
सारांश की वर्तनी जांचें.,Check the spelling of the summary.,सारांशरा: वर्तनी जांच केदा।,saaraansharaa: wartanii jaancha kedaa.
नोट की वर्तनी जांचें.,Check the spelling of the note.,नेआ नोटरा: वर्तनी जांच केदाए।,neaa notaraa: wartanii jaancha kedaae.
रिपोर्ट की वर्तनी जांचें.,Check the spelling of the report.,रआः रिपोर्ट राः वर्तनी जांच केदा।,raaah riporta raah wartanii jaancha kedaa.
निबंध की वर्तनी जांचें.,Spell check the essay.,निबंध राः वर्तनी जांच केदा।,nibandha raah wartanii jaancha kedaa.
प्रोजेक्ट की वर्तनी जांचें.,Check the spelling of the project.,प्रोजेक्ट राः वर्तनी जांच केदाएः।,projekta raah wartanii jaancha kedaaeh.
गतिविधि की वर्तनी जांचें.,Check the spelling of the activity.,गतिविधि राः वर्तनी जांच केदाएः।,gatiwidhi raah wartanii jaancha kedaaeh.
प्रश्न की वर्तनी जांचें.,Check the spelling of the question.,रआः प्रश्न राः वर्तनी जांच केदा।,raaah prashna raah wartanii jaancha kedaa.
नाम की वर्तनी जांचें.,Check the spelling of the name.,नुतुम राः वर्तनी जांच केदा।,nutuma raah wartanii jaancha kedaa.
कारण की वर्तनी जांचें.,Check the spelling of the reason.,कारण रा: वर्तनी जांच केदा,kaarana raa: wartanii jaancha kedaa
राय की वर्तनी जांचें.,Check the spelling of the opinion.,राय राः वर्तनी जांच केदा।,raaya raah wartanii jaancha kedaa.
अवलोकन की वर्तनी जांचें.,Check the spelling of the observation.,रआः अवलोकन राः वर्तनी जांच केदा।,raaah awalokana raah wartanii jaancha kedaa.
निष्कर्ष की वर्तनी जांचें.,Check the spelling of the conclusion.,निष्कर्ष राः वर्तनी जांच केदा।,nishkarsha raah wartanii jaancha kedaa.
आरेख की वर्तनी जांचें.,Check the spelling of the diagram.,आरेख राः वर्तनी जांच केदा।,aarekha raah wartanii jaancha kedaa.
विवरण की वर्तनी जांचें.,Check the spelling of the description.,रआः विवरण राः वर्तनी जांच केदा।,raaah wiwarana raah wartanii jaancha kedaa.
दिनांक के महत्वपूर्ण भाग को रेखांकित करें।,Underline the important part of the date.,सोबेन दिनांकरा: महत्वपूर्ण भाग को रेखांकित रिकाएआ।,sobena dinaankaraa: mahatwapuurna bhaaga ko rekhaankita rikaaeaa.
शीर्षक के महत्वपूर्ण भाग को रेखांकित करें।,Underline the important part of the title.,शीर्षक राः महत्वपूर्ण भाग रेखांकित रिकाएआ।,shiirshaka raah mahatwapuurna bhaaga rekhaankita rikaaeaa.
उत्तर के महत्वपूर्ण भाग को रेखांकित करें।,Underline the important part of the answer.,रआः उत्तर राः महत्वपूर्ण भाग रेखांकित केदाएः।,raaah uttara raah mahatwapuurna bhaaga rekhaankita kedaaeh.
वाक्य के महत्वपूर्ण भाग को रेखांकित करें।,Underline the important part of the sentence.,ओड़ोः वाक्य राः महत्वपूर्ण भाग को रेखांकित केदा।,oda़oh waakya raah mahatwapuurna bhaaga ko rekhaankita kedaa.
पैराग्राफ के महत्वपूर्ण भाग को रेखांकित करें।,Underline the important part of the paragraph.,पैराग्राफरा: महत्वपूर्ण भाग रेखांकित रिकाएआ।,pairaagraapharaa: mahatwapuurna bhaaga rekhaankita rikaaeaa.
सूची के महत्वपूर्ण भाग को रेखांकित करें।,Underline the important part of the list.,रआः सूची राः महत्वपूर्ण भाग को रेखांकित रिकाएआ।,raaah suuchii raah mahatwapuurna bhaaga ko rekhaankita rikaaeaa.
तालिका के महत्वपूर्ण भाग को रेखांकित करें।,Underline the important part of the table.,एटा: तालिका रा: महत्वपूर्ण भाग को रेखांकित रिकाएआ।,etaa: taalikaa raa: mahatwapuurna bhaaga ko rekhaankita rikaaeaa.
लेबल के महत्वपूर्ण भाग को रेखांकित करें।,Underline the important part of the label.,ओड़ो: लेबल रा: महत्वपूर्ण भाग को रेखांकित रिकाएआ।,oda़o: lebala raa: mahatwapuurna bhaaga ko rekhaankita rikaaeaa.
कैप्शन के महत्वपूर्ण भाग को रेखांकित करें।,Underline the important part of the caption.,ओड़ो: कैप्शन रा: महत्वपूर्ण भाग रेखांकित रिकाएआ।,oda़o: kaipshana raa: mahatwapuurna bhaaga rekhaankita rikaaeaa.
परिभाषा के महत्वपूर्ण भाग को रेखांकित करें।,Underline the important part of the definition.,रआः परिभाषा राः महत्वपूर्ण भाग रेखांकित केदाएः।,raaah paribhaashaa raah mahatwapuurna bhaaga rekhaankita kedaaeh.
उदाहरण के महत्वपूर्ण भाग को रेखांकित करें।,Underline the important part of the example.,उदाहरणरा: महत्वपूर्ण भाग रेखांकित रिकाएआ।,udaaharanaraa: mahatwapuurna bhaaga rekhaankita rikaaeaa.
सारांश के महत्वपूर्ण भाग को रेखांकित करें।,Underline the important part of the summary.,सारांशरा: महत्वपूर्ण भाग रेखांकित रिकाएआ।,saaraansharaa: mahatwapuurna bhaaga rekhaankita rikaaeaa.
नोट के महत्वपूर्ण भाग को रेखांकित करें।,Underline the important part of the note.,ने नोटरा: महत्वपूर्ण भाग रेखांकित रिकाएआ।,ne notaraa: mahatwapuurna bhaaga rekhaankita rikaaeaa.
रिपोर्ट के महत्वपूर्ण भाग को रेखांकित करें।,Underline the important part of the report.,रआः रिपोर्ट राः महत्वपूर्ण भाग रेखांकित केदाएः।,raaah riporta raah mahatwapuurna bhaaga rekhaankita kedaaeh.
निबंध के महत्वपूर्ण भाग को रेखांकित करें।,Underline the important part of the essay.,निबंधरा: महत्वपूर्ण भाग रेखांकित रिकाएआ।,nibandharaa: mahatwapuurna bhaaga rekhaankita rikaaeaa.
प्रोजेक्ट के महत्वपूर्ण भाग को रेखांकित करें।,Highlight the important parts of the project.,प्रोजेक्टरा: महत्वपूर्ण भाग रेखांकित रिकाएआ।,projektaraa: mahatwapuurna bhaaga rekhaankita rikaaeaa.
गतिविधि के महत्वपूर्ण भाग को रेखांकित करें।,Underline the important part of the activity.,गतिविधिरा: महत्वपूर्ण भाग को रेखांकित रिकाएआ।,gatiwidhiraa: mahatwapuurna bhaaga ko rekhaankita rikaaeaa.
प्रश्न के महत्वपूर्ण भाग को रेखांकित करें।,Underline the important part of the question.,रआः प्रश्न राः महत्वपूर्ण भाग रेखांकित केदाएः।,raaah prashna raah mahatwapuurna bhaaga rekhaankita kedaaeh.
नाम के महत्वपूर्ण भाग को रेखांकित करें।,Underline the important part of the name.,नेआ नामरा: महत्वपूर्ण भाग रेखांकित रिकाएआ।,neaa naamaraa: mahatwapuurna bhaaga rekhaankita rikaaeaa.
कारण के महत्वपूर्ण भाग को रेखांकित करें।,Underline the important part of the reason.,कारण रा: महत्वपूर्ण भाग को रेखांकित रिकाएआ।,kaarana raa: mahatwapuurna bhaaga ko rekhaankita rikaaeaa.
राय के महत्वपूर्ण भाग को रेखांकित करें।,Underline the important part of the opinion.,राय रा: महत्वपूर्ण भाग रेखांकित रिकाएआ।,raaya raa: mahatwapuurna bhaaga rekhaankita rikaaeaa.
अवलोकन के महत्वपूर्ण भाग को रेखांकित करें।,Underline the important part of the observation.,रआः अवलोकन राः महत्वपूर्ण भाग रेखांकित रिकाएआ।,raaah awalokana raah mahatwapuurna bhaaga rekhaankita rikaaeaa.
निष्कर्ष के महत्वपूर्ण भाग को रेखांकित करें।,Underline the important part of the conclusion.,निष्कर्षरा: महत्वपूर्ण भाग रेखांकित रिकाएआ।,nishkarsharaa: mahatwapuurna bhaaga rekhaankita rikaaeaa.
आरेख के महत्वपूर्ण भाग को रेखांकित करें।,Underline the important part of the diagram.,आरेखरा: महत्वपूर्ण भाग रेखांकित रिकाएआ।,aarekharaa: mahatwapuurna bhaaga rekhaankita rikaaeaa.
विवरण के महत्वपूर्ण भाग को रेखांकित करें।,Underline the important part of the description.,रआः विवरण राः महत्वपूर्ण भाग रेखांकित केदाएः।,raaah wiwarana raah mahatwapuurna bhaaga rekhaankita kedaaeh.
बोर्ड पर तारीख लिखें.,Write the date on the board.,ओड़ोः बोर्ड रे तारीख ओलकेदाएः।,oda़oh borda re taariikha olakedaaeh.
बोर्ड पर शीर्षक लिखें.,Write the title on the board.,ओड़ोः बोर्ड रे शीर्षक ओमकेदाएः।,oda़oh borda re shiirshaka omakedaaeh.
उत्तर बोर्ड पर लिखें.,Write the answer on the board.,ओड़ोः उत्तर बोर्ड रे लिखाइओःआ।,oda़oh uttara borda re likhaaiohaa.
वाक्य को बोर्ड पर लिखें.,Write the sentence on the board.,ओड़ो: वाक्य को बोर्ड रे ओलकेदा।,oda़o: waakya ko borda re olakedaa.
बोर्ड पर पैराग्राफ लिखें.,Write the paragraph on the board.,बोर्ड रे पैराग्राफ ओमकेदाएः।,borda re pairaagraapha omakedaaeh.
सूची को बोर्ड पर लिखें.,Write the list on the board.,ओड़ो: सूची को बोर्ड रे ओलकेदाए।,oda़o: suuchii ko borda re olakedaae.
तालिका को बोर्ड पर लिखें.,Write the table on the board.,ओड़ो: तालिका को बोर्ड रे ओलकेदाए।,oda़o: taalikaa ko borda re olakedaae.
बोर्ड पर लेबल लिखें.,Write the label on the board.,ओड़ोः बोर्ड रे लेबल ओलकेदाएः।,oda़oh borda re lebala olakedaaeh.
बोर्ड पर कैप्शन लिखें.,Write the caption on the board.,ओड़ोः बोर्ड रे कैप्शन लिजाओःआ।,oda़oh borda re kaipshana lijaaohaa.
बोर्ड पर परिभाषा लिखें.,Write the definition on the board.,ओड़ोः बोर्ड रे परिभाषा ओलकेदाएः।,oda़oh borda re paribhaashaa olakedaaeh.
उदाहरण को बोर्ड पर लिखें.,Write the example on the board.,ओड़ो: उदाहरण को बोर्ड रे ओलकेदाए।,oda़o: udaaharana ko borda re olakedaae.
बोर्ड पर सारांश लिखें.,Write a summary on the board.,ओड़ोः बोर्ड रे सारांश ओलकेदाएः।,oda़oh borda re saaraansha olakedaaeh.
बोर्ड पर नोट लिखें.,Write a note on the board.,ओड़ोः बोर्ड रे नोट ओमकेदाएः।,oda़oh borda re nota omakedaaeh.
बोर्ड पर रिपोर्ट लिखें.,Write the report on the board.,ओड़ोः बोर्ड रे रिपोर्ट ओमकेदाएः।,oda़oh borda re riporta omakedaaeh.
बोर्ड पर निबंध लिखें.,Write the essay on the board.,ओड़ोः बोर्ड रे निबंध ओमकेदाएः।,oda़oh borda re nibandha omakedaaeh.
प्रोजेक्ट को बोर्ड पर लिखें.,Write the project on the board.,ओड़ो: प्रोजेक्ट को बोर्ड रे लिखव केदा।,oda़o: projekta ko borda re likhawa kedaa.
गतिविधि को बोर्ड पर लिखें.,Write the activity on the board.,ओड़ो: गतिविधि को बोर्ड रे ओलकेदाए।,oda़o: gatiwidhi ko borda re olakedaae.
प्रश्न को बोर्ड पर लिखें.,Write the question on the board.,ओड़ो: प्रश्न को बोर्ड रे ओलकेदाए।,oda़o: prashna ko borda re olakedaae.
बोर्ड पर नाम लिखें.,Write the name on the board.,ओड़ोः बोर्ड रे नाम लिजाओःआ।,oda़oh borda re naama lijaaohaa.
बोर्ड पर कारण लिखें.,Write the reason on the board.,ओड़ोः बोर्ड रे कारण लिखाइओःआ।,oda़oh borda re kaarana likhaaiohaa.
बोर्ड पर राय लिखें.,Write your opinion on the board.,ओड़ोः बोर्ड रे राय ओमकेदाएः।,oda़oh borda re raaya omakedaaeh.
अवलोकन को बोर्ड पर लिखें.,Write the observation on the board.,ओड़ो: अवलोकन को बोर्ड रे लिखाइओआ।,oda़o: awalokana ko borda re likhaaioaa.
निष्कर्ष को बोर्ड पर लिखें.,Write the conclusion on the board.,ओड़ो: निष्कर्ष को बोर्ड रे ओलकेदाए।,oda़o: nishkarsha ko borda re olakedaae.
बोर्ड पर आरेख लिखें.,Write the diagram on the board.,ओड़ोः बोर्ड रे आरेख लिख केदाएः।,oda़oh borda re aarekha likha kedaaeh.
विवरण बोर्ड पर लिखें.,Write the details on the board.,ओड़ोः विवरण बोर्ड रे ओलकेदाए।,oda़oh wiwarana borda re olakedaae.
उत्तर की व्याख्या को ध्यानपूर्वक सुनें।,Listen carefully to the explanation of the answer.,रआः उत्तर राः व्याख्या को ध्यानपूर्वक सुनाव रिकाएआ।,raaah uttara raah wyaakhyaa ko dhyaanapuurwaka sunaawa rikaaeaa.
प्रश्न का स्पष्टीकरण ध्यानपूर्वक सुनें।,Listen carefully to the explanation of the question.,रआः प्रश्न राः स्पष्टीकरण ध्यानपूर्वक सुनाएः।,raaah prashna raah spashtiikarana dhyaanapuurwaka sunaaeh.
विचार की व्याख्या को ध्यान से सुनें।,Listen carefully to the explanation of the idea.,ओड़ो: विचार रा: व्याख्या को ध्यान ते सुनाओआ।,oda़o: wichaara raa: wyaakhyaa ko dhyaana te sunaaoaa.
राय की व्याख्या ध्यान से सुनें.,Listen carefully to the explanation of the opinion.,राय रा: व्याख्या ध्यान ते सुनव केदा।,raaya raa: wyaakhyaa dhyaana te sunawa kedaa.
अवलोकन की व्याख्या को ध्यान से सुनें।,Listen carefully to the explanation of the observation.,रआः अवलोकन राः व्याख्या को ध्यान ते सुनाओआ।,raaah awalokana raah wyaakhyaa ko dhyaana te sunaaoaa.
उदाहरण की व्याख्या को ध्यान से सुनें।,Listen carefully to the explanation of the example.,उदाहरणरा: व्याख्या को ध्यान ते सुनाव।,udaaharanaraa: wyaakhyaa ko dhyaana te sunaawa.
कारण का स्पष्टीकरण ध्यानपूर्वक सुनो।,Listen carefully to the explanation of the reason.,कारण रा: स्पष्टीकरण ध्यानपूर्वक सुनो:।,kaarana raa: spashtiikarana dhyaanapuurwaka suno:.
परिभाषा की व्याख्या ध्यानपूर्वक सुनें।,Listen carefully to the explanation of the definition.,ओड़ो: परिभाषा रा: व्याख्या ध्यानपूर्वक सुनाए।,oda़o: paribhaashaa raa: wyaakhyaa dhyaanapuurwaka sunaae.
कहानी की व्याख्या ध्यान से सुनो.,Listen carefully to the explanation of the story.,ओड़ो: कहानी रा: व्याख्या ध्यानते सुनो:।,oda़o: kahaanii raa: wyaakhyaa dhyaanate suno:.
कविता की व्याख्या ध्यान से सुनें.,Listen carefully to the interpretation of the poem.,ओड़ो: कविता रा: व्याख्या ध्यान ते सुनाव।,oda़o: kawitaa raa: wyaakhyaa dhyaana te sunaawa.
संवाद की व्याख्या ध्यान से सुनें.,Listen carefully to the interpretation of the dialogue.,ओड़ोः संवाद राः व्याख्या ध्यान ते सुनाओआ।,oda़oh sanwaada raah wyaakhyaa dhyaana te sunaaoaa.
रिपोर्ट के स्पष्टीकरण को ध्यान से सुनें.,Listen carefully to the explanations in the report.,रआः रिपोर्ट रेन स्पष्टीकरण को ध्यान ते सुनाव जना।,raaah riporta rena spashtiikarana ko dhyaana te sunaawa janaa.
प्रोजेक्ट की व्याख्या को ध्यान से सुनें।,Listen carefully to the project explanation.,ओड़ोः प्रोजेक्ट राः व्याख्या के ध्यान ते सुनाओःआ।,oda़oh projekta raah wyaakhyaa ke dhyaana te sunaaohaa.
गतिविधि की व्याख्या को ध्यान से सुनें।,Listen carefully to the explanation of the activity.,ओड़ो: गतिविधि रा: व्याख्या को ध्यान ते सुनाव।,oda़o: gatiwidhi raa: wyaakhyaa ko dhyaana te sunaawa.
निर्देश की व्याख्या को ध्यान से सुनें।,Listen carefully to the explanation of the instruction.,निर्देश रआः व्याख्या को ध्यान ते सुनाएः।,nirdesha raaah wyaakhyaa ko dhyaana te sunaaeh.
स्पष्टीकरण के स्पष्टीकरण को ध्यान से सुनें।,Listen carefully to the explanation of the explanation.,नेआ स्पष्टीकरण राः स्पष्टीकरण राः स्पष्टीकरण राः स्पष्टीकरण राः ध्यान ते सुनाएः।,neaa spashtiikarana raah spashtiikarana raah spashtiikarana raah spashtiikarana raah dhyaana te sunaaeh.
विवरण की व्याख्या ध्यान से सुनो.,Listen carefully to the explanation of the details.,ओड़ो: विवरण रा: व्याख्या ध्यान ते सुनो:,oda़o: wiwarana raa: wyaakhyaa dhyaana te suno:
सारांश की व्याख्या को ध्यान से सुनें।,Listen carefully to the interpretation of the summary.,सारांशरा: व्याख्या को ध्यान ते सुनाव।,saaraansharaa: wyaakhyaa ko dhyaana te sunaawa.
अनुभव की व्याख्या ध्यान से सुनो.,Listen carefully to the explanation of the experience.,ओड़ो: अनुभव रा: व्याख्या ध्यान ते सुनो:,oda़o: anubhawa raa: wyaakhyaa dhyaana te suno:
परिणाम की व्याख्या ध्यान से सुनो.,Listen carefully to the interpretation of the result.,ने परिणाम राः व्याख्या ध्यान ते सुनोःआ।,ne parinaama raah wyaakhyaa dhyaana te sunohaa.
निष्कर्ष की व्याख्या को ध्यान से सुनें।,Listen carefully to the explanation of the conclusion.,निष्कर्षरा: व्याख्या को ध्यान ते सुनाव।,nishkarsharaa: wyaakhyaa ko dhyaana te sunaawa.
सुझाव की व्याख्या को ध्यानपूर्वक सुनें।,Listen carefully to the explanation of the suggestion.,ओड़ो: सुझाव रा: व्याख्या को ध्यानपूर्वक सुनाए।,oda़o: sujhaawa raa: wyaakhyaa ko dhyaanapuurwaka sunaae.
प्रतिक्रिया के स्पष्टीकरण को ध्यान से सुनें।,Listen carefully to the explanation of the response.,रआः प्रतिक्रिया राः स्पष्टीकरण राः ध्यान ते सुनाओआ।,raaah pratikriyaa raah spashtiikarana raah dhyaana te sunaaoaa.
नाम की व्याख्या ध्यान से सुनो.,Listen carefully to the interpretation of the name.,नुतुम रा: व्याख्या ध्यान ते सुनो:।,nutuma raa: wyaakhyaa dhyaana te suno:.
अर्थ की व्याख्या ध्यानपूर्वक सुनो।,Listen carefully to the explanation of the meaning.,ओड़ो: अर्थ रा: व्याख्या ध्यानपूर्वक सुनो:।,oda़o: artha raa: wyaakhyaa dhyaanapuurwaka suno:.
कक्षा को बताएं कि आप उत्तर के बारे में क्या जानते हैं।,Tell the class what you know about the answer.,आले उत्तर राः बारे रे चानाः जानाएः।,aale uttara raah baare re chaanaah jaanaaeh.
कक्षा को बताएं कि आप प्रश्न के बारे में क्या जानते हैं।,Tell the class what you know about the question.,चि आम प्रश्न राः बारे रे चानाः जानाएः।,chi aama prashna raah baare re chaanaah jaanaaeh.
कक्षा को बताएं कि आप इस विचार के बारे में क्या जानते हैं।,Tell the class what you know about this idea.,आले नेआ विचाररा: बारे रे चिनअः बारे रे चिनअः तइना।,aale neaa wichaararaa: baare re chinaah baare re chinaah tainaa.
कक्षा को बताएं कि आप राय के बारे में क्या जानते हैं।,Tell the class what you know about opinions.,चि आम राय राः बारे रे चिनअः बारे रे चानाः जानअः।,chi aama raaya raah baare re chinaah baare re chaanaah jaanaah.
कक्षा को बताएं कि आप अवलोकन के बारे में क्या जानते हैं।,Tell the class what you know about the observation.,आले अवलोकन राः बारे रे चानाः जानाएः।,aale awalokana raah baare re chaanaah jaanaaeh.
कक्षा को बताएं कि आप उदाहरण के बारे में क्या जानते हैं।,Tell the class what you know about the example.,आले उदाहरणरा: बारे रे चाना: जाना।,aale udaaharanaraa: baare re chaanaa: jaanaa.
कक्षा को बताएं कि आप कारण के बारे में क्या जानते हैं।,Tell the class what you know about the cause.,अमा: कारण रा: बारे रे चाना: जान तना:,amaa: kaarana raa: baare re chaanaa: jaana tanaa:
कक्षा को बताएं कि आप परिभाषा के बारे में क्या जानते हैं।,Tell the class what you know about the definition.,आले परिभाषा राः बारे रे चानाः जानाएः।,aale paribhaashaa raah baare re chaanaah jaanaaeh.
कक्षा को बताएं कि आप कहानी के बारे में क्या जानते हैं।,Tell the class what you know about the story.,आले कहानी बारे रे चिनअः बारे रे चिनअः मेनअः।,aale kahaanii baare re chinaah baare re chinaah menaah.
कक्षा को बताएं कि आप कविता के बारे में क्या जानते हैं।,Tell the class what you know about the poem.,आम कक्षा के उदुब केदा चि आम कविता रा: बारे रे चाना: जानाए।,aama kakshashaa ke uduba kedaa chi aama kawitaa raa: baare re chaanaa: jaanaae.
कक्षा को बताएं कि आप संवाद के बारे में क्या जानते हैं।,Tell the class what you know about dialogue.,आले संवाद राः बारे रे चानाः जानाएः।,aale sanwaada raah baare re chaanaah jaanaaeh.
कक्षा को बताएं कि आप रिपोर्ट के बारे में क्या जानते हैं।,Tell the class what you know about the report.,आले रिपोर्ट राः बारे रे चानाः जानाएः।,aale riporta raah baare re chaanaah jaanaaeh.
कक्षा को बताएं कि आप परियोजना के बारे में क्या जानते हैं।,Tell the class what you know about the project.,आले परियोजनारा: बारे रे चाना: जान लेलो:आ।,aale pariyojanaaraa: baare re chaanaa: jaana lelo:aa.
कक्षा को बताएं कि आप गतिविधि के बारे में क्या जानते हैं।,Tell the class what you know about the activity.,आले गतिविधि राः बारे रे चानाः जानाएः।,aale gatiwidhi raah baare re chaanaah jaanaaeh.
कक्षा को बताएं कि आप निर्देश के बारे में क्या जानते हैं।,Tell the class what you know about the instruction.,आले निर्देश राः बारे रे चानाः जानाएः।,aale nirdesha raah baare re chaanaah jaanaaeh.
कक्षा को बताएं कि आप स्पष्टीकरण के बारे में क्या जानते हैं।,Tell the class what you know about the explanation.,आले स्पष्टीकरण राः बारे रे चानाः जानाओआ।,aale spashtiikarana raah baare re chaanaah jaanaaoaa.
कक्षा को बताएं कि आप विवरण के बारे में क्या जानते हैं।,Tell the class what you know about the description.,चि आम विवरण राः बारे रे चानाः जानाएः।,chi aama wiwarana raah baare re chaanaah jaanaaeh.
कक्षा को बताएं कि आप सारांश के बारे में क्या जानते हैं।,Tell the class what you know about the summary.,आले सारांशरा: बारे रे चाना: जान तना:,aale saaraansharaa: baare re chaanaa: jaana tanaa:
कक्षा को बताएं कि आप अनुभव के बारे में क्या जानते हैं।,Tell the class what you know about the experience.,आले अनुभवरा: बारे रे चाना: जान तना:,aale anubhawaraa: baare re chaanaa: jaana tanaa:
कक्षा को बताएं कि आप परिणाम के बारे में क्या जानते हैं।,Tell the class what you know about the result.,आले परिणाम राः बारे रे चानाः जानाएः।,aale parinaama raah baare re chaanaah jaanaaeh.
कक्षा को बताएं कि आप निष्कर्ष के बारे में क्या जानते हैं।,Tell the class what you know about the conclusion.,आले निष्कर्ष राः बारे रे चानाः जानाएः।,aale nishkarsha raah baare re chaanaah jaanaaeh.
कक्षा को बताएं कि आप सुझाव के बारे में क्या जानते हैं।,Tell the class what you know about suggestion.,आले सुझाव बारे रे चानाः जानाएः।,aale sujhaawa baare re chaanaah jaanaaeh.
कक्षा को बताएं कि आप प्रतिक्रिया के बारे में क्या जानते हैं।,Tell the class what you know about the reaction.,आले प्रतिक्रियारा: बारे रे चिनअः बारे रे चिनअः तना।,aale pratikriyaaraa: baare re chinaah baare re chinaah tanaa.
कक्षा को बताएं कि आप नाम के बारे में क्या जानते हैं।,Tell the class what you know about the name.,चि आम नामरा: बारे रे चिनअः बारे रे चिनअः मेनअः।,chi aama naamaraa: baare re chinaah baare re chinaah menaah.
कक्षा को बताएं कि आप अर्थ के बारे में क्या जानते हैं।,Tell the class what you know about meaning.,आले अर्थ राः बारे रे चानाः जानाओआ।,aale artha raah baare re chaanaah jaanaaoaa.
उत्तर अपने शब्दों में स्पष्ट करें।,Explain the answer in your own words.,नेआ उत्तर आपान शब्दकोरे स्पष्ट ताइकेना।,neaa uttara aapaana shabdakore spashta taaikenaa.
प्रश्न को अपने शब्दों में स्पष्ट करें।,Explain the question in your own words.,आपान प्रश्न के आपान शब्द रे स्पष्ट रिकाएआ।,aapaana prashna ke aapaana shabda re spashta rikaaeaa.
इस विचार को अपने शब्दों में स्पष्ट करें।,Explain this idea in your own words.,नेआ विचार के आपान शब्द रे स्पष्ट रिकाएआ।,neaa wichaara ke aapaana shabda re spashta rikaaeaa.
अपने शब्दों में राय स्पष्ट करें।,Explain the opinion in your own words.,आपान शब्दकोरे राय स्पष्ट ताइकेना।,aapaana shabdakore raaya spashta taaikenaa.
अवलोकन को अपने शब्दों में स्पष्ट करें।,Explain the observation in your own words.,आपान अवलोकन के आपान शब्द रे स्पष्ट रिकाएआ।,aapaana awalokana ke aapaana shabda re spashta rikaaeaa.
उदाहरण को अपने शब्दों में समझाइये।,Explain the example in your own words.,नेआ उदाहरण के आपान शब्द कोरे समझाइया।,neaa udaaharana ke aapaana shabda kore samajhaaiyaa.
कारण अपने शब्दों में स्पष्ट कीजिए।,Explain the reason in your own words.,कारण आपान शब्दकोरे स्पष्ट केदाएः।,kaarana aapaana shabdakore spashta kedaaeh.
इसकी परिभाषा अपने शब्दों में स्पष्ट कीजिए।,Explain its definition in your own words.,नेआरा: परिभाषा आपान शब्द रे स्पष्ट केदाए।,neaaraa: paribhaashaa aapaana shabda re spashta kedaae.
कहानी को अपने शब्दों में समझाइये।,Explain the story in your own words.,आपान कहानी के आपान शब्द कोरे समझाइया।,aapaana kahaanii ke aapaana shabda kore samajhaaiyaa.
कविता को अपने शब्दों में समझाइये।,Explain the poem in your own words.,आपान कविता के आपान शब्द कोरे समझाइया।,aapaana kawitaa ke aapaana shabda kore samajhaaiyaa.
संवाद को अपने शब्दों में स्पष्ट करें।,Explain the dialogue in your own words.,आपान संवाद के आपान शब्द रे स्पष्ट रिकाएआ।,aapaana sanwaada ke aapaana shabda re spashta rikaaeaa.
रिपोर्ट को अपने शब्दों में समझाइये।,Explain the report in your own words.,आपान रिपोर्ट के आपान शब्द कोरे समझाइना।,aapaana riporta ke aapaana shabda kore samajhaainaa.
प्रोजेक्ट को अपने शब्दों में समझाइये।,Explain the project in your own words.,आपान प्रोजेक्ट के आपान शब्द कोरे समझाइना।,aapaana projekta ke aapaana shabda kore samajhaainaa.
गतिविधि को अपने शब्दों में समझाइये।,Explain the activity in your own words.,आपान गतिविधि के आपान शब्द कोरे समझाइया।,aapaana gatiwidhi ke aapaana shabda kore samajhaaiyaa.
निर्देश को अपने शब्दों में स्पष्ट करें।,Explain the instruction in your own words.,आपान निर्देश के आपान शब्द कोरे स्पष्ट ताइकेना।,aapaana nirdesha ke aapaana shabda kore spashta taaikenaa.
स्पष्टीकरण अपने शब्दों में स्पष्ट करें।,Explain in your own words.,नेआ स्पष्टीकरण आपान शब्द रे स्पष्टीकरण रिकाएआ।,neaa spashtiikarana aapaana shabda re spashtiikarana rikaaeaa.
विवरण अपने शब्दों में स्पष्ट करें।,Explain the details in your own words.,आपान विवरण आपान शब्दकोरे स्पष्ट रिकाएआ।,aapaana wiwarana aapaana shabdakore spashta rikaaeaa.
सारांश को अपने शब्दों में स्पष्ट करें।,Explain the summary in your own words.,सारांश आपान शब्दकोरे स्पष्ट रिकाएआ।,saaraansha aapaana shabdakore spashta rikaaeaa.
अनुभव को अपने शब्दों में स्पष्ट करें।,Explain the experience in your own words.,आपान अनुभव के आपान शब्द कोरे स्पष्ट रिकाएआ।,aapaana anubhawa ke aapaana shabda kore spashta rikaaeaa.
परिणाम को अपने शब्दों में स्पष्ट करें।,Explain the result in your own words.,आपान परिणाम के आपान शब्द कोरे स्पष्ट ताइकेना।,aapaana parinaama ke aapaana shabda kore spashta taaikenaa.
निष्कर्ष को अपने शब्दों में स्पष्ट कीजिए।,Explain the conclusion in your own words.,आपान निष्कर्ष के आपान शब्द रे स्पष्ट केदाए।,aapaana nishkarsha ke aapaana shabda re spashta kedaae.
सुझाव को अपने शब्दों में स्पष्ट करें।,Explain the suggestion in your own words.,आपान सुझाव के आपान शब्द कोरे स्पष्ट ताइकेना।,aapaana sujhaawa ke aapaana shabda kore spashta taaikenaa.
प्रतिक्रिया को अपने शब्दों में स्पष्ट करें।,Explain the response in your own words.,आपान प्रतिक्रिया के आपान शब्द रे स्पष्ट रिकाएआ।,aapaana pratikriyaa ke aapaana shabda re spashta rikaaeaa.
नाम अपने शब्दों में स्पष्ट करें।,Explain the name in your own words.,आपान नाम आपान शब्दकोरे स्पष्ट ताइकेना।,aapaana naama aapaana shabdakore spashta taaikenaa.
अपने शब्दों में अर्थ स्पष्ट कीजिए।,Explain the meaning in your own words.,आपान शब्दकोरे अर्थ स्पष्ट रिकाएआ।,aapaana shabdakore artha spashta rikaaeaa.
उत्तर से संबंधित एक उदाहरण दीजिए।,Give an example related to the answer.,ओड़ोः उत्तर ते संबंधित मिआद उदाहरण ओमाएः।,oda़oh uttara te sanbandhita miaada udaaharana omaaeh.
प्रश्न से संबंधित एक उदाहरण दीजिए।,Give an example related to the question.,नुतुम ते संबंधित मिआद उदाहरण ओमेआ।,nutuma te sanbandhita miaada udaaharana omeaa.
विचार से संबंधित एक उदाहरण दीजिए।,Give an example related to the idea.,ओड़ोः विचार ते संबंधित मिआद उदाहरण ओमेआ।,oda़oh wichaara te sanbandhita miaada udaaharana omeaa.
मत से सम्बन्धित एक उदाहरण दीजिए।,Give an example related to opinion.,नेआ मत ते सम्बन्धित मिआद उदाहरण ओम केदा।,neaa mata te sambandhita miaada udaaharana oma kedaa.
अवलोकन से संबंधित एक उदाहरण दीजिए।,Give an example related to observation.,ओड़ोः अवलोकन ते संबंधित मिआद उदाहरण ओमाएः।,oda़oh awalokana te sanbandhita miaada udaaharana omaaeh.
उदाहरण से संबंधित एक उदाहरण दीजिए।,Give an example related to the example.,ने उदाहरण ते संबंधित मिआद उदाहरण ओमेआ।,ne udaaharana te sanbandhita miaada udaaharana omeaa.
कारण से संबंधित एक उदाहरण दीजिए।,Give an example related to the cause.,कारण ते संबंधित मिआद उदाहरण ओमेआ।,kaarana te sanbandhita miaada udaaharana omeaa.
परिभाषा से संबंधित एक उदाहरण दीजिए।,Give an example related to the definition.,रआः परिभाषा ते संबंधित मिआद उदाहरण ओमेआ।,raaah paribhaashaa te sanbandhita miaada udaaharana omeaa.
कहानी से संबंधित एक उदाहरण दीजिए।,Give an example related to the story.,नेआ कहानी ते संबंधित मिआद उदाहरण ओम केदा।,neaa kahaanii te sanbandhita miaada udaaharana oma kedaa.
कविता से संबंधित एक उदाहरण दीजिए।,Give an example related to the poem.,ओड़ोः कविता ते संबंधित मिआद उदाहरण ओमाएः।,oda़oh kawitaa te sanbandhita miaada udaaharana omaaeh.
संवाद से संबंधित एक उदाहरण दीजिए।,Give an example related to dialogue.,ओड़ोः संवाद ते संबंधित मिआद उदाहरण ओमाएः।,oda़oh sanwaada te sanbandhita miaada udaaharana omaaeh.
रिपोर्ट से संबंधित एक उदाहरण दीजिए।,Give an example related to the report.,रआः रिपोर्ट ते संबंधित मिआद उदाहरण ओमेआ।,raaah riporta te sanbandhita miaada udaaharana omeaa.
परियोजना से संबंधित एक उदाहरण दीजिए।,Give an example related to the project.,रआः परियोजना ते संबंधित मिआद उदाहरण ओमेआ।,raaah pariyojanaa te sanbandhita miaada udaaharana omeaa.
गतिविधि से संबंधित एक उदाहरण दीजिए।,Give an example related to the activity.,नेआ गतिविधि ते संबंधित मिआद उदाहरण ओमेआ।,neaa gatiwidhi te sanbandhita miaada udaaharana omeaa.
निर्देश से संबंधित एक उदाहरण दीजिए।,Give an example related to instruction.,निर्देश ते संबंधित मिआद उदाहरण ओमेआ।,nirdesha te sanbandhita miaada udaaharana omeaa.
स्पष्टीकरण से संबंधित एक उदाहरण दीजिए।,Give an example related to the explanation.,रआः स्पष्टीकरण ते संबंधित मिआद उदाहरण ओमेआ।,raaah spashtiikarana te sanbandhita miaada udaaharana omeaa.
विवरण से संबंधित एक उदाहरण दीजिए।,Give an example related to the description.,रआः विवरण ते संबंधित मिआद उदाहरण ओमेआ।,raaah wiwarana te sanbandhita miaada udaaharana omeaa.
सारांश से संबंधित एक उदाहरण दीजिए।,Give an example related to summary.,सारांश ते संबंधित मिआद उदाहरण ओमेआ।,saaraansha te sanbandhita miaada udaaharana omeaa.
अनुभव से संबंधित एक उदाहरण दीजिए।,Give an example from experience.,रआः अनुभव ते संबंधित मिआद उदाहरण ओमाएः।,raaah anubhawa te sanbandhita miaada udaaharana omaaeh.
परिणाम से संबंधित एक उदाहरण दीजिए।,Give an example related to the result.,रआः परिणाम ते संबंधित मिआद उदाहरण ओमेआ।,raaah parinaama te sanbandhita miaada udaaharana omeaa.
निष्कर्ष से संबंधित एक उदाहरण दीजिए।,Give an example related to the conclusion.,निष्कर्ष ते संबंधित मिआद उदाहरण ओमेआ।,nishkarsha te sanbandhita miaada udaaharana omeaa.
सुझाव से संबंधित एक उदाहरण दीजिए।,Give an example related to suggestion.,ओड़ोः सुझाव ते संबंधित मिआद उदाहरण ओमाएः।,oda़oh sujhaawa te sanbandhita miaada udaaharana omaaeh.
प्रतिक्रिया से संबंधित एक उदाहरण दीजिए।,Give an example related to reaction.,ओड़ोः प्रतिक्रिया ते संबंधित मिआद उदाहरण ओमाएः।,oda़oh pratikriyaa te sanbandhita miaada udaaharana omaaeh.
नाम से संबंधित एक उदाहरण दीजिए।,Give an example related to the name.,नुतुम ते संबंधित मिआद उदाहरण ओमेआ।,nutuma te sanbandhita miaada udaaharana omeaa.
अर्थ से संबंधित एक उदाहरण दीजिए।,Give an example related to the meaning.,रआः अर्थ ते संबंधित मिआद उदाहरण ओमेआ।,raaah artha te sanbandhita miaada udaaharana omeaa.
उत्तर के बारे में अपने साथी से एक प्रश्न पूछें।,Ask your partner a question about the answer.,आपान उत्तर राः बारे रे आपान साथी ते मिआद प्रश्न उड़ुःआ।,aapaana uttara raah baare re aapaana saathii te miaada prashna uda़uhaa.
प्रश्न के बारे में अपने साथी से एक प्रश्न पूछें।,Ask your partner a question about the question.,आपान प्रश्न राः बारे रे आपान साथी ते मिआद प्रश्न उड़ुःआ।,aapaana prashna raah baare re aapaana saathii te miaada prashna uda़uhaa.
विचार के बारे में अपने साथी से एक प्रश्न पूछें।,Ask your partner a question about the idea.,आपान विचार राः बारे रे आपान साथी ते मिआद प्रश्न उड़ुःआ।,aapaana wichaara raah baare re aapaana saathii te miaada prashna uda़uhaa.
अपने साथी से राय के बारे में एक प्रश्न पूछें।,Ask your partner a question about their opinion.,आपान साथी ते राय राः बारे रे मिआद प्रश्न उदुब केदा।,aapaana saathii te raaya raah baare re miaada prashna uduba kedaa.
अपने साथी से अवलोकन के बारे में एक प्रश्न पूछें।,Ask your partner a question about the observation.,आपान साथी ते अवलोकनरा: बारे रे मिआद प्रश्न उदुब केदा।,aapaana saathii te awalokanaraa: baare re miaada prashna uduba kedaa.
उदाहरण के बारे में अपने साथी से एक प्रश्न पूछें।,Ask your partner a question about the example.,आपान उदाहरण बारे रे आपान साथी ते मिआद प्रश्न उड़ुःआ।,aapaana udaaharana baare re aapaana saathii te miaada prashna uda़uhaa.
कारण के बारे में अपने साथी से एक प्रश्न पूछें।,Ask your partner a question about the reason.,कारण कारण रा: बारे रे आपान साथी ते मिआद प्रश्न पूछव केदा।,kaarana kaarana raa: baare re aapaana saathii te miaada prashna puuchhawa kedaa.
परिभाषा के बारे में अपने साथी से एक प्रश्न पूछें।,Ask your partner a question about the definition.,आपान परिभाषा राः बारे रे आपान साथी ते मिआद प्रश्न उड़ुःआ।,aapaana paribhaashaa raah baare re aapaana saathii te miaada prashna uda़uhaa.
कहानी के बारे में अपने साथी से एक प्रश्न पूछें।,Ask your partner a question about the story.,आपान कहानी राः बारे रे आपान साथी ते मिआद प्रश्न उड़ुःआ।,aapaana kahaanii raah baare re aapaana saathii te miaada prashna uda़uhaa.
अपने साथी से कविता के बारे में एक प्रश्न पूछें।,Ask your partner a question about the poem.,आपान साथी ते कविता राः बारे रे मिआद प्रश्न पूछ केदाएः।,aapaana saathii te kawitaa raah baare re miaada prashna puuchha kedaaeh.
संवाद के बारे में अपने साथी से एक प्रश्न पूछें।,Ask your partner a question about the dialogue.,आपान संवाद राः बारे रे आपान साथी ते मिआद प्रश्न उड़ुःआ।,aapaana sanwaada raah baare re aapaana saathii te miaada prashna uda़uhaa.
रिपोर्ट के बारे में अपने साथी से एक प्रश्न पूछें।,Ask your partner a question about the report.,आपान रिपोर्ट राः बारे रे आपान साथी ते मिआद प्रश्न उड़ुःआ।,aapaana riporta raah baare re aapaana saathii te miaada prashna uda़uhaa.
अपने साथी से प्रोजेक्ट के बारे में एक प्रश्न पूछें।,Ask your partner a question about the project.,आपान साथी ते प्रोजेक्टरा: बारे रे मिआद प्रश्न उदुब केदा।,aapaana saathii te projektaraa: baare re miaada prashna uduba kedaa.
गतिविधि के बारे में अपने साथी से एक प्रश्न पूछें।,Ask your partner a question about the activity.,आपान गतिविधि बारे रे आपान साथी ते मिआद प्रश्न उड़ुःआ।,aapaana gatiwidhi baare re aapaana saathii te miaada prashna uda़uhaa.
निर्देश के बारे में अपने साथी से एक प्रश्न पूछें।,Ask your partner a question about the instruction.,निर्देश निर्देश बारे रे आपान साथी ते मिआद प्रश्न पूछव केदा।,nirdesha nirdesha baare re aapaana saathii te miaada prashna puuchhawa kedaa.
स्पष्टीकरण के बारे में अपने साथी से एक प्रश्न पूछें।,Ask your partner a question about the clarification.,आपान स्पष्टीकरणरा: बारे रे मिआद प्रश्न पूछ केदा।,aapaana spashtiikaranaraa: baare re miaada prashna puuchha kedaa.
विवरण के बारे में अपने साथी से एक प्रश्न पूछें।,Ask your partner a question about the details.,आपान विवरण बारे रे आपान साथी ते मिआद प्रश्न उड़ुःआ।,aapaana wiwarana baare re aapaana saathii te miaada prashna uda़uhaa.
सारांश के बारे में अपने साथी से एक प्रश्न पूछें।,Ask your partner a question about the summary.,सारांशरा: बारे रे आपान साथी ते मिआद प्रश्न पूछव केदा।,saaraansharaa: baare re aapaana saathii te miaada prashna puuchhawa kedaa.
अनुभव के बारे में अपने साथी से एक प्रश्न पूछें।,Ask your partner a question about the experience.,आपान अनुभवरा: बारे रे मिआद प्रश्न पूछ केदा।,aapaana anubhawaraa: baare re miaada prashna puuchha kedaa.
परिणाम के बारे में अपने साथी से एक प्रश्न पूछें।,Ask your partner a question about the result.,आपान परिणाम राः बारे रे आपान साथी ते मिआद प्रश्न उड़ुःआ।,aapaana parinaama raah baare re aapaana saathii te miaada prashna uda़uhaa.
निष्कर्ष के बारे में अपने साथी से एक प्रश्न पूछें।,Ask your partner a question about the conclusion.,आपान निष्कर्षरा: बारे रे मिआद प्रश्न पूछ केदाए।,aapaana nishkarsharaa: baare re miaada prashna puuchha kedaae.
सुझाव के बारे में अपने साथी से एक प्रश्न पूछें।,Ask your partner a question about the suggestion.,आपान सुझाव बारे रे आपान साथी ते मिआद प्रश्न पूछव केदा।,aapaana sujhaawa baare re aapaana saathii te miaada prashna puuchhawa kedaa.
प्रतिक्रिया के बारे में अपने साथी से एक प्रश्न पूछें।,Ask your partner a question about the reaction.,आपान प्रतिक्रिया बारे रे आपान साथी ते मिआद प्रश्न उड़ुःआ।,aapaana pratikriyaa baare re aapaana saathii te miaada prashna uda़uhaa.
अपने साथी से नाम के बारे में एक प्रश्न पूछें।,Ask your partner a question about the name.,आपान साथी ते नामरा: बारे रे मिआद प्रश्न पूछव केदा।,aapaana saathii te naamaraa: baare re miaada prashna puuchhawa kedaa.
अपने साथी से अर्थ के बारे में एक प्रश्न पूछें।,Ask your partner a question about the meaning.,आपान साथी ते अर्थरा: बारे रे मिआद प्रश्न पूछ केदा।,aapaana saathii te artharaa: baare re miaada prashna puuchha kedaa.
उत्तर के बारे में प्रश्न का उत्तर स्पष्ट रूप से दें।,Answer the question about the answer clearly.,बारे रे प्रश्न राः उत्तर राः उत्तर स्पष्ट रूपते ओमेआ।,baare re prashna raah uttara raah uttara spashta ruupate omeaa.
प्रश्न के बारे में प्रश्न का उत्तर स्पष्ट रूप से दें।,Answer the question clearly about the question.,विषय राः बारे रे प्रश्न राः उत्तर स्पष्ट रूपते ओमेआ।,wishaya raah baare re prashna raah uttara spashta ruupate omeaa.
विचार के बारे में प्रश्न का स्पष्ट उत्तर दें।,Clearly answer the question about the idea.,ओड़ोः विचार राः बारे रे प्रश्न राः स्पष्ट उत्तर ओमेआ।,oda़oh wichaara raah baare re prashna raah spashta uttara omeaa.
राय के बारे में प्रश्न का उत्तर स्पष्ट रूप से दें।,Answer the question about opinions clearly.,राय रआः बारे रे प्रश्न राः उत्तर स्पष्ट रूपते ओमेआ।,raaya raaah baare re prashna raah uttara spashta ruupate omeaa.
अवलोकन के बारे में प्रश्न का स्पष्ट उत्तर दें।,Clearly answer the question about the observation.,ओड़ो: अवलोकन रा: बारे रे प्रश्न रा: स्पष्ट उत्तर ओमेआ।,oda़o: awalokana raa: baare re prashna raa: spashta uttara omeaa.
उदाहरण के बारे में प्रश्न का स्पष्ट उत्तर दें।,Clearly answer the question about the example.,उदाहरण रा: बारे रे प्रश्न रा: स्पष्ट उत्तर ओमेआ।,udaaharana raa: baare re prashna raa: spashta uttara omeaa.
कारण संबंधी प्रश्न का स्पष्ट उत्तर दें।,Answer the causal question clearly.,कारण संबंधी प्रश्न राः स्पष्ट उत्तर ओम केदा।,kaarana sanbandhii prashna raah spashta uttara oma kedaa.
परिभाषा के बारे में प्रश्न का उत्तर स्पष्ट रूप से दें।,Answer the question about the definition clearly.,आपान परिभाषा रेआ: बारे रे प्रश्न रा: उत्तर स्पष्ट रूपते ओमेआ।,aapaana paribhaashaa reaa: baare re prashna raa: uttara spashta ruupate omeaa.
कहानी के बारे में प्रश्न का उत्तर स्पष्ट रूप से दें।,Answer the question about the story clearly.,आपान कहानी रेआ: बारे रे प्रश्न रा: उत्तर स्पष्ट रूपते ओमेआ।,aapaana kahaanii reaa: baare re prashna raa: uttara spashta ruupate omeaa.
कविता के बारे में प्रश्न का स्पष्ट उत्तर दीजिए।,Answer the question about the poem clearly.,ओड़ोः कविता राः बारे रे प्रश्न राः स्पष्ट उत्तर ओमेआ।,oda़oh kawitaa raah baare re prashna raah spashta uttara omeaa.
संवाद के बारे में प्रश्न का स्पष्ट उत्तर दें।,Clearly answer the question about dialogue.,ओड़ोः संवाद राः बारे रे प्रश्न राः स्पष्ट उत्तर ओमेआ।,oda़oh sanwaada raah baare re prashna raah spashta uttara omeaa.
रिपोर्ट के बारे में प्रश्न का स्पष्ट उत्तर दें।,Clearly answer the question about the report.,रआः रिपोर्ट राः बारे रे प्रश्न राः स्पष्ट उत्तर ओमेआ।,raaah riporta raah baare re prashna raah spashta uttara omeaa.
प्रोजेक्ट के बारे में प्रश्न का स्पष्ट उत्तर दें।,Clearly answer the question about the project.,रआः प्रोजेक्ट राः बारे रे प्रश्न राः स्पष्ट उत्तर ओमेआ।,raaah projekta raah baare re prashna raah spashta uttara omeaa.
गतिविधि के बारे में प्रश्न का स्पष्ट उत्तर दें.,Clearly answer questions about the activity.,नेआ गतिविधि राः बारे रे प्रश्न राः स्पष्ट उत्तर ओमेआ।,neaa gatiwidhi raah baare re prashna raah spashta uttara omeaa.
निर्देश के बारे में प्रश्न का स्पष्ट उत्तर दें।,Clearly answer the question about the instruction.,निर्देश निर्देश राः बारे रे प्रश्न राः स्पष्ट उत्तर ओमेआ।,nirdesha nirdesha raah baare re prashna raah spashta uttara omeaa.
स्पष्टीकरण के संबंध में प्रश्न का उत्तर स्पष्ट रूप से दें।,Answer the question clearly regarding the explanation.,रआः स्पष्टीकरण राः संबंध रे प्रश्न राः उत्तर स्पष्ट रूपते देंगा।,raaah spashtiikarana raah sanbandha re prashna raah uttara spashta ruupate dengaa.
विवरण के बारे में प्रश्न का उत्तर स्पष्ट रूप से दें।,Answer the question about the details clearly.,ओड़ो: विवरण रा: बारे रे प्रश्न रा: उत्तर स्पष्ट रूपते ओमेआ।,oda़o: wiwarana raa: baare re prashna raa: uttara spashta ruupate omeaa.
सारांश के बारे में प्रश्न का उत्तर स्पष्ट रूप से दें।,Answer the question about the summary clearly.,सारांशरा: बारे रे प्रश्न रा: उत्तर स्पष्ट रूपते ओमेआ।,saaraansharaa: baare re prashna raa: uttara spashta ruupate omeaa.
अनुभव के बारे में प्रश्न का स्पष्ट उत्तर दें।,Clearly answer the question about experience.,ओड़ो: अनुभव रा: बारे रे प्रश्न रा: स्पष्ट उत्तर ओमेआ।,oda़o: anubhawa raa: baare re prashna raa: spashta uttara omeaa.
परिणाम के बारे में प्रश्न का उत्तर स्पष्ट रूप से दें।,Answer the question about the result clearly.,रआः परिणाम राः बारे रे प्रश्न राः उत्तर स्पष्ट रूपते ओमेआ।,raaah parinaama raah baare re prashna raah uttara spashta ruupate omeaa.
निष्कर्ष के बारे में प्रश्न का उत्तर स्पष्ट रूप से दें।,Answer the question about the conclusion clearly.,निष्कर्षरा: बारे रे प्रश्न रा: उत्तर स्पष्ट रूपते ओमेआ।,nishkarsharaa: baare re prashna raa: uttara spashta ruupate omeaa.
सुझाव के बारे में प्रश्न का उत्तर स्पष्ट रूप से दें।,Answer the question about the suggestion clearly.,ओड़ो: सुझाव रा: बारे रे प्रश्न रा: उत्तर स्पष्ट रूपते देंगा।,oda़o: sujhaawa raa: baare re prashna raa: uttara spashta ruupate dengaa.
प्रतिक्रिया के बारे में प्रश्न का उत्तर स्पष्ट रूप से दें।,Answer the question about the reaction clearly.,ओड़ोः प्रतिक्रिया राः बारे रे प्रश्न राः उत्तर स्पष्ट रूपते ओमेआ।,oda़oh pratikriyaa raah baare re prashna raah uttara spashta ruupate omeaa.
नाम के बारे में प्रश्न का उत्तर स्पष्ट रूप से दें।,Answer the question about the name clearly.,नुतुम रआः बारे रे प्रश्न राः उत्तर स्पष्ट रूपते ओमेआ।,nutuma raaah baare re prashna raah uttara spashta ruupate omeaa.
अर्थ के बारे में प्रश्न का स्पष्ट उत्तर दें।,Clearly answer the question about meaning.,ओड़ो: अर्थ रा: बारे रे प्रश्न रा: स्पष्ट उत्तर ओमेआ।,oda़o: artha raa: baare re prashna raa: spashta uttara omeaa.
उत्तर के बारे में अपनी राय साझा करें.,Share your opinion about the answer.,आपान उत्तररा: बारे रे आपान राय साझाओआ।,aapaana uttararaa: baare re aapaana raaya saajhaaoaa.
प्रश्न के बारे में अपनी राय साझा करें.,Share your opinion about the question.,आपान प्रश्नरा: बारे रे आपान राय साझाओआ।,aapaana prashnaraa: baare re aapaana raaya saajhaaoaa.
विचार के बारे में अपनी राय साझा करें.,Share your opinion about the idea.,आपान विचाररा: बारे रे आपान राय साझाओआ।,aapaana wichaararaa: baare re aapaana raaya saajhaaoaa.
राय के बारे में अपनी राय साझा करें.,Share your opinion about the opinion.,आपान राय राः बारे रे आपान राय साझाओःआ।,aapaana raaya raah baare re aapaana raaya saajhaaohaa.
अवलोकन के बारे में अपनी राय साझा करें।,Share your opinion about the observation.,आपान अवलोकनरा: बारे रे आपान राय साझाओआ।,aapaana awalokanaraa: baare re aapaana raaya saajhaaoaa.
उदाहरण के बारे में अपनी राय साझा करें.,Share your opinion about the example.,आपान उदाहरणरा: बारे रे आपान राय साझाओआ।,aapaana udaaharanaraa: baare re aapaana raaya saajhaaoaa.
कारण के बारे में अपनी राय साझा करें।,Share your opinion about the cause.,कारण कारण रा: बारे रे आपान राय साझाओआ।,kaarana kaarana raa: baare re aapaana raaya saajhaaoaa.
परिभाषा के बारे में अपनी राय साझा करें।,Share your opinion about the definition.,आपान परिभाषारा: बारे रे आपान राय साझाओआ।,aapaana paribhaashaaraa: baare re aapaana raaya saajhaaoaa.
कहानी के बारे में अपनी राय साझा करें.,Share your opinion about the story.,आपान कहानीरा: बारे रे आपान राय साझाओआ।,aapaana kahaaniiraa: baare re aapaana raaya saajhaaoaa.
कविता के बारे में अपनी राय साझा करें.,Share your opinion about the poem.,आपान कविता राः बारे रे आपान राय साझाओःआ।,aapaana kawitaa raah baare re aapaana raaya saajhaaohaa.
संवाद के बारे में अपनी राय साझा करें।,Share your opinion about the dialogue.,आपान संवादरा: बारे रे आपान राय साझाओआ।,aapaana sanwaadaraa: baare re aapaana raaya saajhaaoaa.
रिपोर्ट के बारे में अपनी राय साझा करें.,Share your opinion about the report.,आपान रिपोर्ट राः बारे रे आपान राय साझाओआ।,aapaana riporta raah baare re aapaana raaya saajhaaoaa.
प्रोजेक्ट के बारे में अपनी राय साझा करें.,Share your opinion about the project.,आपान प्रोजेक्टरा: बारे रे आपान राय साझाओआ।,aapaana projektaraa: baare re aapaana raaya saajhaaoaa.
गतिविधि के बारे में अपनी राय साझा करें.,Share your opinion about the activity.,आपान गतिविधि राः बारे रे आपान राय साझाओःआ।,aapaana gatiwidhi raah baare re aapaana raaya saajhaaohaa.
निर्देश के बारे में अपनी राय साझा करें.,Share your opinion about the guide.,आपान निर्देश राः बारे रे आपान राय साझाओःआ।,aapaana nirdesha raah baare re aapaana raaya saajhaaohaa.
स्पष्टीकरण के बारे में अपनी राय साझा करें।,Share your opinion about the explanation.,आपान स्पष्टीकरणरा: बारे रे आपान राय साझाओआ।,aapaana spashtiikaranaraa: baare re aapaana raaya saajhaaoaa.
विवरण के बारे में अपनी राय साझा करें.,Share your opinion about the details.,आपान विवरण राः बारे रे आपान राय साझाओआ।,aapaana wiwarana raah baare re aapaana raaya saajhaaoaa.
सारांश के बारे में अपनी राय साझा करें.,Share your opinion about the summary.,सारांशरा: बारे रे आपान राय साझाओआ।,saaraansharaa: baare re aapaana raaya saajhaaoaa.
अनुभव के बारे में अपनी राय साझा करें।,Share your opinion about the experience.,आपान अनुभवरा: बारे रे आपान राय साझाओआ।,aapaana anubhawaraa: baare re aapaana raaya saajhaaoaa.
परिणाम के बारे में अपनी राय साझा करें.,Share your opinion about the result.,आपान परिणामरा: बारे रे आपान राय साझाओआ।,aapaana parinaamaraa: baare re aapaana raaya saajhaaoaa.
निष्कर्ष के बारे में अपनी राय साझा करें।,Share your opinion about the conclusion.,आपान निष्कर्षरा: बारे रे आपान राय साझाओआ।,aapaana nishkarsharaa: baare re aapaana raaya saajhaaoaa.
सुझाव के बारे में अपनी राय साझा करें.,Share your opinion about the suggestion.,आपान सुझाव राः बारे रे आपान राय साझाओआ।,aapaana sujhaawa raah baare re aapaana raaya saajhaaoaa.
प्रतिक्रिया के बारे में अपनी राय साझा करें।,Share your opinion about the feedback.,आपान प्रतिक्रियारा: बारे रे आपान राय साझाओआ।,aapaana pratikriyaaraa: baare re aapaana raaya saajhaaoaa.
नाम के बारे में अपनी राय साझा करें.,Share your opinion about the name.,आपान नामरा: बारे रे आपान राय साझाओआ।,aapaana naamaraa: baare re aapaana raaya saajhaaoaa.
अर्थ के बारे में अपनी राय साझा करें।,Share your opinion about the meaning.,आपान अर्थरा: बारे रे आपान राय साझाओआ।,aapaana artharaa: baare re aapaana raaya saajhaaoaa.
अपने समूह को उत्तर का वर्णन करें।,Describe the answer to your group.,आपान समूह के उत्तर राः वर्णन रिकाएआ।,aapaana samuuha ke uttara raah warnana rikaaeaa.
अपने समूह को प्रश्न का वर्णन करें.,Describe the question to your group.,आपान समूह के प्रश्न राः वर्णन रिकाएआ।,aapaana samuuha ke prashna raah warnana rikaaeaa.
अपने समूह को विचार बताएं.,Share the idea with your group.,आपान समूह के विचार उदुब केदाए।,aapaana samuuha ke wichaara uduba kedaae.
अपने समूह को राय बताएं.,Share your opinion with your group.,आपान समूह के राय उदुब केदा।,aapaana samuuha ke raaya uduba kedaa.
अपने समूह को अवलोकन का वर्णन करें।,Describe the observation to your group.,आपान समूह राः अवलोकन राः वर्णन रिकाएआ।,aapaana samuuha raah awalokana raah warnana rikaaeaa.
अपने समूह को उदाहरण का वर्णन करें.,Describe the example to your group.,आपान समूह के उदाहरण राः वर्णन रिकाएआ।,aapaana samuuha ke udaaharana raah warnana rikaaeaa.
अपने समूह को कारण बताएं.,Explain the reason to your group.,आपान समूह के कारण उदुब केदाए।,aapaana samuuha ke kaarana uduba kedaae.
अपने समूह को परिभाषा बताएं.,Explain the definition to your group.,आपान समूह के परिभाषा उदुब केदाए।,aapaana samuuha ke paribhaashaa uduba kedaae.
अपने समूह को कहानी का वर्णन करें.,Describe the story to your group.,आपान समूह के कहानी रा: वर्णन रिकाएआ।,aapaana samuuha ke kahaanii raa: warnana rikaaeaa.
अपने समूह को कविता का वर्णन करें।,Describe the poem to your group.,आपान समूह के कविता राः वर्णन रिकाएआ।,aapaana samuuha ke kawitaa raah warnana rikaaeaa.
अपने समूह को संवाद का वर्णन करें.,Describe the dialogue to your group.,आपान समूह के संवाद राः वर्णन रिकाएआ।,aapaana samuuha ke sanwaada raah warnana rikaaeaa.
अपने समूह को रिपोर्ट का वर्णन करें.,Describe the report to your group.,आपान समूह के रिपोर्ट राः वर्णन रिकाएआ।,aapaana samuuha ke riporta raah warnana rikaaeaa.
अपने समूह को प्रोजेक्ट का वर्णन करें.,Describe the project to your group.,आपान समूह के प्रोजेक्ट राः वर्णन रिकाएआ।,aapaana samuuha ke projekta raah warnana rikaaeaa.
अपने समूह को गतिविधि का वर्णन करें.,Describe the activity to your group.,आपान समूह के गतिविधि राः वर्णन रिकाएआ।,aapaana samuuha ke gatiwidhi raah warnana rikaaeaa.
अपने समूह को निर्देश का वर्णन करें.,Describe the instructions to your group.,आपान समूह के निर्देश राः वर्णन रिकाएआ।,aapaana samuuha ke nirdesha raah warnana rikaaeaa.
अपने समूह को स्पष्टीकरण का वर्णन करें.,Describe the explanation to your group.,आपान समूह के स्पष्टीकरण राः वर्णन रिकाएआ।,aapaana samuuha ke spashtiikarana raah warnana rikaaeaa.
अपने समूह को विवरण बताएं.,Tell your group the details.,आपान समूह के विवरण उदुब केदा।,aapaana samuuha ke wiwarana uduba kedaa.
अपने समूह को सारांश का वर्णन करें।,Describe the summary to your group.,आपान समूह के सारांशरा: वर्णन रिकाएआ।,aapaana samuuha ke saaraansharaa: warnana rikaaeaa.
अपने समूह को अनुभव का वर्णन करें.,Describe the experience to your group.,आपान समूह के अनुभव राः वर्णन रिकाएआ।,aapaana samuuha ke anubhawa raah warnana rikaaeaa.
अपने समूह को परिणाम बताएं.,Share the results with your group.,आपान समूह के परिणाम उदुब केदाए।,aapaana samuuha ke parinaama uduba kedaae.
अपने समूह को निष्कर्ष का वर्णन करें।,Describe the findings to your group.,आपान समूह के निष्कर्ष राः वर्णन रिकाएआ।,aapaana samuuha ke nishkarsha raah warnana rikaaeaa.
अपने समूह को सुझाव का वर्णन करें.,Describe the suggestion to your group.,आपान समूह के सुझाव राः वर्णन रिकाएआ।,aapaana samuuha ke sujhaawa raah warnana rikaaeaa.
अपने समूह की प्रतिक्रिया का वर्णन करें.,Describe your group's reaction.,आपान समूह राः प्रतिक्रिया राः वर्णन रिकाएआ।,aapaana samuuha raah pratikriyaa raah warnana rikaaeaa.
अपने समूह को नाम बताएं.,Name your group.,आपान समूह के नाम उदुब केदाए।,aapaana samuuha ke naama uduba kedaae.
अपने समूह को इसका अर्थ बताएं.,Explain its meaning to your group.,आपान समूह के नेआ राः अर्थ उदुब केदा।,aapaana samuuha ke neaa raah artha uduba kedaa.
उत्तर के बारे में मुख्य बिंदु को दोहराएँ।,Reiterate the main point about the answer.,बारे रे मुख्य बिंदु को दोहराओआ।,baare re mukhya bindu ko doharaaoaa.
प्रश्न के बारे में मुख्य बिंदु दोहराएँ।,Repeat the main points about the question.,बारे राः बारे रे मुख्य बिंदु दोहराओः।,baare raah baare re mukhya bindu doharaaoh.
विचार के बारे में मुख्य बिंदु दोहराएँ.,Reiterate the main points about the idea.,बारे रे मुख्य बिंदु दोहर मेना:।,baare re mukhya bindu dohara menaa:.
राय के बारे में मुख्य बात दोहराएँ.,Reiterate the main point about the opinion.,राय राः बारे रे मुख्य जगर दोहराओआ।,raaya raah baare re mukhya jagara doharaaoaa.
अवलोकन के बारे में मुख्य बिंदु को दोहराएँ।,Reiterate the main point about the observation.,नेआ अवलोकन बारे रे मुख्य बिंदु को दोहराओआ।,neaa awalokana baare re mukhya bindu ko doharaaoaa.
उदाहरण के बारे में मुख्य बिंदु दोहराएँ.,Reiterate the main points about the example.,एटा: उदाहरण बारे रे मुख्य बिंदु दोहराओ।,etaa: udaaharana baare re mukhya bindu doharaao.
कारण के बारे में मुख्य बात दोहराएँ.,Reiterate the main point about the reason.,कारण कारण रा: बारे रे मुख्य जगर दोहराओ,kaarana kaarana raa: baare re mukhya jagara doharaao
परिभाषा के बारे में मुख्य बिंदु दोहराएँ.,Repeat key points about the definition.,रआः परिभाषा बारे रे मुख्य बिंदु दोहराओःआ।,raaah paribhaashaa baare re mukhya bindu doharaaohaa.
कहानी के बारे में मुख्य बिंदु दोहराएँ.,Reiterate the main points about the story.,नेआ कहानी बारे रे मुख्य बिंदु दोहर मेना:।,neaa kahaanii baare re mukhya bindu dohara menaa:.
कविता के बारे में मुख्य बिंदु दोहराएँ.,Repeat the main points about the poem.,रआः कविता राः बारे रे मुख्य बिंदु दोहराओःआ।,raaah kawitaa raah baare re mukhya bindu doharaaohaa.
संवाद के बारे में मुख्य बिंदु दोहराएँ.,Reiterate key points about the conversation.,रआः संवाद बारे रे मुख्य बिंदु दोहराओःआ।,raaah sanwaada baare re mukhya bindu doharaaohaa.
रिपोर्ट के बारे में मुख्य बिंदु दोहराएँ.,Reiterate key points about the report.,बारे रे मुख्य बिंदु दोहर मेना:।,baare re mukhya bindu dohara menaa:.
प्रोजेक्ट के बारे में मुख्य बिंदु दोहराएँ.,Reiterate key points about the project.,रआः प्रोजेक्ट बारे रे मुख्य बिंदु दोहराओःआ।,raaah projekta baare re mukhya bindu doharaaohaa.
गतिविधि के बारे में मुख्य बिंदु दोहराएँ.,Repeat the main points about the activity.,रआः गतिविधि बारे रे मुख्य बिंदु दोहराओःआ।,raaah gatiwidhi baare re mukhya bindu doharaaohaa.
निर्देश के बारे में मुख्य बिंदु दोहराएँ.,Repeat key points about the instruction.,निर्देश राः बारे रे मुख्य बिंदु दोहराओःआ।,nirdesha raah baare re mukhya bindu doharaaohaa.
स्पष्टीकरण के बारे में मुख्य बिंदु को दोहराएँ।,Reiterate the main point about the explanation.,मेनदो स्पष्टीकरण राः बारे रे मुख्य बिंदु को दोहराओआ।,menado spashtiikarana raah baare re mukhya bindu ko doharaaoaa.
विवरण के बारे में मुख्य बिंदु दोहराएँ.,Reiterate key points about the details.,नेआ विवरण बारे रे मुख्य बिंदु दोहर मेना:।,neaa wiwarana baare re mukhya bindu dohara menaa:.
सारांश के बारे में मुख्य बिंदु दोहराएँ.,Reiterate the main points of the summary.,सारांशरा: बारे रे मुख्य बिंदु दोहराओ,saaraansharaa: baare re mukhya bindu doharaao
अनुभव के बारे में मुख्य बात दोहराएँ.,Reiterate the main point about the experience.,रआः अनुभव राः बारे रे मुख्य बात दोहराओःआ।,raaah anubhawa raah baare re mukhya baata doharaaohaa.
परिणाम के बारे में मुख्य बिंदु दोहराएँ.,Reiterate key points about the outcome.,मेनदो परिणाम राः बारे रे मुख्य बिंदु दोहराओःआ।,menado parinaama raah baare re mukhya bindu doharaaohaa.
निष्कर्ष के बारे में मुख्य बिंदु को दोहराएँ।,Reiterate the main point in the conclusion.,निष्कर्ष राः बारे रे मुख्य बिंदु को दोहराओःआ।,nishkarsha raah baare re mukhya bindu ko doharaaohaa.
सुझाव के बारे में मुख्य बात दोहराएँ.,Reiterate the main point about the suggestion.,ओड़ो: सुझाव बारे रे मुख्य जगर दोहर मेना:।,oda़o: sujhaawa baare re mukhya jagara dohara menaa:.
प्रतिक्रिया के बारे में मुख्य बिंदु दोहराएँ.,Reiterate key points about the response.,नेआ प्रतिक्रिया बारे रे मुख्य बिंदु दोहर मेना:।,neaa pratikriyaa baare re mukhya bindu dohara menaa:.
नाम के बारे में मुख्य बात दोहराएँ.,Reiterate the main point about the name.,नुतुम राः बारे रे मुख्य बात दोहराओःआ।,nutuma raah baare re mukhya baata doharaaohaa.
अर्थ के बारे में मुख्य बात दोहराएँ.,Repeat the main point about the meaning.,ओड़ो: अर्थ रा: बारे रे मुख्य जगर दोहर मेना:,oda़o: artha raa: baare re mukhya jagara dohara menaa:
उत्तर के संबंध में अपना अवलोकन प्रस्तुत करें।,Give your observation regarding the answer.,आपान उत्तर राः संबंध रे आपान अवलोकन प्रस्तुत केदा।,aapaana uttara raah sanbandha re aapaana awalokana prastuta kedaa.
प्रश्न के संबंध में अपना अवलोकन प्रस्तुत करें।,Give your observation regarding the question.,आपान प्रश्न राः संबंध रे आपान अवलोकन प्रस्तुत केदा।,aapaana prashna raah sanbandha re aapaana awalokana prastuta kedaa.
विचार के बारे में अपना अवलोकन प्रस्तुत करें।,Present your observation about the idea.,आपान विचार राः बारे रे आपान अवलोकन प्रस्तुत केदा।,aapaana wichaara raah baare re aapaana awalokana prastuta kedaa.
राय के बारे में अपना अवलोकन प्रस्तुत करें।,Present your observation about the opinion.,राय राः बारे रे आपान अवलोकन प्रस्तुत केदाएः।,raaya raah baare re aapaana awalokana prastuta kedaaeh.
अवलोकन के संबंध में अपना अवलोकन प्रस्तुत करें।,Present your observation regarding the observation.,आपान अवलोकनरा: संबंध रे आपान अवलोकन प्रस्तुत केदा।,aapaana awalokanaraa: sanbandha re aapaana awalokana prastuta kedaa.
उदाहरण के बारे में अपना अवलोकन प्रस्तुत करें।,Give your observation about the example.,आपान उदाहरणरा: बारे रे आपान अवलोकन प्रस्तुत केदा।,aapaana udaaharanaraa: baare re aapaana awalokana prastuta kedaa.
कारण के विषय में अपना अवलोकन प्रस्तुत करें।,Give your opinion about the reason.,कारण रा: विषय रे आपान अवलोकन प्रस्तुत केदा।,kaarana raa: wishaya re aapaana awalokana prastuta kedaa.
परिभाषा के संबंध में अपना अवलोकन प्रस्तुत करें।,Give your observations regarding the definition.,आपान परिभाषा राः संबंध रे आपान अवलोकन प्रस्तुत केदा।,aapaana paribhaashaa raah sanbandha re aapaana awalokana prastuta kedaa.
कहानी के बारे में अपना अवलोकन प्रस्तुत करें।,Give your observation about the story.,आपान कहानी राः बारे रे आपान अवलोकन प्रस्तुत केदा।,aapaana kahaanii raah baare re aapaana awalokana prastuta kedaa.
कविता के बारे में अपना अवलोकन प्रस्तुत करें।,Give your observation about the poem.,आपान कविता राः बारे रे आपान अवलोकन प्रस्तुत केदा।,aapaana kawitaa raah baare re aapaana awalokana prastuta kedaa.
संवाद के बारे में अपना अवलोकन प्रस्तुत करें।,Give your observations about the dialogue.,आपान संवादरा: बारे रे आपान अवलोकन प्रस्तुत केदा।,aapaana sanwaadaraa: baare re aapaana awalokana prastuta kedaa.
रिपोर्ट के बारे में अपना अवलोकन प्रस्तुत करें।,Please provide your observations about the report.,आपान रिपोर्ट राः बारे रे आपान अवलोकन प्रस्तुत केदा।,aapaana riporta raah baare re aapaana awalokana prastuta kedaa.
परियोजना के बारे में अपना अवलोकन प्रस्तुत करें।,Present your observation about the project.,आपान परियोजनारा: बारे रे आपान अवलोकन प्रस्तुत केदा।,aapaana pariyojanaaraa: baare re aapaana awalokana prastuta kedaa.
गतिविधि के बारे में अपना अवलोकन प्रस्तुत करें।,Present your observation about the activity.,आपान गतिविधि राः बारे रे आपान अवलोकन प्रस्तुत केदा।,aapaana gatiwidhi raah baare re aapaana awalokana prastuta kedaa.
निर्देश के संबंध में अपना अवलोकन प्रस्तुत करें।,Please provide your observations regarding the instructions.,निर्देश राः संबंध रे आपान अवलोकन प्रस्तुत केदाएः।,nirdesha raah sanbandha re aapaana awalokana prastuta kedaaeh.
स्पष्टीकरण के संबंध में अपना अवलोकन प्रस्तुत करें।,Please provide your observations regarding the explanation.,आपान स्पष्टीकरणरा: संबंध रे आपान अवलोकन प्रस्तुत केदा।,aapaana spashtiikaranaraa: sanbandha re aapaana awalokana prastuta kedaa.
विवरण के संबंध में अपना अवलोकन प्रस्तुत करें।,Please provide your observations regarding the details.,आपान विवरण राः संबंध रे आपान अवलोकन प्रस्तुत केदा।,aapaana wiwarana raah sanbandha re aapaana awalokana prastuta kedaa.
सारांश के बारे में अपना अवलोकन प्रस्तुत करें।,Present your observation about the summary.,सारांशरा: बारे रे आपान अवलोकन प्रस्तुत केदा।,saaraansharaa: baare re aapaana awalokana prastuta kedaa.
अनुभव के बारे में अपना अवलोकन प्रस्तुत करें।,Offer your observations about the experience.,आपान अनुभवरा: बारे रे आपान अवलोकन प्रस्तुत केदा।,aapaana anubhawaraa: baare re aapaana awalokana prastuta kedaa.
परिणाम के संबंध में अपना अवलोकन प्रस्तुत करें।,Please provide your observations regarding the result.,आपान परिणाम राः संबंध रे आपान अवलोकन प्रस्तुत केदा।,aapaana parinaama raah sanbandha re aapaana awalokana prastuta kedaa.
निष्कर्ष के बारे में अपना अवलोकन प्रस्तुत करें।,Present your observation about the conclusion.,आपान निष्कर्ष राः बारे रे आपान अवलोकन प्रस्तुत केदा।,aapaana nishkarsha raah baare re aapaana awalokana prastuta kedaa.
सुझाव के संबंध में अपना अवलोकन प्रस्तुत करें।,Please provide your views regarding the suggestion.,आपान सुझाव राः संबंध रे आपान अवलोकन प्रस्तुत केदा।,aapaana sujhaawa raah sanbandha re aapaana awalokana prastuta kedaa.
प्रतिक्रिया के संबंध में अपना अवलोकन प्रस्तुत करें।,Please provide your observations regarding the response.,आपान प्रतिक्रियारा: संबंध रे आपान अवलोकन प्रस्तुत केदा।,aapaana pratikriyaaraa: sanbandha re aapaana awalokana prastuta kedaa.
नाम के विषय में अपना अवलोकन प्रस्तुत करें।,Give your opinion about the name.,नुतुम राः विषय रे आपान अवलोकन प्रस्तुत केदा।,nutuma raah wishaya re aapaana awalokana prastuta kedaa.
अर्थ के विषय में अपना अवलोकन प्रस्तुत करें।,Give your opinion about the meaning.,आपान अर्थरा: विषय रे आपान अवलोकन प्रस्तुत केदाए।,aapaana artharaa: wishaya re aapaana awalokana prastuta kedaae.
संतुलित आहार से क्या तात्पर्य है?,What is meant by a balanced diet?,संतुलित आहार ते चाना: तात्पर्य मेना:?,santulita aahaara te chaanaa: taatparya menaa:?
वन से क्या तात्पर्य है?,What is meant by forest?,रआः ते चानाः तात्पर्य मेनाः?,raaah te chaanaah taatparya menaah?
फूल से क्या तात्पर्य है?,What is meant by flower?,फूल ते चानाः तात्पर्य मेनाः?,phuula te chaanaah taatparya menaah?
जड़ से क्या तात्पर्य है?,What is meant by root?,जड़ ते चाना: तात्पर्य मेना:?,jada़ te chaanaa: taatparya menaa:?
फल से क्या तात्पर्य है?,What is meant by fruit?,फल ते चाना: तात्पर्य मेना:?,phala te chaanaa: taatparya menaa:?
सब्जी से क्या तात्पर्य है?,What is meant by vegetable?,सब्जी ते चाना: तात्पर्य मेना:?,sabjii te chaanaa: taatparya menaa:?
पशु आश्रय से क्या तात्पर्य है?,What is meant by animal shelter?,पशु आश्रय ते चाना: तात्पर्य मेना:?,pashu aashraya te chaanaa: taatparya menaa:?
परिवहन से क्या तात्पर्य है?,What is meant by transportation?,चीना: परिवहन ते चाना: तात्पर्य मेना:?,chiinaa: pariwahana te chaanaa: taatparya menaa:?
वर्षा से क्या तात्पर्य है?,What is meant by rainfall?,वर्षा ते चाना: तात्पर्य मेना:?,warshaa te chaanaa: taatparya menaa:?
कृषि से क्या तात्पर्य है?,What is meant by agriculture?,रआः कृषि ते चि तात्पर्य मेना:?,raaah krishi te chi taatparya menaa:?
लोक प्रशासन से क्या तात्पर्य है?,What is meant by public administration?,लोक प्रशासन ते चाना: तात्पर्य मेना:?,loka prashaasana te chaanaa: taatparya menaa:?
ग्रामीण विकास से क्या तात्पर्य है?,What is meant by rural development?,रआः ग्रामीण विकास ते चानाः तात्पर्य मेनाः?,raaah graamiina wikaasa te chaanaah taatparya menaah?
उपभोक्ता से क्या तात्पर्य है?,What is meant by consumer?,उपभोक्ता ते चानाः तात्पर्य मेनाः?,upabhoktaa te chaanaah taatparya menaah?
बजट से क्या तात्पर्य है?,What is meant by budget?,बजट ते चाना: तात्पर्य मेना:?,bajata te chaanaa: taatparya menaa:?
उद्यमी से क्या तात्पर्य है?,What is meant by entrepreneur?,ओकोए उद्यमी ते चानाः तात्पर्य मेनाः?,okoe udyamii te chaanaah taatparya menaah?
मानवाधिकार से क्या तात्पर्य है?,What is meant by human rights?,मानवाधिकार ते चाना: तात्पर्य मेना:?,maanawaadhikaara te chaanaa: taatparya menaa:?
स्वतंत्रता संग्राम से क्या तात्पर्य है?,What is meant by freedom struggle?,स्वतंत्रता संग्राम ते चानाः तात्पर्य मेना:?,swatantrarataa sangraama te chaanaah taatparya menaa:?
विदेश नीति से क्या तात्पर्य है?,What is meant by foreign policy?,विदेश नीति ते चानाः तात्पर्य मेना:?,widesha niiti te chaanaah taatparya menaa:?
प्राकृतिक आपदा से क्या तात्पर्य है?,What is meant by natural disaster?,आकृतिक आपदा ते चानाः तात्पर्य मेना:?,aakritika aapadaa te chaanaah taatparya menaa:?
खनिज संसाधन से क्या तात्पर्य है ?,What is meant by mineral resources?,खनिज संसाधन ते चानाः तात्पर्य मेनाः?,khanija sansaadhana te chaanaah taatparya menaah?
संचार से क्या तात्पर्य है?,What is meant by communication?,रआः संचार ते चानाः तात्पर्य मेनाः?,raaah sanchaara te chaanaah taatparya menaah?
उद्योग से क्या तात्पर्य है?,What is meant by industry?,इनिः उद्योग ते चानाः तात्पर्य मेनाः?,inih udyoga te chaanaah taatparya menaah?
जल चक्र से क्या तात्पर्य है?,What is meant by water cycle?,मेनदो जल चक्र ते चानाः तात्पर्य मेनाः?,menado jala chakra te chaanaah taatparya menaah?
अपशिष्ट प्रबंधन से क्या तात्पर्य है?,What is meant by waste management?,मेनदो अपशिष्ट प्रबंधन ते चि तात्पर्य मेना:?,menado apashishta prabandhana te chi taatparya menaa:?
संतुलित आहार क्यों महत्वपूर्ण है?,Why is a balanced diet important?,संतुलित आहार चाना: महत्वपूर्ण मेना:?,santulita aahaara chaanaa: mahatwapuurna menaa:?
वन क्यों महत्वपूर्ण है?,Why is forest important?,चीना: पुरा: मेनते महत्वपूर्ण मेना:?,chiinaa: puraa: menate mahatwapuurna menaa:?
फूल क्यों महत्वपूर्ण है?,Why is the flower important?,ओड़ो: फूल चाना: महत्वपूर्ण मेना:?,oda़o: phuula chaanaa: mahatwapuurna menaa:?
जड़ क्यों महत्वपूर्ण है?,Why is the root important?,चिलका जड़ चीना: महत्वपूर्ण मेना:?,chilakaa jada़ chiinaa: mahatwapuurna menaa:?
फल क्यों महत्वपूर्ण है?,Why is fruit important?,फल चिलका फल चाना: महत्वपूर्ण मेना:?,phala chilakaa phala chaanaa: mahatwapuurna menaa:?
सब्जी क्यों महत्वपूर्ण है?,Why is vegetable important?,चिलका सब्जी चाना: महत्वपूर्ण मेना:?,chilakaa sabjii chaanaa: mahatwapuurna menaa:?
पशु आश्रय क्यों महत्वपूर्ण है?,Why is an animal shelter important?,पशु आश्रय चाना: महत्वपूर्ण मेना:?,pashu aashraya chaanaa: mahatwapuurna menaa:?
परिवहन क्यों महत्वपूर्ण है?,Why is transportation important?,चीना: परिवहन चाना: महत्वपूर्ण मेना:?,chiinaa: pariwahana chaanaa: mahatwapuurna menaa:?
वर्षा क्यों महत्वपूर्ण है?,Why is rainfall important?,वर्षा चाना: महत्वपूर्ण मेना:?,warshaa chaanaa: mahatwapuurna menaa:?
कृषि क्यों महत्वपूर्ण है?,Why is agriculture important?,रआः कृषि चिलकाते महत्वपूर्ण मेना:?,raaah krishi chilakaate mahatwapuurna menaa:?
लोक प्रशासन क्यों महत्वपूर्ण है?,Why is public administration important?,ओकोए लोक प्रशासन चाना: महत्वपूर्ण मेना:?,okoe loka prashaasana chaanaa: mahatwapuurna menaa:?
ग्रामीण विकास क्यों महत्वपूर्ण है?,Why is rural development important?,मेनदो ग्रामीण विकास चानाः महत्वपूर्ण मेना:?,menado graamiina wikaasa chaanaah mahatwapuurna menaa:?
उपभोक्ता क्यों महत्वपूर्ण है?,Why is the consumer important?,उपभोक्ता चिलका उपभोक्ता चीना: महत्वपूर्ण मेना:?,upabhoktaa chilakaa upabhoktaa chiinaa: mahatwapuurna menaa:?
बजट क्यों महत्वपूर्ण है?,Why is budgeting important?,नेआ बजट चाना: महत्वपूर्ण मेना:?,neaa bajata chaanaa: mahatwapuurna menaa:?
उद्यमी क्यों महत्वपूर्ण है?,Why is entrepreneur important?,नेआ उद्यमी चिलका ते महत्वपूर्ण मेना:?,neaa udyamii chilakaa te mahatwapuurna menaa:?
मानवाधिकार क्यों महत्वपूर्ण है?,Why are human rights important?,मानवाधिकार चाना: महत्वपूर्ण मेना:?,maanawaadhikaara chaanaa: mahatwapuurna menaa:?
सामाजिक चुनौती क्यों महत्वपूर्ण है?,Why is the social challenge important?,सामाजिक चुनौती चाना: महत्वपूर्ण मेना:?,saamaajika chunautii chaanaa: mahatwapuurna menaa:?
स्वतंत्रता संग्राम क्यों महत्वपूर्ण है?,Why is the freedom struggle important?,चीना: स्वतंत्रता संग्राम चाना: महत्वपूर्ण मेना:?,chiinaa: swatantrarataa sangraama chaanaa: mahatwapuurna menaa:?
विदेश नीति क्यों महत्वपूर्ण है?,Why is foreign policy important?,विदेश नीति चिलका महत्वपूर्ण मेना:?,widesha niiti chilakaa mahatwapuurna menaa:?
प्राकृतिक आपदा क्यों महत्वपूर्ण है?,Why is natural disaster important?,मेनदो प्राकृतिक आपदा चानाः महत्वपूर्ण मेना:?,menado praakritika aapadaa chaanaah mahatwapuurna menaa:?
खनिज संसाधन क्यों महत्वपूर्ण है?,Why are mineral resources important?,खनिज संसाधन चीना: महत्वपूर्ण मेना:?,khanija sansaadhana chiinaa: mahatwapuurna menaa:?
संचार क्यों महत्वपूर्ण है?,Why is communication important?,चिलका संचार चिलका महत्वपूर्ण मेना:?,chilakaa sanchaara chilakaa mahatwapuurna menaa:?
उद्योग क्यों महत्वपूर्ण है?,Why is industry important?,चिलका उद्योग चिलका महत्वपूर्ण मेना:?,chilakaa udyoga chilakaa mahatwapuurna menaa:?
जल चक्र क्यों महत्वपूर्ण है?,Why is the water cycle important?,मेनदो जल चक्र चीना: महत्वपूर्ण मेना:?,menado jala chakra chiinaa: mahatwapuurna menaa:?
अपशिष्ट प्रबंधन क्यों महत्वपूर्ण है?,Why is waste management important?,अपशिष्ट प्रबंधन चीना: महत्वपूर्ण मेना:?,apashishta prabandhana chiinaa: mahatwapuurna menaa:?
क्या आप संतुलित आहार का एक उदाहरण दे सकते हैं?,Can you give an example of a balanced diet?,आम संतुलित आहाररा: मिआद उदाहरण ओमेआ?,aama santulita aahaararaa: miaada udaaharana omeaa?
क्या आप जंगल का एक उदाहरण दे सकते हैं?,Can you give an example of a forest?,आम जंगल राः मिआद उदाहरण ओमेआ?,aama jangala raah miaada udaaharana omeaa?
क्या आप फूल का एक उदाहरण दे सकते हैं?,Can you give an example of a flower?,आम फूल राः मिआद उदाहरण ओमेआ?,aama phuula raah miaada udaaharana omeaa?
क्या आप जड़ का एक उदाहरण दे सकते हैं?,Can you give an example of a root?,आम जड़रा: मिआद उदाहरण ओमेआ?,aama jada़raa: miaada udaaharana omeaa?
क्या आप फल का एक उदाहरण दे सकते हैं?,Can you give an example of a fruit?,आम फलरा: मिआद उदाहरण ओमेआ?,aama phalaraa: miaada udaaharana omeaa?
क्या आप सब्जी का एक उदाहरण दे सकते हैं?,Can you give an example of a vegetable?,आम सब्जी राः मिआद उदाहरण ओमेआ?,aama sabjii raah miaada udaaharana omeaa?
क्या आप पशु आश्रय का एक उदाहरण दे सकते हैं?,Can you give an example of an animal shelter?,आम पशु आश्रय राः मिआद उदाहरण ओमेआ?,aama pashu aashraya raah miaada udaaharana omeaa?
क्या आप परिवहन का एक उदाहरण दे सकते हैं?,Can you give an example of transportation?,आम परिवहन राः मिआद उदाहरण ओमेआ?,aama pariwahana raah miaada udaaharana omeaa?
क्या आप वर्षा का एक उदाहरण दे सकते हैं?,Can you give an example of rain?,आम वर्षारा: मिआद उदाहरण ओमेआ?,aama warshaaraa: miaada udaaharana omeaa?
क्या आप कृषि का एक उदाहरण दे सकते हैं?,Can you give an example from agriculture?,आम कृषि राः मिआद उदाहरण ओमेआ?,aama krishi raah miaada udaaharana omeaa?
क्या आप लोक प्रशासन का एक उदाहरण दे सकते हैं?,Can you give an example of public administration?,आम लोक प्रशासन राः मिआद उदाहरण ओमेआ?,aama loka prashaasana raah miaada udaaharana omeaa?
क्या आप ग्रामीण विकास का एक उदाहरण दे सकते हैं?,Can you give an example of rural development?,आम ग्रामीण विकासरा: मियद उदाहरण ओमेआ?,aama graamiina wikaasaraa: miyada udaaharana omeaa?
क्या आप उपभोक्ता का एक उदाहरण दे सकते हैं?,Can you give an example of a consumer?,आम उपभोक्ता राः मिआद उदाहरण ओमेआ?,aama upabhoktaa raah miaada udaaharana omeaa?
क्या आप बजट का एक उदाहरण दे सकते हैं?,Can you give an example of a budget?,आम बजट राः मिआद उदाहरण ओमेआ?,aama bajata raah miaada udaaharana omeaa?
क्या आप उद्यमी का एक उदाहरण दे सकते हैं?,Can you give an example of an entrepreneur?,आम उद्यमीरा: मियद उदाहरण ओमेआ?,aama udyamiiraa: miyada udaaharana omeaa?
क्या आप मानवाधिकारों का एक उदाहरण दे सकते हैं?,Can you give an example of human rights?,आम मानवाधिकार कोआः मिआद उदाहरण ओमेआ?,aama maanawaadhikaara koaah miaada udaaharana omeaa?
क्या आप सामाजिक चुनौती का एक उदाहरण दे सकते हैं?,Can you give an example of a social challenge?,आम सामाजिक चुनौती राः मिआद उदाहरण ओमेआ?,aama saamaajika chunautii raah miaada udaaharana omeaa?
क्या आप स्वतंत्रता संग्राम का एक उदाहरण दे सकते हैं?,Can you give an example from the freedom struggle?,आम स्वतंत्रता संग्राम राः मिआद उदाहरण ओमेआ?,aama swatantrarataa sangraama raah miaada udaaharana omeaa?
क्या आप विदेश नीति का एक उदाहरण दे सकते हैं?,Can you give an example from foreign policy?,आले विदेश नीतिरा: मिआद उदाहरण ओमेआ?,aale widesha niitiraa: miaada udaaharana omeaa?
क्या आप प्राकृतिक आपदा का एक उदाहरण दे सकते हैं?,Can you give an example of a natural disaster?,आम प्राकृतिक आपदा राः मिआद उदाहरण ओमेआ?,aama praakritika aapadaa raah miaada udaaharana omeaa?
क्या आप खनिज संसाधन का एक उदाहरण दे सकते हैं?,Can you give an example of a mineral resource?,आम खनिज संसाधन राः मिआद उदाहरण ओमेआ?,aama khanija sansaadhana raah miaada udaaharana omeaa?
क्या आप संचार का एक उदाहरण दे सकते हैं?,Can you give an example of communication?,आम संचार राः मिआद उदाहरण ओमेआ?,aama sanchaara raah miaada udaaharana omeaa?
क्या आप उद्योग का एक उदाहरण दे सकते हैं?,Can you give an industry example?,आम उद्योग रेआ मिआद उदाहरण ओमेआ?,aama udyoga reaa miaada udaaharana omeaa?
क्या आप जल चक्र का एक उदाहरण दे सकते हैं?,Can you give an example of the water cycle?,आम जल चक्र राः मिआद उदाहरण ओमेआ?,aama jala chakra raah miaada udaaharana omeaa?
क्या आप अपशिष्ट प्रबंधन का एक उदाहरण दे सकते हैं?,Can you give an example of waste management?,आम अपशिष्ट प्रबंधन राः मिआद उदाहरण ओमेआ?,aama apashishta prabandhana raah miaada udaaharana omeaa?
संतुलित आहार के बारे में आप क्या जानते हैं?,What do you know about a balanced diet?,अमा: संतुलित आहार रा: बारे रे आम चाना: जानाए?,amaa: santulita aahaara raa: baare re aama chaanaa: jaanaae?
आप जंगल के बारे में क्या जानते हैं?,What do you know about the forest?,आले जंगल रा: बारे रे चाना: जान तना:,aale jangala raa: baare re chaanaa: jaana tanaa:
आप फूल के बारे में क्या जानते हैं?,What do you know about flowers?,आम फूल राः बारे रे चानाः जानाओआ?,aama phuula raah baare re chaanaah jaanaaoaa?
आप जड़ के बारे में क्या जानते हैं?,What do you know about the root?,आम जड़रा: बारे रे चाना: जान तना:,aama jada़raa: baare re chaanaa: jaana tanaa:
आप फल के बारे में क्या जानते हैं?,What do you know about fruit?,आम फल राः बारे रे चानाः जानाओआ?,aama phala raah baare re chaanaah jaanaaoaa?
आप सब्जी के बारे में क्या जानते हैं?,What do you know about vegetables?,अम सब्जी बारे रे चानाः जानाओआ?,ama sabjii baare re chaanaah jaanaaoaa?
आप पशु आश्रय के बारे में क्या जानते हैं?,What do you know about animal shelters?,आम पशु आश्रय राः बारे रे चानाः जानाओआ?,aama pashu aashraya raah baare re chaanaah jaanaaoaa?
आप परिवहन के बारे में क्या जानते हैं?,What do you know about transportation?,अमा: परिवहन रा: बारे रे चाना: जान तना:,amaa: pariwahana raa: baare re chaanaa: jaana tanaa:
आप वर्षा के बारे में क्या जानते हैं?,What do you know about rain?,आले वर्षा रा: बारे रे चाना: जान लेका जानाए?,aale warshaa raa: baare re chaanaa: jaana lekaa jaanaae?
आप कृषि के बारे में क्या जानते हैं?,What do you know about agriculture?,अम कृषि राः बारे रे चानाः जानाएः?,ama krishi raah baare re chaanaah jaanaaeh?
आप लोक प्रशासन के बारे में क्या जानते हैं?,What do you know about public administration?,आम लोक प्रशासन राः बारे रे चानाः जानाएः?,aama loka prashaasana raah baare re chaanaah jaanaaeh?
ग्रामीण विकास के बारे में आप क्या जानते हैं?,What do you know about rural development?,आपान ग्रामीण विकास राः बारे रे आम चानाः जानाएः?,aapaana graamiina wikaasa raah baare re aama chaanaah jaanaaeh?
आप उपभोक्ता के बारे में क्या जानते हैं?,What do you know about the consumer?,आम उपभोक्ता बारे रे चानाः जानाएः?,aama upabhoktaa baare re chaanaah jaanaaeh?
आप बजट के बारे में क्या जानते हैं?,What do you know about the budget?,आम बजट राः बारे रे चानाः जानाओआ?,aama bajata raah baare re chaanaah jaanaaoaa?
आप उद्यमी के बारे में क्या जानते हैं?,What do you know about entrepreneurs?,अम उद्यमी बारे रे चाना: जान तना:,ama udyamii baare re chaanaa: jaana tanaa:
आप मानवाधिकारों के बारे में क्या जानते हैं?,What do you know about human rights?,अम मानवाधिकार कोरा: बारे रे चाना: जान तना:,ama maanawaadhikaara koraa: baare re chaanaa: jaana tanaa:
आप सामाजिक चुनौती के बारे में क्या जानते हैं?,What do you know about social challenge?,अम सामाजिक चुनौती रा: बारे रे चाना: जान तना:,ama saamaajika chunautii raa: baare re chaanaa: jaana tanaa:
आप स्वतंत्रता संग्राम के बारे में क्या जानते हैं?,What do you know about the freedom struggle?,अम स्वतंत्रता संग्राम राः बारे रे चानाः जानाएः?,ama swatantrarataa sangraama raah baare re chaanaah jaanaaeh?
आप विदेश नीति के बारे में क्या जानते हैं?,What do you know about foreign policy?,आले विदेश नीतिरा: बारे रे चाना: जान तना:,aale widesha niitiraa: baare re chaanaa: jaana tanaa:
प्राकृतिक आपदा के बारे में आप क्या जानते हैं?,What do you know about natural disasters?,आपान प्राकृतिक आपदा राः बारे रे आम चानाः जानाएः?,aapaana praakritika aapadaa raah baare re aama chaanaah jaanaaeh?
खनिज संसाधन के बारे में आप क्या जानते हैं?,What do you know about mineral resources?,खनिज संसाधन राः बारे रे आम चानाः जानाएः?,khanija sansaadhana raah baare re aama chaanaah jaanaaeh?
आप संचार के बारे में क्या जानते हैं?,What do you know about communication?,आम संचार राः बारे रे चानाः जानाएः?,aama sanchaara raah baare re chaanaah jaanaaeh?
आप उद्योग के बारे में क्या जानते हैं?,What do you know about the industry?,अम उद्योग राः बारे रे चानाः जानाएः?,ama udyoga raah baare re chaanaah jaanaaeh?
जल चक्र के बारे में आप क्या जानते हैं?,What do you know about the water cycle?,आम चानाः बारे रे आम चानाः जानाएः?,aama chaanaah baare re aama chaanaah jaanaaeh?
आप अपशिष्ट प्रबंधन के बारे में क्या जानते हैं?,What do you know about waste management?,आम अपशिष्ट प्रबंधन राः बारे रे चानाः जानाएः?,aama apashishta prabandhana raah baare re chaanaah jaanaaeh?
आप संतुलित आहार को सरल शब्दों में कैसे समझा सकते हैं?,How can you explain a balanced diet in simple words?,अम संतुलित आहार के सरल शब्द रे चिलका समझाओआ?,ama santulita aahaara ke sarala shabda re chilakaa samajhaaoaa?
आप जंगल को सरल शब्दों में कैसे समझा सकते हैं?,How can you explain a forest in simple words?,अम जंगल के सरल शब्द कोरे चिलका समझाओआ?,ama jangala ke sarala shabda kore chilakaa samajhaaoaa?
आप फूल को सरल शब्दों में कैसे समझा सकते हैं?,How can you explain a flower in simple words?,अम फूल के सरल शब्द कोरे चिलका समझाओआ?,ama phuula ke sarala shabda kore chilakaa samajhaaoaa?
आप जड़ को सरल शब्दों में कैसे समझा सकते हैं?,How can you explain the root in simple words?,अम जड़ के सरल शब्द कोरे चिलका समझाओआ?,ama jada़ ke sarala shabda kore chilakaa samajhaaoaa?
आप फल को सरल शब्दों में कैसे समझा सकते हैं?,How can you explain fruit in simple words?,अम फल के सरल शब्द कोरे चिलका समझाओआ?,ama phala ke sarala shabda kore chilakaa samajhaaoaa?
आप सब्जी को सरल शब्दों में कैसे समझा सकते हैं?,How can you explain a vegetable in simple words?,अम सब्जी के सरल शब्द कोरे चिलका समझाओआ?,ama sabjii ke sarala shabda kore chilakaa samajhaaoaa?
आप पशु आश्रय को सरल शब्दों में कैसे समझा सकते हैं?,How can you explain animal shelter in simple words?,अम पशु आश्रय के सरल शब्द कोरे चिलका समझाओआ?,ama pashu aashraya ke sarala shabda kore chilakaa samajhaaoaa?
आप परिवहन को सरल शब्दों में कैसे समझा सकते हैं?,How can you explain transportation in simple words?,अमा: परिवहन रा: सरल शब्द कोरे चिलका समझाओआ?,amaa: pariwahana raa: sarala shabda kore chilakaa samajhaaoaa?
आप वर्षा को सरल शब्दों में कैसे समझा सकते हैं?,How can you explain rainfall in simple words?,अम वर्षा के सरल शब्द कोरे चिलका समझाओआ?,ama warshaa ke sarala shabda kore chilakaa samajhaaoaa?
आप कृषि को सरल शब्दों में कैसे समझा सकते हैं?,How can you explain agriculture in simple words?,अम कृषि रआः सरल शब्द कोरे चिलकाते समझाओःआ?,ama krishi raaah sarala shabda kore chilakaate samajhaaohaa?
आप लोक प्रशासन को सरल शब्दों में कैसे समझा सकते हैं?,How can you explain public administration in simple words?,अम लोक प्रशासन के सरल शब्द कोरे चिलका समझाओआ?,ama loka prashaasana ke sarala shabda kore chilakaa samajhaaoaa?
आप ग्रामीण विकास को सरल शब्दों में कैसे समझा सकते हैं?,How can you explain rural development in simple words?,आम ग्रामीण विकास को सरल शब्द कोरे चिलका समझाओआ?,aama graamiina wikaasa ko sarala shabda kore chilakaa samajhaaoaa?
आप उपभोक्ता को सरल शब्दों में कैसे समझा सकते हैं?,How can you explain this to the consumer in simple terms?,अम उपभोक्ता के सरल शब्द कोरे चिलका समझाओआ?,ama upabhoktaa ke sarala shabda kore chilakaa samajhaaoaa?
आप बजट को सरल शब्दों में कैसे समझा सकते हैं?,How can you explain budget in simple words?,अम बजट के सरल शब्द कोरे चिलका समझाओआ?,ama bajata ke sarala shabda kore chilakaa samajhaaoaa?
आप उद्यमी को सरल शब्दों में कैसे समझा सकते हैं?,How can you explain entrepreneur in simple words?,अम उद्यमी के सरल शब्द कोरे चिलका समझाओआ?,ama udyamii ke sarala shabda kore chilakaa samajhaaoaa?
आप मानवाधिकारों को सरल शब्दों में कैसे समझा सकते हैं?,How can you explain human rights in simple words?,अम मानवाधिकार को सरल शब्द कोरे चिलका समझाओआ?,ama maanawaadhikaara ko sarala shabda kore chilakaa samajhaaoaa?
आप सामाजिक चुनौती को सरल शब्दों में कैसे समझा सकते हैं?,How can you explain social challenge in simple words?,अम सोबेन सामाजिक चुनौती को सरल शब्द रे चिलका समझाओआ?,ama sobena saamaajika chunautii ko sarala shabda re chilakaa samajhaaoaa?
आप स्वतंत्रता संग्राम को सरल शब्दों में कैसे समझा सकते हैं?,How can you explain the freedom struggle in simple words?,अम स्वतंत्रता संग्राम के सरल शब्द कोरे चिलका समझाओआ?,ama swatantrarataa sangraama ke sarala shabda kore chilakaa samajhaaoaa?
आप विदेश नीति को सरल शब्दों में कैसे समझा सकते हैं?,How can you explain foreign policy in simple words?,आले विदेश नीति को सरल शब्द रे चिलका समझाओआ?,aale widesha niiti ko sarala shabda re chilakaa samajhaaoaa?
आप प्राकृतिक आपदा को सरल शब्दों में कैसे समझा सकते हैं?,How can you explain natural disaster in simple words?,आले प्राकृतिक आपदा के सरल शब्द रे चिलका समझाओआ?,aale praakritika aapadaa ke sarala shabda re chilakaa samajhaaoaa?
आप खनिज संसाधन को सरल शब्दों में कैसे समझा सकते हैं?,How can you explain mineral resources in simple words?,अम खनिज संसाधन को सरल शब्द रे चिलका समझाओआ?,ama khanija sansaadhana ko sarala shabda re chilakaa samajhaaoaa?
आप संचार को सरल शब्दों में कैसे समझा सकते हैं?,How can you explain communication in simple words?,अम संचार के सरल शब्द कोरे चिलका समझाओआ?,ama sanchaara ke sarala shabda kore chilakaa samajhaaoaa?
आप उद्योग को सरल शब्दों में कैसे समझा सकते हैं?,How can you explain the industry in simple terms?,अम उद्योग के सरल शब्द कोरे चिलका समझाओआ?,ama udyoga ke sarala shabda kore chilakaa samajhaaoaa?
आप जल चक्र को सरल शब्दों में कैसे समझा सकते हैं?,How can you explain the water cycle in simple words?,अम जल चक्र के सरल शब्द कोरे चिलका समझाओआ?,ama jala chakra ke sarala shabda kore chilakaa samajhaaoaa?
आप अपशिष्ट प्रबंधन को सरल शब्दों में कैसे समझा सकते हैं?,How can you explain waste management in simple words?,आले अपशिष्ट प्रबंधन के सरल शब्द रे चिलका समझाओआ?,aale apashishta prabandhana ke sarala shabda re chilakaa samajhaaoaa?
संतुलित आहार के बारे में मुख्य बातें क्या हैं?,What are the key points about a balanced diet?,संतुलित आहाररा: बारे रे मुख्य जगर मेनाः?,santulita aahaararaa: baare re mukhya jagara menaah?
वन के बारे में मुख्य बातें क्या हैं?,What are the main points about the forest?,रआः बारे रे मुख्य बात को चानाः मेनाः?,raaah baare re mukhya baata ko chaanaah menaah?
फूल के बारे में मुख्य बातें क्या हैं?,What are the main points about the flower?,एटा: फूल रा: बारे रे मुख्य जगर मेना:।,etaa: phuula raa: baare re mukhya jagara menaa:.
जड़ के बारे में मुख्य बातें क्या हैं?,What are the main points about the root?,ओड़ो: जड़रा: बारे रे मुख्य बात को चाना: मेनाः?,oda़o: jada़raa: baare re mukhya baata ko chaanaa: menaah?
फल के बारे में मुख्य बातें क्या हैं?,What are the main points about fruit?,फल रआः बारे रे मुख्य जगर मेनाः?,phala raaah baare re mukhya jagara menaah?
सब्जी के बारे में मुख्य बातें क्या हैं?,What are the main points about the vegetable?,सोबेन सब्जी बारे रे मुख्य जगर मेनाः?,sobena sabjii baare re mukhya jagara menaah?
पशु आश्रय के बारे में मुख्य बातें क्या हैं?,What are the main points about animal shelters?,पशु आश्रयरा: बारे रे मुख्य जगर मेनाः?,pashu aashrayaraa: baare re mukhya jagara menaah?
परिवहन के बारे में मुख्य बातें क्या हैं?,What are the main points about transportation?,मेनदो सोबेन परिवहन राः बारे रे मुख्य जगर चानाः मेनाः?,menado sobena pariwahana raah baare re mukhya jagara chaanaah menaah?
वर्षा के बारे में मुख्य बातें क्या हैं?,What are the main points about rainfall?,वर्षा रआः बारे रे मुख्य जगर चानाः मेनाः?,warshaa raaah baare re mukhya jagara chaanaah menaah?
कृषि के बारे में मुख्य बातें क्या हैं?,What are the main points about agriculture?,रआः बारे रे मुख्य बात को चानाः मेनाः?,raaah baare re mukhya baata ko chaanaah menaah?
लोक प्रशासन के बारे में मुख्य बिंदु क्या हैं?,What are the main points about public administration?,रआः लोक प्रशासन बारे रे मुख्य बिंदु चानाः मेनाः?,raaah loka prashaasana baare re mukhya bindu chaanaah menaah?
ग्रामीण विकास के मुख्य बिन्दु क्या हैं?,What are the main points of rural development?,ग्रामीण विकासरा: मुख्य बिन्दु चाना: बिन्दु चाना:?,graamiina wikaasaraa: mukhya bindu chaanaa: bindu chaanaa:?
उपभोक्ता के बारे में मुख्य बातें क्या हैं?,What are the key points about the consumer?,उपभोक्ता राः बारे रे मुख्य जगर चानाः मेनाः?,upabhoktaa raah baare re mukhya jagara chaanaah menaah?
बजट से जुड़ी मुख्य बातें क्या हैं?,What are the main points related to the budget?,रआः बजट ते जुड़ी मुख्य बात को चानाः मेनाः?,raaah bajata te juda़ii mukhya baata ko chaanaah menaah?
उद्यमी के बारे में मुख्य बातें क्या हैं?,What are the key points about an entrepreneur?,नातिन उद्यमी राः बारे रे मुख्य जगर चानाः मेनाः?,naatina udyamii raah baare re mukhya jagara chaanaah menaah?
मानवाधिकार के बारे में मुख्य बिंदु क्या हैं?,What are the main points about human rights?,मानवाधिकार राः बारे रे मुख्य बिंदु चानाः मेनाः?,maanawaadhikaara raah baare re mukhya bindu chaanaah menaah?
सामाजिक चुनौती के बारे में मुख्य बिंदु क्या हैं?,What are the main points about the social challenge?,सामाजिक चुनौती बारे रे मुख्य बिंदु चानाः मेनाः?,saamaajika chunautii baare re mukhya bindu chaanaah menaah?
स्वतंत्रता संग्राम के बारे में मुख्य बातें क्या हैं?,What are the main points about the freedom struggle?,मेनदो स्वतंत्रता संग्राम राः बारे रे मुख्य जगर मेनाः?,menado swatantrarataa sangraama raah baare re mukhya jagara menaah?
विदेश नीति के बारे में मुख्य बातें क्या हैं?,What are the main points about foreign policy?,रआः विदेश नीतिरा: बारे रे मुख्य जगर चानाः मेनाः?,raaah widesha niitiraa: baare re mukhya jagara chaanaah menaah?
प्राकृतिक आपदा के बारे में मुख्य बातें क्या हैं?,What are the main points about natural disaster?,मेनदो प्राकृतिक आपदा राः बारे रे मुख्य जगर मेनाः?,menado praakritika aapadaa raah baare re mukhya jagara menaah?
खनिज संसाधन के बारे में मुख्य बातें क्या हैं?,What are the main points about mineral resources?,खनिज संसाधनरा: बारे रे मुख्य जगर मेनाः?,khanija sansaadhanaraa: baare re mukhya jagara menaah?
संचार के बारे में मुख्य बातें क्या हैं?,What are the main points about communication?,नेआ संचाररा: बारे रे मुख्य जगर चाना: मेनाः?,neaa sanchaararaa: baare re mukhya jagara chaanaa: menaah?
उद्योग के बारे में मुख्य बातें क्या हैं?,What are the key points about the industry?,रआः उद्योगरा: बारे रे मुख्य जगर चानाः मेनाः?,raaah udyogaraa: baare re mukhya jagara chaanaah menaah?
जल चक्र के बारे में मुख्य बातें क्या हैं?,What are the main points about the water cycle?,बारे रे मुख्य बात को चानाः मेनाः?,baare re mukhya baata ko chaanaah menaah?
अपशिष्ट प्रबंधन के बारे में मुख्य बातें क्या हैं?,What are the key points about waste management?,मेनदो अपशिष्ट प्रबंधनरा: बारे रे मुख्य जगर मेनाः?,menado apashishta prabandhanaraa: baare re mukhya jagara menaah?
हम संतुलित आहार कहाँ पा सकते हैं?,Where can we find a balanced diet?,आले संतुलित आहार तायोमते पाड़ाओआ।,aale santulita aahaara taayomate paada़aaoaa.
हम जंगल का अवलोकन कहाँ कर सकते हैं?,Where can we observe the forest?,आले जंगल रा: अवलोकन चिलका रिकाएआ?,aale jangala raa: awalokana chilakaa rikaaeaa?
हम फूल कहाँ देख सकते हैं?,Where can we see flowers?,अले फूल ओकोए फूल ओकोए लेल केदाए?,ale phuula okoe phuula okoe lela kedaae?
हम जड़ का अवलोकन कहाँ कर सकते हैं?,Where can we observe the root?,आले जड़रा: अवलोकन चिलका रिकाएआ?,aale jada़raa: awalokana chilakaa rikaaeaa?
हम फल कहाँ देख सकते हैं?,Where can we see the fruit?,आले आले फल ओकोआते लेल लेल तना।,aale aale phala okoaate lela lela tanaa.
हम सब्जी कहाँ देख सकते हैं?,Where can we see the vegetable?,आले सब्जी तायोमते लेल तनाए?,aale sabjii taayomate lela tanaae?
हम पशु आश्रय कहाँ देख सकते हैं?,Where can we see animal shelters?,आले पशु आश्रय तायोमते लेल तनाए?,aale pashu aashraya taayomate lela tanaae?
हम परिवहन कहाँ देख सकते हैं?,Where can we see transport?,आले सोबेन परिवहन ता:रे लेल लेल तना।,aale sobena pariwahana taa:re lela lela tanaa.
हम वर्षा कहाँ देख सकते हैं?,Where can we see rain?,आले साल रआः रआः रआः रआः रआः रआः रआः रआः रआः रआः रआः रआः रआः रआः रआः रआः रआः रआः रआः रआः रआः रआः रआः रआः रआः रआः रआः रआः रआः रआः रआ,aale saala raaah raaah raaah raaah raaah raaah raaah raaah raaah raaah raaah raaah raaah raaah raaah raaah raaah raaah raaah raaah raaah raaah raaah raaah raaah raaah raaah raaah raaah raaah raaa
हम कृषि का अवलोकन कहाँ कर सकते हैं?,Where can we observe agriculture?,आले कृषि राः अवलोकन चिलका रिकाएआ?,aale krishi raah awalokana chilakaa rikaaeaa?
हम लोक प्रशासन का निरीक्षण कहाँ कर सकते हैं?,Where can we observe public administration?,आले लोक प्रशासनरा: निरीक्षण चिलका रिकाएआ?,aale loka prashaasanaraa: niriikshashana chilakaa rikaaeaa?
हम ग्रामीण विकास कहाँ देख सकते हैं?,Where can we see rural development?,आले ग्रामीण विकास चिलकाते लेल तनाए।,aale graamiina wikaasa chilakaate lela tanaae.
हम उपभोक्ता का अवलोकन कहाँ कर सकते हैं?,Where can we observe the consumer?,आले उपभोक्ता राः अवलोकन चिलका रिकाएआ?,aale upabhoktaa raah awalokana chilakaa rikaaeaa?
हम बजट का निरीक्षण कहां कर सकते हैं?,Where can we observe the budget?,आले बजट राः निरीक्षण काजिआकाना?,aale bajata raah niriikshashana kaajiaakaanaa?
हम उद्यमी को कहाँ देख सकते हैं?,Where can we see the entrepreneur?,आले उद्यमी के ओकोए तादाएआ?,aale udyamii ke okoe taadaaeaa?
हम मानवाधिकारों का पालन कहाँ कर सकते हैं?,Where can we observe human rights?,आले मानवाधिकार कोरा: पालन चिलका रिकाएआ?,aale maanawaadhikaara koraa: paalana chilakaa rikaaeaa?
हम सामाजिक चुनौती कहाँ देख सकते हैं?,Where can we see the social challenge?,आले सोबेन सामाजिक चुनौती ओकोए लेल केदा।,aale sobena saamaajika chunautii okoe lela kedaa.
हम स्वतंत्रता संग्राम का अवलोकन कहाँ कर सकते हैं?,Where can we observe the freedom struggle?,आले स्वतंत्रता संग्रामरा: अवलोकन कहाँ रिकाएआ?,aale swatantrarataa sangraamaraa: awalokana kahaan rikaaeaa?
हम विदेश नीति का अवलोकन कहाँ कर सकते हैं?,Where can we observe foreign policy?,आले विदेश नीतिरा: अवलोकन चिलका रिकाएआ?,aale widesha niitiraa: awalokana chilakaa rikaaeaa?
हम प्राकृतिक आपदा कहाँ देख सकते हैं?,Where can we see natural disaster?,आले प्राकृतिक आपदा ता: रे लेल लेल तना:,aale praakritika aapadaa taa: re lela lela tanaa:
हम खनिज संसाधन कहाँ देख सकते हैं?,Where can we find mineral resources?,आले खनिज संसाधन तायोमते लेल तना।,aale khanija sansaadhana taayomate lela tanaa.
हम संचार कहाँ देख सकते हैं?,Where can we see the communication?,आले संचार चिलकाते लेल लेल तना।,aale sanchaara chilakaate lela lela tanaa.
हम उद्योग का अवलोकन कहाँ कर सकते हैं?,Where can we get an overview of the industry?,आले उद्योगरा: अवलोकन चिलका रिकाएआ?,aale udyogaraa: awalokana chilakaa rikaaeaa?
हम जल चक्र कहाँ देख सकते हैं?,Where can we see the water cycle?,आले जल चक्र तायोमते लेल जना।,aale jala chakra taayomate lela janaa.
हम अपशिष्ट प्रबंधन कहाँ देख सकते हैं?,Where can we see waste management?,आले अपशिष्ट प्रबंधन ता: रे लेल तना:,aale apashishta prabandhana taa: re lela tanaa:
संतुलित आहार हमारे दैनिक जीवन को किस प्रकार प्रभावित करता है?,How does a balanced diet affect our daily lives?,आहार आलेआ: दैनिक जीवन किस प्रकार प्रभावित तना:,aahaara aaleaa: dainika jiiwana kisa prakaara prabhaawita tanaa:
जंगल हमारे दैनिक जीवन को किस प्रकार प्रभावित करते हैं?,How do forests affect our daily lives?,आलेआः दैनिक जीवन के किस प्रकार प्रभावित रिकाएआ?,aaleaah dainika jiiwana ke kisa prakaara prabhaawita rikaaeaa?
फूल हमारे दैनिक जीवन को किस प्रकार प्रभावित करते हैं?,How do flowers affect our daily lives?,फूल आलेआः दैनिक जीवन के किस प्रकार प्रभावित रिकाएआ?,phuula aaleaah dainika jiiwana ke kisa prakaara prabhaawita rikaaeaa?
जड़ हमारे दैनिक जीवन को किस प्रकार प्रभावित करती है?,How does the root affect our daily lives?,ओड़ो: आलेआ दैनिक जीवन किस प्रकार प्रभावित रिकाएआ?,oda़o: aaleaa dainika jiiwana kisa prakaara prabhaawita rikaaeaa?
फल हमारे दैनिक जीवन को कैसे प्रभावित करते हैं?,How do fruits affect our daily lives?,फल आलेआः दैनिक जीवन के चिलकाते प्रभावित रिकाएआ?,phala aaleaah dainika jiiwana ke chilakaate prabhaawita rikaaeaa?
सब्जी हमारे दैनिक जीवन को किस प्रकार प्रभावित करती है?,How do vegetables affect our daily lives?,सब्जी आलेआ: दैनिक जीवन किस प्रकार प्रभावित रिकाएआ?,sabjii aaleaa: dainika jiiwana kisa prakaara prabhaawita rikaaeaa?
पशु आश्रय हमारे दैनिक जीवन को कैसे प्रभावित करता है?,How does animal shelter affect our daily lives?,आलेआः दैनिक जीवनरे चिलकाते प्रभावित रिकाएआ?,aaleaah dainika jiiwanare chilakaate prabhaawita rikaaeaa?
परिवहन हमारे दैनिक जीवन को किस प्रकार प्रभावित करता है?,How does transportation affect our daily lives?,आलेआः दैनिक जीवन के किस प्रकार प्रभावित केदाएः?,aaleaah dainika jiiwana ke kisa prakaara prabhaawita kedaaeh?
वर्षा हमारे दैनिक जीवन को किस प्रकार प्रभावित करती है?,How does rain affect our daily lives?,वर्षा आलेआः दैनिक जीवन के किस प्रकार प्रभावित रिकाएआ?,warshaa aaleaah dainika jiiwana ke kisa prakaara prabhaawita rikaaeaa?
कृषि हमारे दैनिक जीवन को किस प्रकार प्रभावित करती है?,How does agriculture affect our daily lives?,आलेआः दैनिक जीवन किस प्रकार प्रभावित रिकाएआ?,aaleaah dainika jiiwana kisa prakaara prabhaawita rikaaeaa?
लोक प्रशासन हमारे दैनिक जीवन को किस प्रकार प्रभावित करता है?,How does public administration affect our daily lives?,आलेआः दैनिक जीवन के किस प्रकार प्रभावित रिकाएआ?,aaleaah dainika jiiwana ke kisa prakaara prabhaawita rikaaeaa?
ग्रामीण विकास हमारे दैनिक जीवन को किस प्रकार प्रभावित करता है?,How does rural development affect our daily lives?,आलेआ: दैनिक जीवन किस प्रकार प्रभावित रिकाएआ?,aaleaa: dainika jiiwana kisa prakaara prabhaawita rikaaeaa?
उपभोक्ता हमारे दैनिक जीवन को किस प्रकार प्रभावित करता है?,How does consumer affect our daily lives?,आपान उपभोक्ता आलेआः दैनिक जीवन के किस प्रकार प्रभावित केदाएः?,aapaana upabhoktaa aaleaah dainika jiiwana ke kisa prakaara prabhaawita kedaaeh?
बजट हमारे दैनिक जीवन को किस प्रकार प्रभावित करता है?,How does the budget affect our daily lives?,आलेआः दैनिक जीवन के किस प्रकार प्रभावित रिकाएआ?,aaleaah dainika jiiwana ke kisa prakaara prabhaawita rikaaeaa?
उद्यमी हमारे दैनिक जीवन को किस प्रकार प्रभावित करता है?,How does entrepreneurship affect our daily lives?,आलेआः दैनिक जीवन के किस प्रकार प्रभावित केदाएः?,aaleaah dainika jiiwana ke kisa prakaara prabhaawita kedaaeh?
मानवाधिकार हमारे दैनिक जीवन को किस प्रकार प्रभावित करता है?,How do human rights affect our daily lives?,मानवाधिकार आलेआः दैनिक जीवन के किस प्रकार प्रभावित रिकाएआ?,maanawaadhikaara aaleaah dainika jiiwana ke kisa prakaara prabhaawita rikaaeaa?
सामाजिक चुनौती हमारे दैनिक जीवन को कैसे प्रभावित करती है?,How does social challenge affect our daily lives?,आलेआः सामाजिक चुनौती आलेआः दैनिक जीवन के चिलकाते प्रभावित रिका तना।,aaleaah saamaajika chunautii aaleaah dainika jiiwana ke chilakaate prabhaawita rikaa tanaa.
स्वतंत्रता संग्राम हमारे दैनिक जीवन को किस प्रकार प्रभावित करता है?,How does the freedom struggle affect our daily lives?,आलेआः स्वतंत्रता संग्राम आलेआः दैनिक जीवन किस प्रकार प्रभावित केदाएः?,aaleaah swatantrarataa sangraama aaleaah dainika jiiwana kisa prakaara prabhaawita kedaaeh?
विदेश नीति हमारे दैनिक जीवन को किस प्रकार प्रभावित करती है?,How does foreign policy affect our daily lives?,आलेआः विदेश नीति आलेआः दैनिक जीवन के किस प्रकार प्रभावित रिकाएआ?,aaleaah widesha niiti aaleaah dainika jiiwana ke kisa prakaara prabhaawita rikaaeaa?
प्राकृतिक आपदा हमारे दैनिक जीवन को किस प्रकार प्रभावित करती है?,How do natural disasters affect our daily lives?,आलेआः दैनिक जीवन के किस प्रकार प्रभावित रिकाएआ?,aaleaah dainika jiiwana ke kisa prakaara prabhaawita rikaaeaa?
खनिज संसाधन हमारे दैनिक जीवन को किस प्रकार प्रभावित करते हैं?,How do mineral resources affect our daily lives?,खनिज संसाधन आलेआः दैनिक जीवन के किस प्रकार प्रभावित रिकाएआ?,khanija sansaadhana aaleaah dainika jiiwana ke kisa prakaara prabhaawita rikaaeaa?
संचार हमारे दैनिक जीवन को किस प्रकार प्रभावित करता है?,How does communication affect our daily lives?,आलेआः दैनिक जीवन के किस प्रकार प्रभावित रिकाएआ?,aaleaah dainika jiiwana ke kisa prakaara prabhaawita rikaaeaa?
उद्योग हमारे दैनिक जीवन को किस प्रकार प्रभावित करता है?,How does industry affect our daily lives?,आलेआः दैनिक जीवन के किस प्रकार प्रभावित रिकाएआ?,aaleaah dainika jiiwana ke kisa prakaara prabhaawita rikaaeaa?
जल चक्र हमारे दैनिक जीवन को किस प्रकार प्रभावित करता है?,How does the water cycle affect our daily lives?,आलेआः दैनिक जीवन किस प्रकार प्रभावित रिकाएआ?,aaleaah dainika jiiwana kisa prakaara prabhaawita rikaaeaa?
अपशिष्ट प्रबंधन हमारे दैनिक जीवन को कैसे प्रभावित करता है?,How does waste management affect our daily lives?,अपशिष्ट प्रबंधन आलेआः दैनिक जीवन के चिलकाते प्रभावित रिका तना।,apashishta prabandhana aaleaah dainika jiiwana ke chilakaate prabhaawita rikaa tanaa.
आज आपने संतुलित आहार के बारे में क्या सीखा?,What did you learn about a balanced diet today?,तिसिङ आम संतुलित आहार बारे रे चिनअः चिनअः?,tisinga aama santulita aahaara baare re chinaah chinaah?
आज आपने जंगल के बारे में क्या सीखा?,What did you learn about the forest today?,तिसिङ आम जंगल राः बारे रे चानाः रिकाकेदाञ?,tisinga aama jangala raah baare re chaanaah rikaakedaanya?
आज आपने फूल के बारे में क्या सीखा?,What did you learn about flowers today?,तिसिङ आम फूल राः बारे रे चानाः जाना?,tisinga aama phuula raah baare re chaanaah jaanaa?
आज आपने रूट के बारे में क्या सीखा?,What did you learn about roots today?,तिसिङ आम रूट राः बारे रे चानाः जाना?,tisinga aama ruuta raah baare re chaanaah jaanaa?
आज आपने फल के बारे में क्या सीखा?,What did you learn about fruit today?,तिसिङ आमाः फल राः बारे रे चिनअः चिनअः?,tisinga aamaah phala raah baare re chinaah chinaah?
आज आपने सब्जी के बारे में क्या सीखा?,What did you learn about vegetables today?,तिसिङ आम सब्जी राः बारे रे चानाः जानाएः?,tisinga aama sabjii raah baare re chaanaah jaanaaeh?
आज आपने पशु आश्रय के बारे में क्या सीखा?,What did you learn about animal shelters today?,तिसिङ आम पशु आश्रय राः बारे रे चिनअः चिनअः?,tisinga aama pashu aashraya raah baare re chinaah chinaah?
आज आपने परिवहन के बारे में क्या सीखा?,What did you learn about transportation today?,तिसिङ आमाः परिवहन राः बारे रे चानाः रिकाकेदाएः?,tisinga aamaah pariwahana raah baare re chaanaah rikaakedaaeh?
आज आपने वर्षा के बारे में क्या सीखा?,What did you learn about rain today?,तिसिङ आमाः वर्षा राः बारे रे चिनअः चिनअः?,tisinga aamaah warshaa raah baare re chinaah chinaah?
आज आपने कृषि के बारे में क्या सीखा?,What did you learn about agriculture today?,तिसिङ आम कृषि राः बारे रे चानाः चिनअः तइन केना?,tisinga aama krishi raah baare re chaanaah chinaah taina kenaa?
आज आपने लोक प्रशासन के बारे में क्या सीखा?,What did you learn about public administration today?,तिसिङ आम लोक प्रशासन राः बारे रे चानाः रिकाकेदाएः?,tisinga aama loka prashaasana raah baare re chaanaah rikaakedaaeh?
आज आपने ग्रामीण विकास के बारे में क्या सीखा?,What did you learn about rural development today?,तिसिङ आम ग्रामीण विकास बारे रे चिनअः चिनअः?,tisinga aama graamiina wikaasa baare re chinaah chinaah?
आज आपने उपभोक्ता के बारे में क्या सीखा?,What did you learn about the consumer today?,तिसिङ आम उपभोक्ता राः बारे रे चानाः रिकाकेदाएः?,tisinga aama upabhoktaa raah baare re chaanaah rikaakedaaeh?
आज आपने बजट के बारे में क्या सीखा?,What did you learn about the budget today?,तिसिङ आम बजट राः बारे रे चानाः रिकाकेदाएः?,tisinga aama bajata raah baare re chaanaah rikaakedaaeh?
आज आपने उद्यमी के बारे में क्या सीखा?,What did you learn about entrepreneurship today?,तिसिङ आम उद्यमी बारे रे चिनअः चिनअः?,tisinga aama udyamii baare re chinaah chinaah?
आज आपने मानवाधिकारों के बारे में क्या सीखा?,What did you learn about human rights today?,तिसिङ आमाः मानवाधिकार कोरा: बारे रे चिनअः चिनअः तइन केना?,tisinga aamaah maanawaadhikaara koraa: baare re chinaah chinaah taina kenaa?
आज आपने सामाजिक चुनौती के बारे में क्या सीखा?,What did you learn about social challenge today?,तिसिङ आम सामाजिक चुनौती बारे रे चिनअः चिनअः?,tisinga aama saamaajika chunautii baare re chinaah chinaah?
आज आपने स्वतंत्रता संग्राम के बारे में क्या सीखा?,What did you learn about the freedom struggle today?,तिसिङ आम स्वतंत्रता संग्राम राः बारे रे चानाः जाना?,tisinga aama swatantrarataa sangraama raah baare re chaanaah jaanaa?
आज आपने विदेश नीति के बारे में क्या सीखा?,What did you learn about foreign policy today?,तिसिङ आम विदेश नीतिरा: बारे रे चाना: जाना?,tisinga aama widesha niitiraa: baare re chaanaa: jaanaa?
आज आपने प्राकृतिक आपदा के बारे में क्या सीखा?,What did you learn about natural disasters today?,तिसिङ आम प्राकृतिक आपदा राः बारे रे चानाः जाना?,tisinga aama praakritika aapadaa raah baare re chaanaah jaanaa?
आज आपने खनिज संसाधन के बारे में क्या सीखा?,What did you learn about mineral resources today?,तिसिङ आम खनिज संसाधन बारे रे चिनअः चिनअः तइन केना?,tisinga aama khanija sansaadhana baare re chinaah chinaah taina kenaa?
आज आपने संचार के बारे में क्या सीखा?,What did you learn about communication today?,तिसिङ आम संचार राः बारे रे चानाः जाना?,tisinga aama sanchaara raah baare re chaanaah jaanaa?
आज आपने उद्योग के बारे में क्या सीखा?,What did you learn about the industry today?,तिसिङ आम उद्योग राः बारे रे चानाः चिनअः तइन केना?,tisinga aama udyoga raah baare re chaanaah chinaah taina kenaa?
आज आपने जल चक्र के बारे में क्या सीखा?,What did you learn about the water cycle today?,तिसिङ आम जल चक्र राः बारे रे चानाः जाना?,tisinga aama jala chakra raah baare re chaanaah jaanaa?
आज आपने अपशिष्ट प्रबंधन के बारे में क्या सीखा?,What did you learn about waste management today?,तिसिङ आम अपशिष्ट प्रबंधन राः बारे रे चिनअः चिनअः?,tisinga aama apashishta prabandhana raah baare re chinaah chinaah?
क्या आप संतुलित आहार के बारे में प्रश्न का उत्तर दे सकते हैं?,Can you answer the question about a balanced diet?,आम संतुलित आहार रा: बारे रे प्रश्न रा: उत्तर ओमेआ?,aama santulita aahaara raa: baare re prashna raa: uttara omeaa?
क्या आप जंगल के बारे में प्रश्न का उत्तर दे सकते हैं?,Can you answer the question about the forest?,आम जंगल रा: बारे रे प्रश्न रा: उत्तर ओम तना:,aama jangala raa: baare re prashna raa: uttara oma tanaa:
क्या आप फूल के बारे में प्रश्न का उत्तर दे सकते हैं?,Can you answer the question about the flower?,आम फूलरा: बारे रे प्रश्न रा: उत्तर ओम तना:,aama phuularaa: baare re prashna raa: uttara oma tanaa:
क्या आप जड़ के बारे में प्रश्न का उत्तर दे सकते हैं?,Can you answer the question about the root?,आम जड़रा: बारे रे प्रश्न रा: उत्तर ओमेआ?,aama jada़raa: baare re prashna raa: uttara omeaa?
क्या आप फल के बारे में प्रश्न का उत्तर दे सकते हैं?,Can you answer the question about fruit?,आम फलरा: बारे रे प्रश्न रा: उत्तर ओम तना:,aama phalaraa: baare re prashna raa: uttara oma tanaa:
क्या आप सब्जी के बारे में प्रश्न का उत्तर दे सकते हैं?,Can you answer the question about the vegetable?,आम सब्जी राः बारे रे प्रश्न राः उत्तर ओमेआ?,aama sabjii raah baare re prashna raah uttara omeaa?
क्या आप पशु आश्रय के बारे में प्रश्न का उत्तर दे सकते हैं?,Can you answer the question about the animal shelter?,आम पशु आश्रयरा: बारे रे प्रश्न रा: उत्तर ओमेआ?,aama pashu aashrayaraa: baare re prashna raa: uttara omeaa?
क्या आप परिवहन के बारे में प्रश्न का उत्तर दे सकते हैं?,Can you answer the question about transportation?,अमा: परिवहन रा: बारे रे प्रश्न रा: उत्तर ओमेआ?,amaa: pariwahana raa: baare re prashna raa: uttara omeaa?
क्या आप वर्षा के बारे में प्रश्न का उत्तर दे सकते हैं?,Can you answer the question about rain?,आम वर्षा रा: बारे रे प्रश्न रा: उत्तर ओमेआ?,aama warshaa raa: baare re prashna raa: uttara omeaa?
क्या आप कृषि के बारे में प्रश्न का उत्तर दे सकते हैं?,Can you answer the question about agriculture?,आम कृषि राः बारे रे प्रश्न राः उत्तर ओमेआ?,aama krishi raah baare re prashna raah uttara omeaa?
क्या आप लोक प्रशासन के बारे में प्रश्न का उत्तर दे सकते हैं?,Can you answer the question about public administration?,आम लोक प्रशासन राः बारे रे प्रश्न राः उत्तर ओमेआ?,aama loka prashaasana raah baare re prashna raah uttara omeaa?
क्या आप ग्रामीण विकास के बारे में प्रश्न का उत्तर दे सकते हैं?,Can you answer the question about rural development?,आम ग्रामीण विकास राः बारे रे प्रश्न राः उत्तर ओमेआ?,aama graamiina wikaasa raah baare re prashna raah uttara omeaa?
क्या आप उपभोक्ता के बारे में प्रश्न का उत्तर दे सकते हैं?,Can you answer the question about the consumer?,आम उपभोक्ता राः बारे रे प्रश्न राः उत्तर ओमेआ?,aama upabhoktaa raah baare re prashna raah uttara omeaa?
क्या आप बजट के बारे में प्रश्न का उत्तर दे सकते हैं?,Can you answer the question about the budget?,आम बजट रा: बारे रे प्रश्न रा: उत्तर ओमेआ?,aama bajata raa: baare re prashna raa: uttara omeaa?
क्या आप उद्यमी के बारे में प्रश्न का उत्तर दे सकते हैं?,Can you answer the question about entrepreneur?,आम उद्यमी बारे रे प्रश्न राः उत्तर ओम तना?,aama udyamii baare re prashna raah uttara oma tanaa?
क्या आप मानवाधिकारों के बारे में प्रश्न का उत्तर दे सकते हैं?,Can you answer the question about human rights?,आम मानवाधिकार कोआ: बारे रे प्रश्न रा: उत्तर ओमेआ?,aama maanawaadhikaara koaa: baare re prashna raa: uttara omeaa?
क्या आप सामाजिक चुनौती के बारे में प्रश्न का उत्तर दे सकते हैं?,Can you answer the question about the social challenge?,आम सामाजिक चुनौती राः बारे रे प्रश्न राः उत्तर ओमेआ?,aama saamaajika chunautii raah baare re prashna raah uttara omeaa?
क्या आप स्वतंत्रता संग्राम के बारे में प्रश्न का उत्तर दे सकते हैं?,Can you answer the question about the freedom struggle?,आम स्वतंत्रता संग्राम राः बारे रे प्रश्न राः उत्तर ओमेआ?,aama swatantrarataa sangraama raah baare re prashna raah uttara omeaa?
क्या आप विदेश नीति के बारे में प्रश्न का उत्तर दे सकते हैं?,Can you answer the question about foreign policy?,आले विदेश नीतिरा: बारे रे प्रश्न रा: उत्तर ओमेआ?,aale widesha niitiraa: baare re prashna raa: uttara omeaa?
क्या आप प्राकृतिक आपदा के बारे में प्रश्न का उत्तर दे सकते हैं?,Can you answer the question about natural disaster?,आम प्राकृतिक आपदा रा: बारे रे प्रश्न रा: उत्तर ओमेआ?,aama praakritika aapadaa raa: baare re prashna raa: uttara omeaa?
क्या आप खनिज संसाधन के बारे में प्रश्न का उत्तर दे सकते हैं?,Can you answer the question about mineral resources?,आम खनिज संसाधन रा: बारे रे प्रश्न रा: उत्तर ओमेआ?,aama khanija sansaadhana raa: baare re prashna raa: uttara omeaa?
क्या आप संचार के बारे में प्रश्न का उत्तर दे सकते हैं?,Can you answer the question about communication?,आम संचार राः बारे रे प्रश्न राः उत्तर ओमेआ?,aama sanchaara raah baare re prashna raah uttara omeaa?
क्या आप उद्योग के बारे में प्रश्न का उत्तर दे सकते हैं?,Can you answer the question about the industry?,आले उद्योग रेआ: बारे रे प्रश्न रा: उत्तर ओमेआ?,aale udyoga reaa: baare re prashna raa: uttara omeaa?
क्या आप जल चक्र के बारे में प्रश्न का उत्तर दे सकते हैं?,Can you answer the question about the water cycle?,आम जल चक्र रा: बारे रे प्रश्न रा: उत्तर ओमेआ?,aama jala chakra raa: baare re prashna raa: uttara omeaa?
क्या आप अपशिष्ट प्रबंधन के बारे में प्रश्न का उत्तर दे सकते हैं?,Can you answer the question about waste management?,आम अपशिष्ट प्रबंधन राः बारे रे प्रश्न राः उत्तर ओमेआ?,aama apashishta prabandhana raah baare re prashna raah uttara omeaa?
अपने साथी के साथ संतुलित आहार पर चर्चा करें।,Discuss a balanced diet with your partner.,आपान साथी ते संतुलित आहार रे चर्चा रिकाएआ।,aapaana saathii te santulita aahaara re charchaa rikaaeaa.
अपने साथी के साथ फूलों के संग्रह पर चर्चा करें।,Discuss the flower collection with your partner.,आपान साथी ते फूल कोरा: संग्रह रे चर्चा केदा।,aapaana saathii te phuula koraa: sangraha re charchaa kedaa.
अपने साथी के साथ वृक्षारोपण पर चर्चा करें।,Discuss tree planting with your partner.,आपान साथी ते वृक्षारोपण रे चर्चा मेनाः।,aapaana saathii te wrikshashaaropana re charchaa menaah.
अपने साथी के साथ पशु आश्रय पर चर्चा करें।,Discuss animal shelters with your partner.,आपान साथी ते पशु आश्रय रे चर्चा रिकाएआ।,aapaana saathii te pashu aashraya re charchaa rikaaeaa.
अपने साथी के साथ जल प्रयोग पर चर्चा करें।,Discuss the water experiment with your partner.,आपान साथी ते जल प्रयोग रे चर्चा मेनाः।,aapaana saathii te jala prayoga re charchaa menaah.
अपने साथी के साथ मानचित्र चित्रण पर चर्चा करें।,Discuss the map illustration with your partner.,आपान साथी ते मानचित्र चित्रण रे चर्चा मेनाः।,aapaana saathii te maanachitrara chitrarana re charchaa menaah.
अपने साथी के साथ वर्षा अध्ययन पर चर्चा करें।,Discuss the rainfall study with your partner.,आपान साथी ते वर्षा अध्ययन रे चर्चा मेनाः।,aapaana saathii te warshaa adhyayana re charchaa menaah.
अपने साथी के साथ वन संरक्षण पर चर्चा करें।,Discuss forest conservation with your partner.,आपान साथी ते वन संरक्षण रे चर्चा रिकाएआ।,aapaana saathii te wana sanrakshashana re charchaa rikaaeaa.
अपने साथी के साथ अपशिष्ट पृथक्करण पर चर्चा करें।,Discuss waste segregation with your partner.,आपान साथी ते अपशिष्ट पृथक्करण रे चर्चा केदा।,aapaana saathii te apashishta prithakkarana re charchaa kedaa.
अपने साथी के साथ पारिवारिक संबंधों पर चर्चा करें।,Discuss family relationships with your partner.,आपान साथी ते पारिवारिक संबंध रे चर्चा केदा।,aapaana saathii te paariwaarika sanbandha re charchaa kedaa.
अपने साथी के साथ रंग चार्ट पर चर्चा करें।,Discuss the color chart with your partner.,आपान साथी ते रंग चार्ट रे चर्चा मेनाः।,aapaana saathii te ranga chaarta re charchaa menaah.
अपने साथी के साथ फलों की सूची पर चर्चा करें।,Discuss the list of fruits with your partner.,आपान साथी ते फलोंरा: सूची रे चर्चा रिकाएआ।,aapaana saathii te phalonraa: suuchii re charchaa rikaaeaa.
अपने साथी के साथ सब्जियों की सूची पर चर्चा करें।,Discuss the list of vegetables with your partner.,आपान साथी ते सोबेन कोआः सूची रे चर्चा मेनाः।,aapaana saathii te sobena koaah suuchii re charchaa menaah.
अपने साथी के साथ परिवहन चार्ट पर चर्चा करें।,Discuss the transportation chart with your partner.,आपान साथी ते परिवहन चार्ट रे चर्चा मेनाः।,aapaana saathii te pariwahana chaarta re charchaa menaah.
अपने साथी के साथ इतिहास की समयरेखा पर चर्चा करें।,Discuss the timeline of history with your partner.,आपान साथी ते इतिहास राः समयरेखा रे चर्चा मेनाः।,aapaana saathii te itihaasa raah samayarekhaa re charchaa menaah.
अपने साथी के साथ स्वतंत्रता आंदोलन पर चर्चा करें।,Discuss the freedom movement with your partner.,आपान साथी ते स्वतंत्रता आंदोलन रे चर्चा केदा।,aapaana saathii te swatantrarataa aandolana re charchaa kedaa.
अपने साथी के साथ ग्रामीण विकास पर चर्चा करें।,Discuss rural development with your partner.,आपान साथी ते ग्रामीण विकास रे चर्चा केदा।,aapaana saathii te graamiina wikaasa re charchaa kedaa.
अपने साथी के साथ उपभोक्ता अधिकारों पर चर्चा करें।,Discuss consumer rights with your partner.,आपान साथी ते उपभोक्ता अधिकार कोरे चर्चा केदा।,aapaana saathii te upabhoktaa adhikaara kore charchaa kedaa.
अपने साथी के साथ सार्वजनिक बजट पर चर्चा करें।,Discuss the public budget with your partner.,आपान साथी ते सार्वजनिक बजट रे चर्चा मेनाः।,aapaana saathii te saarwajanika bajata re charchaa menaah.
अपने साथी के साथ मानवाधिकारों पर चर्चा करें।,Discuss human rights with your partner.,आपान साथी ते मानवाधिकार कोरे चर्चा रिकाएआ।,aapaana saathii te maanawaadhikaara kore charchaa rikaaeaa.
अपने साथी के साथ सामाजिक सुधार पर चर्चा करें।,Discuss social reforms with your partner.,आपान साथी ते सामाजिक सुधार रे चर्चा रिकाएआ।,aapaana saathii te saamaajika sudhaara re charchaa rikaaeaa.
अपने साथी के साथ कृषि पर चर्चा करें।,Discuss agriculture with your partner.,आपान साथी ते कृषि रे चर्चा रिकाएआ।,aapaana saathii te krishi re charchaa rikaaeaa.
अपने साथी के साथ मौसम की रिपोर्ट पर चर्चा करें।,Discuss the weather report with your partner.,आपान साथी ते मौसम राः रिपोर्ट रे चर्चा मेनाः।,aapaana saathii te mausama raah riporta re charchaa menaah.
अपने साथी के साथ कक्षा सर्वेक्षण पर चर्चा करें।,Discuss the class survey with your partner.,आपान सोबेन साथी ते कक्षा सर्वेक्षण रे चर्चा मेनाः।,aapaana sobena saathii te kakshashaa sarwekshashana re charchaa menaah.
संतुलित आहार पर अपने समूह के साथ काम करें।,Work with your group on a balanced diet.,संतुलित आहार रे आपान समूह ते कामिओआ।,santulita aahaara re aapaana samuuha te kaamioaa.
फूल संग्रहण पर अपने समूह के साथ काम करें।,Work with your group on flower collection.,फूल संग्रहण रे आपान समूह ते कामिओआ।,phuula sangrahana re aapaana samuuha te kaamioaa.
अपने समूह के साथ वृक्षारोपण पर कार्य करें।,Work on planting trees with your group.,आपान समूह ते वृक्षारोपण रे कामिओआ।,aapaana samuuha te wrikshashaaropana re kaamioaa.
पशु आश्रय पर अपने समूह के साथ काम करें।,Work with your group at an animal shelter.,पशु आश्रय रे आश्रय रे आपान समूह ते कामिओआ।,pashu aashraya re aashraya re aapaana samuuha te kaamioaa.
जल प्रयोग पर अपने समूह के साथ काम करें।,Work with your group on a water experiment.,आपान समूह रे आपान समूह ते कामिओआ।,aapaana samuuha re aapaana samuuha te kaamioaa.
मानचित्र चित्रण पर अपने समूह के साथ कार्य करें।,Work with your group on the map illustration.,आपान मानचित्र चित्रण रे आपान समूह ते कामिओआ।,aapaana maanachitrara chitrarana re aapaana samuuha te kaamioaa.
वर्षा अध्ययन पर अपने समूह के साथ काम करें।,Work with your group on a rainfall study.,वर्षा अध्ययन रे आपान समूह ते कामिओआ।,warshaa adhyayana re aapaana samuuha te kaamioaa.
वन संरक्षण पर अपने समूह के साथ कार्य करें।,Work with your group on forest conservation.,आपान सोबेन रे आपान समूह ते कामिओःआ।,aapaana sobena re aapaana samuuha te kaamiohaa.
अपशिष्ट पृथक्करण पर अपने समूह के साथ काम करें।,Work with your group on waste segregation.,अपशिष्ट पृथक्करण रे आपान समूह ते कामिओआ।,apashishta prithakkarana re aapaana samuuha te kaamioaa.
पारिवारिक संबंधों पर अपने समूह के साथ काम करें।,Work with your group on family relationships.,आपान पारिवारिक संबंध रे आपान समूह ते कामिआ।,aapaana paariwaarika sanbandha re aapaana samuuha te kaamiaa.
रंग चार्ट पर अपने समूह के साथ काम करें।,Work with your group on the color chart.,रआः रंग चार्ट रे आपान समूह ते कामिओःआ।,raaah ranga chaarta re aapaana samuuha te kaamiohaa.
फलों की सूची पर अपने समूह के साथ काम करें।,Work with your group on a list of fruits.,आपान फलोंरा: सूची रे आपान समूह ते कामि रिकाएआ।,aapaana phalonraa: suuchii re aapaana samuuha te kaami rikaaeaa.
सब्जी सूची पर अपने समूह के साथ काम करें।,Work with your group on a vegetable list.,आपान सब्जी सूची रे आपान समूह ते कामिआ।,aapaana sabjii suuchii re aapaana samuuha te kaamiaa.
परिवहन चार्ट पर अपने समूह के साथ काम करें।,Work with your group on a transportation chart.,आपान परिवहन चार्ट रे आपान समूह ते कामिआ।,aapaana pariwahana chaarta re aapaana samuuha te kaamiaa.
इतिहास टाइमलाइन पर अपने समूह के साथ काम करें।,Work with your group on a history timeline.,इतिहास टाइमलाइन रे आपान समूह ते कामिओआ।,itihaasa taaimalaaina re aapaana samuuha te kaamioaa.
स्वतंत्रता आंदोलन पर अपने समूह के साथ काम करें।,Work with your group on the independence movement.,आपान स्वतंत्रता आंदोलन रे आपान समूह ते कामिओआ।,aapaana swatantrarataa aandolana re aapaana samuuha te kaamioaa.
ग्रामीण विकास पर अपने समूह के साथ काम करें।,Work with your group on rural development.,आपान ग्रामीण विकास रे आपान समूह ते कामिआ।,aapaana graamiina wikaasa re aapaana samuuha te kaamiaa.
उपभोक्ता अधिकारों पर अपने समूह के साथ काम करें।,Work with your group on consumer rights.,उपभोक्ता अधिकार कोरे आपान समूह ते कामिओआ।,upabhoktaa adhikaara kore aapaana samuuha te kaamioaa.
सार्वजनिक बजट पर अपने समूह के साथ काम करें।,Work with your group on a public budget.,आपान सार्वजनिक बजट रे आपान समूह ते कामिआ।,aapaana saarwajanika bajata re aapaana samuuha te kaamiaa.
मानवाधिकारों पर अपने समूह के साथ काम करें।,Work with your group on human rights.,मानवाधिकार कोरे आपान समूह ते कामिओआ।,maanawaadhikaara kore aapaana samuuha te kaamioaa.
अपने समूह के साथ सामाजिक सुधार पर कार्य करें।,Work on social reform with your group.,आपान समूह ते आपान समूह ते सामाजिक सुधार रे कामिओआ।,aapaana samuuha te aapaana samuuha te saamaajika sudhaara re kaamioaa.
कृषि पर अपने समूह के साथ काम करें।,Work with your group on agriculture.,आपान कृषि रे आपान समूह ते कामि रिकाएआ।,aapaana krishi re aapaana samuuha te kaami rikaaeaa.
मौसम रिपोर्ट पर अपने समूह के साथ काम करें।,Work with your group on a weather report.,मौसम रिपोर्ट रे आपान समूह ते कामिओआ।,mausama riporta re aapaana samuuha te kaamioaa.
कक्षा सर्वेक्षण पर अपने समूह के साथ काम करें।,Work with your group on a class survey.,आपान कक्षा सर्वेक्षण रे आपान समूह ते कामिओआ।,aapaana kakshashaa sarwekshashana re aapaana samuuha te kaamioaa.
संतुलित आहार के बारे में अपने उत्तरों की तुलना करें।,Compare your answers with what constitutes a balanced diet.,ओड़ो: संतुलित आहार रा: बारे रे आपान उत्तर रा: तुलना रिकाएआ।,oda़o: santulita aahaara raa: baare re aapaana uttara raa: tulanaa rikaaeaa.
पुष्प संग्रह के बारे में अपने उत्तरों की तुलना करें।,Compare your answers about the flower collection.,पुष्प संग्रहरा: बारे रे आपान उत्तर कोआ: तुलना रिकाएआ।,pushpa sangraharaa: baare re aapaana uttara koaa: tulanaa rikaaeaa.
वृक्षारोपण के बारे में अपने उत्तरों की तुलना करें।,Compare your answers about tree planting.,आपान वृक्षारोपण राः बारे रे आपान उत्तरकोआः तुलना रिकाएआ।,aapaana wrikshashaaropana raah baare re aapaana uttarakoaah tulanaa rikaaeaa.
पशु आश्रय के बारे में अपने उत्तरों की तुलना करें।,Compare your answers to the one about the animal shelter.,पशु आश्रयरा: बारे रे आपान उत्तर कोआ: तुलना रिकाएआ।,pashu aashrayaraa: baare re aapaana uttara koaa: tulanaa rikaaeaa.
जल प्रयोग के बारे में अपने उत्तरों की तुलना करें।,Compare your answers about water use.,आपान जल प्रयोगरा: बारे रे आपान उत्तर कोआ: तुलना रिकाएआ।,aapaana jala prayogaraa: baare re aapaana uttara koaa: tulanaa rikaaeaa.
खाद्य वर्गीकरण के बारे में अपने उत्तरों की तुलना करें।,Compare your answers about food classification.,आपान खाद्य वर्गीकरणरा: बारे रे आपान उत्तर कोआ: तुलना रिकाएआ।,aapaana khaadya wargiikaranaraa: baare re aapaana uttara koaa: tulanaa rikaaeaa.
मानचित्र चित्रण के बारे में अपने उत्तरों की तुलना करें।,Compare your answers to the map illustration.,आपान मानचित्र चित्रणरा: बारे रे आपान उत्तर कोआ: तुलना रिकाएआ।,aapaana maanachitrara chitraranaraa: baare re aapaana uttara koaa: tulanaa rikaaeaa.
वर्षा अध्ययन के बारे में अपने उत्तरों की तुलना करें।,Compare your answers to the rainfall study.,वर्षा अध्ययन रा: बारे रे आपान उत्तर कोआ: तुलना रिकाएआ।,warshaa adhyayana raa: baare re aapaana uttara koaa: tulanaa rikaaeaa.
वन संरक्षण के बारे में अपने उत्तरों की तुलना करें।,Compare your answers with those about forest conservation.,आपान रआः बारे रे आपान उत्तर कोआः तुलना रिकाएआ।,aapaana raaah baare re aapaana uttara koaah tulanaa rikaaeaa.
अपशिष्ट पृथक्करण के बारे में अपने उत्तरों की तुलना करें।,Compare your answers about waste segregation.,अपशिष्ट पृथक्करणरा: बारे रे आपान उत्तर कोआ: तुलना रिकाएआ।,apashishta prithakkaranaraa: baare re aapaana uttara koaa: tulanaa rikaaeaa.
पारिवारिक संबंधों के बारे में अपने उत्तरों की तुलना करें।,Compare your answers about family relationships.,आपान पारिवारिक संबंध कोरा: बारे रे आपान उत्तर कोआ: तुलना लगातिंगा।,aapaana paariwaarika sanbandha koraa: baare re aapaana uttara koaa: tulanaa lagaatingaa.
रंग चार्ट के बारे में अपने उत्तरों की तुलना करें।,Compare your answers to the color chart.,आपान चार्ट राः बारे रे आपान उत्तर कोआः तुलना रिकाएआ।,aapaana chaarta raah baare re aapaana uttara koaah tulanaa rikaaeaa.
फलों की सूची के बारे में अपने उत्तरों की तुलना करें।,Compare your answers to the list of fruits.,आपान फलोंरा: सूची रा: सूची बारे रे आपान उत्तर कोआ: तुलना रिकाएआ।,aapaana phalonraa: suuchii raa: suuchii baare re aapaana uttara koaa: tulanaa rikaaeaa.
सब्जी सूची के बारे में अपने उत्तरों की तुलना करें।,Compare your answers to the vegetable list.,आपान सब्जी सूची राः बारे रे आपान उत्तर कोआः तुलना रिकाएआ।,aapaana sabjii suuchii raah baare re aapaana uttara koaah tulanaa rikaaeaa.
परिवहन चार्ट के बारे में अपने उत्तरों की तुलना करें।,Compare your answers to the transportation chart.,आपान परिवहन चार्टरा: बारे रे आपान उत्तर कोआ: तुलना रिकाएआ।,aapaana pariwahana chaartaraa: baare re aapaana uttara koaa: tulanaa rikaaeaa.
इतिहास की समयरेखा के बारे में अपने उत्तरों की तुलना करें।,Compare your answers to the timeline of history.,इतिहास रा: समयरेखा रा: समयरेखा रा: बारे रे आपान उत्तर कोआ: तुलना लगातिंगा।,itihaasa raa: samayarekhaa raa: samayarekhaa raa: baare re aapaana uttara koaa: tulanaa lagaatingaa.
स्वतंत्रता आंदोलन के बारे में अपने उत्तरों की तुलना करें।,Compare your answers with those about the freedom movement.,आपान स्वतंत्रता आंदोलनरा: बारे रे आपान उत्तर कोआ: तुलना रिकाएआ।,aapaana swatantrarataa aandolanaraa: baare re aapaana uttara koaa: tulanaa rikaaeaa.
ग्रामीण विकास के बारे में अपने उत्तरों की तुलना करें।,Compare your answers with those about rural development.,आपान ग्रामीण विकासरा: बारे रे आपान उत्तर कोआ: तुलना रिकाएआ।,aapaana graamiina wikaasaraa: baare re aapaana uttara koaa: tulanaa rikaaeaa.
उपभोक्ता अधिकारों के बारे में अपने उत्तरों की तुलना करें।,Compare your answers with those about consumer rights.,उपभोक्ता अधिकार कोआ: बारे रे आपान उत्तरकोआ: तुलना रिकाएआ।,upabhoktaa adhikaara koaa: baare re aapaana uttarakoaa: tulanaa rikaaeaa.
सार्वजनिक बजट के बारे में अपने उत्तरों की तुलना करें।,Compare your answers with those about public budgeting.,आपान सार्वजनिक बजटरा: बारे रे आपान उत्तर कोआ: तुलना रिकाएआ।,aapaana saarwajanika bajataraa: baare re aapaana uttara koaa: tulanaa rikaaeaa.
मानवाधिकारों के बारे में अपने उत्तरों की तुलना करें।,Compare your answers with those about human rights.,मानवाधिकार कोआ: बारे रे आपान उत्तर कोआ: तुलना रिकाएआ।,maanawaadhikaara koaa: baare re aapaana uttara koaa: tulanaa rikaaeaa.
सामाजिक सुधार के बारे में अपने उत्तरों की तुलना करें।,Compare your answers with those about social reform.,सामाजिक सुधार रा: बारे रे आपान उत्तर कोआ: तुलना रिकाएआ।,saamaajika sudhaara raa: baare re aapaana uttara koaa: tulanaa rikaaeaa.
कृषि के बारे में अपने उत्तरों की तुलना करें।,Compare your answers with those about agriculture.,आपान कृषिरा: बारे रे आपान उत्तर कोआ: तुलना रिकाएआ।,aapaana krishiraa: baare re aapaana uttara koaa: tulanaa rikaaeaa.
मौसम रिपोर्ट के बारे में अपने उत्तरों की तुलना करें।,Compare your answers to the weather report.,मौसम रिपोर्टरा: बारे रे आपान उत्तर कोआ: तुलना रिकाएआ।,mausama riportaraa: baare re aapaana uttara koaa: tulanaa rikaaeaa.
कक्षा सर्वेक्षण के बारे में अपने उत्तरों की तुलना करें।,Compare your answers to the class survey.,आपान कक्षा सर्वेक्षण राः बारे रे आपान उत्तर कोआः तुलना रिकाएआ।,aapaana kakshashaa sarwekshashana raah baare re aapaana uttara koaah tulanaa rikaaeaa.
अपने साथी से संतुलित आहार के बारे में प्रश्न पूछें।,Ask your partner questions about a balanced diet.,आपान साथी ते संतुलित आहार राः बारे रे प्रश्न पूछ केदा।,aapaana saathii te santulita aahaara raah baare re prashna puuchha kedaa.
अपने साथी से फूल संग्रहण के बारे में प्रश्न पूछें।,Ask your partner questions about flower collecting.,आपान साथी ते फूल संग्रहणरा: बारे रे प्रश्न पूछ केदा।,aapaana saathii te phuula sangrahanaraa: baare re prashna puuchha kedaa.
अपने साथी से वृक्षारोपण के बारे में प्रश्न पूछें।,Ask your partner questions about tree planting.,आपान साथी ते वृक्षारोपणरा: बारे रे प्रश्न पूछ केदा।,aapaana saathii te wrikshashaaropanaraa: baare re prashna puuchha kedaa.
अपने साथी से पशु आश्रय के बारे में प्रश्न पूछें।,Ask your partner questions about animal shelters.,आपान साथी ते पशु आश्रय राः बारे रे प्रश्न पूछ केदा।,aapaana saathii te pashu aashraya raah baare re prashna puuchha kedaa.
अपने साथी से जल प्रयोग के बारे में प्रश्न पूछें।,Ask your partner questions about the water experiment.,आपान साथी ते जल प्रयोगरा: बारे रे प्रश्न पूछ केदा।,aapaana saathii te jala prayogaraa: baare re prashna puuchha kedaa.
अपने साथी से भोजन वर्गीकरण के बारे में प्रश्न पूछें।,Ask your partner questions about food classification.,आपान साथी ते भोजन वर्गीकरणरा: बारे रे प्रश्न पूछ केदा।,aapaana saathii te bhojana wargiikaranaraa: baare re prashna puuchha kedaa.
मानचित्र चित्रण के बारे में अपने साथी से एक प्रश्न पूछें।,Ask your partner a question about the map illustration.,आपान मानचित्र चित्रणरा: बारे रे मिआद प्रश्न पूछ केदा।,aapaana maanachitrara chitraranaraa: baare re miaada prashna puuchha kedaa.
अपने साथी से वर्षा अध्ययन के बारे में एक प्रश्न पूछें।,Ask your partner a question about the rainfall study.,आपान साथी ते वर्षा अध्ययनरा: बारे रे मिआद प्रश्न पूछ केदा।,aapaana saathii te warshaa adhyayanaraa: baare re miaada prashna puuchha kedaa.
अपने साथी से वन संरक्षण के बारे में प्रश्न पूछें।,Ask your partner questions about forest conservation.,आपान साथी ते वन संरक्षण राः बारे रे प्रश्न पूछ केदा।,aapaana saathii te wana sanrakshashana raah baare re prashna puuchha kedaa.
अपने साथी से अपशिष्ट पृथक्करण के बारे में प्रश्न पूछें।,Ask your partner questions about waste segregation.,आपान साथी ते अपशिष्ट पृथक्करणरा: बारे रे प्रश्न पूछ केदा।,aapaana saathii te apashishta prithakkaranaraa: baare re prashna puuchha kedaa.
अपने साथी से पारिवारिक संबंधों के बारे में प्रश्न पूछें।,Ask your partner questions about family relationships.,आपान साथी ते पारिवारिक संबंध कोरा: बारे रे प्रश्न पूछ केदा।,aapaana saathii te paariwaarika sanbandha koraa: baare re prashna puuchha kedaa.
अपने साथी से रंग चार्ट के बारे में प्रश्न पूछें।,Ask your partner questions about the color chart.,आपान साथी ते रंग चार्टरा: बारे रे प्रश्न पूछ केदा।,aapaana saathii te ranga chaartaraa: baare re prashna puuchha kedaa.
अपने साथी से फलों की सूची के बारे में प्रश्न पूछें।,Ask your partner questions about the list of fruits.,आपान साथी ते फलोंरा: सूची बारे रे प्रश्न पूछ केदा।,aapaana saathii te phalonraa: suuchii baare re prashna puuchha kedaa.
अपने साथी से सब्जियों की सूची के बारे में प्रश्न पूछें।,Ask your partner questions about the list of vegetables.,आपान साथी ते सोबेन कोआ: सूची बारे रे प्रश्न पूछ केदा।,aapaana saathii te sobena koaa: suuchii baare re prashna puuchha kedaa.
अपने साथी से परिवहन चार्ट के बारे में प्रश्न पूछें।,Ask your partner questions about the transportation chart.,आपान साथी ते परिवहन चार्टरा: बारे रे प्रश्न पूछ केदा।,aapaana saathii te pariwahana chaartaraa: baare re prashna puuchha kedaa.
अपने साथी से इतिहास की समयरेखा के बारे में प्रश्न पूछें।,Ask your partner questions about the timeline of history.,आपान साथी ते इतिहासरा: समयरेखा रा: बारे रे प्रश्न पूछ केदा।,aapaana saathii te itihaasaraa: samayarekhaa raa: baare re prashna puuchha kedaa.
अपने साथी से स्वतंत्रता आंदोलन के बारे में प्रश्न पूछें।,Ask your partner questions about the independence movement.,आपान साथी ते स्वतंत्रता आंदोलनरा: बारे रे प्रश्न पूछ केदा।,aapaana saathii te swatantrarataa aandolanaraa: baare re prashna puuchha kedaa.
अपने साथी से ग्रामीण विकास के बारे में प्रश्न पूछें।,Ask your partner questions about rural development.,आपान साथी ते ग्रामीण विकासरा: बारे रे प्रश्न पूछ केदा।,aapaana saathii te graamiina wikaasaraa: baare re prashna puuchha kedaa.
अपने साथी से उपभोक्ता अधिकारों के बारे में प्रश्न पूछें।,Ask your partner questions about consumer rights.,आपान साथी ते उपभोक्ता अधिकार कोआ: बारे रे प्रश्न पूछ केदा।,aapaana saathii te upabhoktaa adhikaara koaa: baare re prashna puuchha kedaa.
अपने साथी से सार्वजनिक बजट के बारे में प्रश्न पूछें।,Ask your partner questions about public budgeting.,आपान साथी ते सार्वजनिक बजटरा: बारे रे प्रश्न पूछ केदा।,aapaana saathii te saarwajanika bajataraa: baare re prashna puuchha kedaa.
अपने साथी से मानवाधिकारों के बारे में प्रश्न पूछें।,Ask your partner questions about human rights.,आपान साथी ते मानवाधिकार कोआ: बारे रे प्रश्न पूछ केदा।,aapaana saathii te maanawaadhikaara koaa: baare re prashna puuchha kedaa.
अपने साथी से सामाजिक सुधार के बारे में प्रश्न पूछें।,Ask your partner questions about social reform.,आपान साथी ते सामाजिक सुधाररा: बारे रे प्रश्न पूछ केदा।,aapaana saathii te saamaajika sudhaararaa: baare re prashna puuchha kedaa.
अपने साथी से कृषि के बारे में प्रश्न पूछें।,Ask your partner questions about agriculture.,आपान साथी ते कृषिरा: बारे रे प्रश्न पूछ केदा।,aapaana saathii te krishiraa: baare re prashna puuchha kedaa.
अपने साथी से मौसम रिपोर्ट के बारे में प्रश्न पूछें।,Ask your partner questions about the weather report.,आपान साथी ते मौसम रिपोर्ट राः बारे रे प्रश्न पूछ केदा।,aapaana saathii te mausama riporta raah baare re prashna puuchha kedaa.
अपने साथी से कक्षा सर्वेक्षण के बारे में एक प्रश्न पूछें।,Ask your partner a question about the class survey.,आपान साथी ते कक्षा सर्वेक्षण बारे रे मिआद प्रश्न पूछ केदा।,aapaana saathii te kakshashaa sarwekshashana baare re miaada prashna puuchha kedaa.
संतुलित आहार के बारे में एक विचार अपने समूह के साथ साझा करें।,Share one idea about a balanced diet with your group.,आहार रा: बारे रे मिआद विचार आपान समूह ते साझाओआ।,aahaara raa: baare re miaada wichaara aapaana samuuha te saajhaaoaa.
फूलों के संग्रह के बारे में एक विचार अपने समूह के साथ साझा करें।,Share an idea about flower collection with your group.,आपान फूल कोआः संग्रहरा: संग्रहरा: बारे रे मिआद विचार आपान समूह ते साझाओआ।,aapaana phuula koaah sangraharaa: sangraharaa: baare re miaada wichaara aapaana samuuha te saajhaaoaa.
अपने समूह के साथ वृक्षारोपण के बारे में एक विचार साझा करें।,Share an idea about tree planting with your group.,आपान समूह ते वृक्षारोपणरा: बारे रे मिआद विचार साझाओआ।,aapaana samuuha te wrikshashaaropanaraa: baare re miaada wichaara saajhaaoaa.
अपने समूह के साथ पशु आश्रय के बारे में एक विचार साझा करें।,Share an idea about an animal shelter with your group.,आपान समूह ते पशु आश्रयरा: बारे रे मिआद विचार साझा कदा।,aapaana samuuha te pashu aashrayaraa: baare re miaada wichaara saajhaa kadaa.
जल प्रयोग के बारे में एक विचार अपने समूह के साथ साझा करें।,Share an idea about water use with your group.,नेआ बारे रे मिआद विचार आपान समूह ते साझाओआ।,neaa baare re miaada wichaara aapaana samuuha te saajhaaoaa.
अपने समूह के साथ भोजन वर्गीकरण के बारे में एक विचार साझा करें।,Share an idea about food classification with your group.,आपान समूह ते भोजन वर्गीकरणरा: बारे रे मिआद विचार साझाओआ।,aapaana samuuha te bhojana wargiikaranaraa: baare re miaada wichaara saajhaaoaa.
अपने समूह के साथ मानचित्र आरेखण के बारे में एक विचार साझा करें।,Share an idea about map drawing with your group.,अमा: समूह ते मानचित्र आरेखण बारे रे मिआद विचार साझा केदा।,amaa: samuuha te maanachitrara aarekhana baare re miaada wichaara saajhaa kedaa.
वर्षा अध्ययन के बारे में एक विचार अपने समूह के साथ साझा करें।,Share an idea about rainfall studies with your group.,वर्षा अध्ययन बारे रे मिआद विचार आपान समूह ते साझाओआ।,warshaa adhyayana baare re miaada wichaara aapaana samuuha te saajhaaoaa.
वन संरक्षण के बारे में एक विचार अपने समूह के साथ साझा करें।,Share an idea about forest conservation with your group.,मिआद विचार आपान समूह रे मिआद विचार आपान समूह ते साझाओआ।,miaada wichaara aapaana samuuha re miaada wichaara aapaana samuuha te saajhaaoaa.
अपने समूह के साथ अपशिष्ट पृथक्करण के बारे में एक विचार साझा करें।,Share an idea about waste segregation with your group.,आपान समूह ते अपशिष्ट पृथक्करणरा: बारे रे मिआद विचार साझाओआ।,aapaana samuuha te apashishta prithakkaranaraa: baare re miaada wichaara saajhaaoaa.
अपने समूह के साथ पारिवारिक संबंधों के बारे में एक विचार साझा करें।,Share an idea about family relationships with your group.,आपान समूह ते पारिवारिक संबंधकोआः बारे रे मिआद विचार साझा केदा।,aapaana samuuha te paariwaarika sanbandhakoaah baare re miaada wichaara saajhaa kedaa.
अपने समूह के साथ रंग चार्ट के बारे में एक विचार साझा करें।,Share an idea about color charts with your group.,आपान समूह ते रंग चार्ट राः बारे रे मिआद विचार साझाओःआ।,aapaana samuuha te ranga chaarta raah baare re miaada wichaara saajhaaohaa.
अपने समूह के साथ फलों की सूची के बारे में एक विचार साझा करें।,Share an idea about a fruit list with your group.,आपान समूह ते फलोंरा: सूची बारे रे मिआद विचार साझाओआ।,aapaana samuuha te phalonraa: suuchii baare re miaada wichaara saajhaaoaa.
अपने समूह के साथ सब्जी सूची के बारे में एक विचार साझा करें।,Share an idea about a vegetable list with your group.,आपान समूह ते सब्जी सूची बारे रे मिआद विचार साझाओआ।,aapaana samuuha te sabjii suuchii baare re miaada wichaara saajhaaoaa.
अपने समूह के साथ परिवहन चार्ट के बारे में एक विचार साझा करें।,Share an idea about transportation charts with your group.,आपान समूह ते परिवहन चार्टरा: बारे रे मिआद विचार साझाओआ।,aapaana samuuha te pariwahana chaartaraa: baare re miaada wichaara saajhaaoaa.
अपने समूह के साथ इतिहास समयरेखा के बारे में एक विचार साझा करें।,Share an idea about a history timeline with your group.,आपान समयरेखा राः बारे रे मिआद विचार साझाओःआ।,aapaana samayarekhaa raah baare re miaada wichaara saajhaaohaa.
स्वतंत्रता आंदोलन के बारे में एक विचार अपने समूह के साथ साझा करें।,Share an idea about the freedom movement with your group.,आपान स्वतंत्रता आंदोलनरा: बारे रे मिआद विचार आपान समूह ते साझाओआ।,aapaana swatantrarataa aandolanaraa: baare re miaada wichaara aapaana samuuha te saajhaaoaa.
ग्रामीण विकास के बारे में एक विचार अपने समूह के साथ साझा करें।,Share an idea about rural development with your group.,आपान ग्रामीण विकासरा: बारे रे मिआद विचार आपान समूह ते साझाओआ।,aapaana graamiina wikaasaraa: baare re miaada wichaara aapaana samuuha te saajhaaoaa.
उपभोक्ता अधिकारों के बारे में एक विचार अपने समूह के साथ साझा करें।,Share an idea about consumer rights with your group.,उपभोक्ता अधिकार कोआ: बारे रे मिआद विचार आपान समूह ते साझाओआ।,upabhoktaa adhikaara koaa: baare re miaada wichaara aapaana samuuha te saajhaaoaa.
सार्वजनिक बजट के बारे में एक विचार अपने समूह के साथ साझा करें।,Share an idea about public budgeting with your group.,आपान सार्वजनिक बजटरा: बारे रे मिआद विचार आपान समूह ते साझाओआ।,aapaana saarwajanika bajataraa: baare re miaada wichaara aapaana samuuha te saajhaaoaa.
अपने समूह के साथ मानवाधिकारों के बारे में एक विचार साझा करें।,Share an idea about human rights with your group.,आपान समूह ते मानवाधिकार कोआ: बारे रे मिआद विचार साझाओआ।,aapaana samuuha te maanawaadhikaara koaa: baare re miaada wichaara saajhaaoaa.
सामाजिक सुधार के बारे में एक विचार अपने समूह के साथ साझा करें।,Share an idea about social reform with your group.,सामाजिक सुधार राः बारे रे मिआद विचार आपान समूह ते साझाओःआ।,saamaajika sudhaara raah baare re miaada wichaara aapaana samuuha te saajhaaohaa.
कृषि के बारे में एक विचार अपने समूह के साथ साझा करें।,Share an idea about agriculture with your group.,आपान कृषिरा: बारे रे मिआद विचार आपान समूह ते साझाओआ।,aapaana krishiraa: baare re miaada wichaara aapaana samuuha te saajhaaoaa.
अपने समूह के साथ मौसम रिपोर्ट के बारे में एक विचार साझा करें।,Share an idea about the weather report with your group.,आपान समूह ते मौसम रिपोर्ट राः बारे रे मिआद विचार साझाओःआ।,aapaana samuuha te mausama riporta raah baare re miaada wichaara saajhaaohaa.
अपने समूह के साथ कक्षा सर्वेक्षण के बारे में एक विचार साझा करें।,Share an idea about a classroom survey with your group.,आपान समूह ते कक्षा सर्वेक्षण राः बारे रे मिआद विचार साझाओःआ।,aapaana samuuha te kakshashaa sarwekshashana raah baare re miaada wichaara saajhaaohaa.
संतुलित आहार के बारे में एक छोटा चार्ट तैयार करें।,Prepare a small chart about balanced diet.,संतुलित आहार रा: बारे रे मिआद छोटा चार्ट तैयार केदा।,santulita aahaara raa: baare re miaada chhotaa chaarta taiyaara kedaa.
पुष्प संग्रहण के बारे में एक छोटा चार्ट तैयार करें।,Prepare a small chart about flower collection.,पुष्प संग्रहणरा: बारे रे मिआद छोटा चार्ट तैयार केदा।,pushpa sangrahanaraa: baare re miaada chhotaa chaarta taiyaara kedaa.
वृक्षारोपण के बारे में एक छोटा सा चार्ट तैयार करें।,Prepare a small chart about tree plantation.,ओड़ो: वृक्षारोपण रा: बारे रे मिआद बेसे चार्ट तैयार केदा।,oda़o: wrikshashaaropana raa: baare re miaada bese chaarta taiyaara kedaa.
पशु आश्रय के बारे में एक छोटा चार्ट तैयार करें।,Prepare a small chart about the animal shelter.,पशु आश्रय राः बारे रे मिआद छोटा चार्ट तैयार केदा।,pashu aashraya raah baare re miaada chhotaa chaarta taiyaara kedaa.
जल प्रयोग के बारे में एक छोटा सा चार्ट तैयार करें।,Prepare a small chart about water usage.,बारे रे मिआद मोटा सा चार्ट तैयार केदाएः।,baare re miaada motaa saa chaarta taiyaara kedaaeh.
खाद्य वर्गीकरण के बारे में एक छोटा चार्ट तैयार करें।,Prepare a small chart about food classification.,सोबेन खाद्य वर्गीकरणरा: बारे रे मिआद छोटा चार्ट तैयार केदा।,sobena khaadya wargiikaranaraa: baare re miaada chhotaa chaarta taiyaara kedaa.
मानचित्र चित्रण के बारे में एक छोटा चार्ट तैयार करें।,Prepare a small chart about map drawing.,ओड़ो: मानचित्र चित्रण बारे रे मिआद छोटा चार्ट तैयार केदा।,oda़o: maanachitrara chitrarana baare re miaada chhotaa chaarta taiyaara kedaa.
वर्षा अध्ययन के बारे में एक छोटा चार्ट तैयार करें।,Prepare a small chart about rainfall study.,वर्षा अध्ययन बारे रे मिआद छोटा चार्ट तैयार केदा।,warshaa adhyayana baare re miaada chhotaa chaarta taiyaara kedaa.
वन संरक्षण के बारे में एक छोटा चार्ट तैयार करें।,Prepare a small chart about forest conservation.,ओड़ो: वन संरक्षण रा: बारे रे मिआद छोटा चार्ट तैयार केदा।,oda़o: wana sanrakshashana raa: baare re miaada chhotaa chaarta taiyaara kedaa.
अपशिष्ट पृथक्करण के बारे में एक छोटा चार्ट तैयार करें।,Prepare a small chart about waste segregation.,अपशिष्ट पृथक्करणरा: बारे रे मिआद छोटा चार्ट तैयार केदा।,apashishta prithakkaranaraa: baare re miaada chhotaa chaarta taiyaara kedaa.
पारिवारिक संबंधों के बारे में एक छोटा सा चार्ट तैयार करें।,Create a small chart about family relationships.,ओड़ो: पारिवारिक संबंध कोरा: बारे रे मिआद बेसे चार्ट तैयार केदा।,oda़o: paariwaarika sanbandha koraa: baare re miaada bese chaarta taiyaara kedaa.
रंग चार्ट के बारे में एक छोटा चार्ट तैयार करें।,Prepare a small chart about the color chart.,बारे रे मिआद छोटा चार्ट बारे रे मिआद छोटा चार्ट तैयार रिकाएआ।,baare re miaada chhotaa chaarta baare re miaada chhotaa chaarta taiyaara rikaaeaa.
फलों की सूची के बारे में एक छोटा चार्ट तैयार करें।,Prepare a small chart listing the fruits.,ओड़ो: फला रा: सूची बारे रे मिआद छोटा चार्ट तैयार केदा।,oda़o: phalaa raa: suuchii baare re miaada chhotaa chaarta taiyaara kedaa.
सब्जियों की सूची के बारे में एक छोटा चार्ट तैयार करें।,Prepare a small chart listing the vegetables.,सोबेन सोबेन कोआ: सूची बारे रे मिआद छोटा चार्ट तैयार केदा।,sobena sobena koaa: suuchii baare re miaada chhotaa chaarta taiyaara kedaa.
परिवहन चार्ट के बारे में एक छोटा चार्ट तैयार करें।,Prepare a small chart about transportation.,ओड़ो: परिवहन चार्ट बारे रे मिआद छोटा चार्ट तैयार केदा।,oda़o: pariwahana chaarta baare re miaada chhotaa chaarta taiyaara kedaa.
इतिहास की समयरेखा के बारे में एक छोटा चार्ट तैयार करें।,Create a small chart about the timeline of history.,इतिहास रा: समयरेखा रा: समयरेखा बारे रे मिआद छोटा चार्ट तैयार केदा।,itihaasa raa: samayarekhaa raa: samayarekhaa baare re miaada chhotaa chaarta taiyaara kedaa.
स्वतंत्रता आंदोलन के बारे में एक छोटा सा चार्ट तैयार करें।,Prepare a small chart about the freedom movement.,ओड़ोः स्वतंत्रता आंदोलन राः बारे रे मिआद बेसे चार्ट तैयार केदाएः।,oda़oh swatantrarataa aandolana raah baare re miaada bese chaarta taiyaara kedaaeh.
ग्रामीण विकास के बारे में एक छोटा चार्ट तैयार करें।,Prepare a small chart about rural development.,ओड़ो: ग्रामीण विकासरा: बारे रे मिआद छोटा चार्ट तैयार केदा।,oda़o: graamiina wikaasaraa: baare re miaada chhotaa chaarta taiyaara kedaa.
उपभोक्ता अधिकारों के बारे में एक छोटा चार्ट तैयार करें।,Prepare a small chart about consumer rights.,उपभोक्ता अधिकार कोआ: बारे रे मिआद छोटा चार्ट तैयार केदा।,upabhoktaa adhikaara koaa: baare re miaada chhotaa chaarta taiyaara kedaa.
सार्वजनिक बजट के बारे में एक छोटा सा चार्ट तैयार करें।,Prepare a small chart about public budget.,सोबेन सार्वजनिक बजट राः बारे रे मिआद सार्वजनिक बजट बारे रे मिआद बेसे चार्ट तैयार केदा।,sobena saarwajanika bajata raah baare re miaada saarwajanika bajata baare re miaada bese chaarta taiyaara kedaa.
मानवाधिकारों के बारे में एक छोटा सा चार्ट तैयार करें।,Prepare a small chart about human rights.,मानवाधिकार कोआ: बारे रे मिआद बेसे चार्ट तैयार केदा।,maanawaadhikaara koaa: baare re miaada bese chaarta taiyaara kedaa.
सामाजिक सुधार के बारे में एक छोटा सा चार्ट तैयार करें।,Prepare a small chart about social reform.,सामाजिक सुधार राः बारे रे मिआद छोटा सा चार्ट तैयार केदा।,saamaajika sudhaara raah baare re miaada chhotaa saa chaarta taiyaara kedaa.
कृषि के बारे में एक छोटा सा चार्ट तैयार करें।,Prepare a small chart about agriculture.,ओड़ो: कृषि रा: बारे रे मिआद छोटा सा चार्ट तैयार केदा।,oda़o: krishi raa: baare re miaada chhotaa saa chaarta taiyaara kedaa.
मौसम रिपोर्ट के बारे में एक छोटा चार्ट तैयार करें।,Prepare a small chart about the weather report.,मौसम रिपोर्ट राः बारे रे मिआद छोटा चार्ट तैयार केदा।,mausama riporta raah baare re miaada chhotaa chaarta taiyaara kedaa.
कक्षा सर्वेक्षण के बारे में एक छोटा चार्ट तैयार करें।,Prepare a small chart about the class survey.,कक्षा सर्वेक्षण रा: बारे रे मिआद छोटा चार्ट तैयार केदा।,kakshashaa sarwekshashana raa: baare re miaada chhotaa chaarta taiyaara kedaa.
संतुलित आहार समझाने के लिए एक छात्र को चुनें।,Choose a student to explain a balanced diet.,नातिन संतुलित आहार समझान नातिन मिआद छात्र के चुनाव।,naatina santulita aahaara samajhaana naatina miaada chhaatrara ke chunaawa.
फूलों के संग्रह को समझाने के लिए एक छात्र को चुनें।,Choose a student to explain the collection of flowers.,एटा: फूल कोआ: संग्रह को समझाव नातिन मिआद छात्र को चुनाव नतिन मिआद छात्र को चुव केदा।,etaa: phuula koaa: sangraha ko samajhaawa naatina miaada chhaatrara ko chunaawa natina miaada chhaatrara ko chuwa kedaa.
वृक्षारोपण समझाने के लिए एक छात्र को चुनें।,Choose a student to explain tree planting.,नातिन मिआद छात्र के चुनाव नातिन मिआद छात्र के चुना।,naatina miaada chhaatrara ke chunaawa naatina miaada chhaatrara ke chunaa.
पशु आश्रय को समझाने के लिए एक छात्र को चुनें।,Choose a student to explain the animal shelter.,पशु आश्रय को समझाव नातिन मिआद छात्र को चुनाव केदा।,pashu aashraya ko samajhaawa naatina miaada chhaatrara ko chunaawa kedaa.
जल प्रयोग समझाने के लिए एक छात्र को चुनें।,Choose one student to explain the water experiment.,नातिन मिआद छात्र के चुनाव नातिन मिआद छात्र के चुनाव।,naatina miaada chhaatrara ke chunaawa naatina miaada chhaatrara ke chunaawa.
भोजन वर्गीकरण समझाने के लिए एक छात्र को चुनें।,Choose a student to explain food classification.,नातिन मिआद छात्र को चुनाव नातिन मिआद छात्र को चुना।,naatina miaada chhaatrara ko chunaawa naatina miaada chhaatrara ko chunaa.
मानचित्र चित्रण समझाने के लिए एक छात्र को चुनें।,Choose a student to explain the map illustration.,नातिन मिआद छात्र के चुनाव नातिन मिआद छात्र के चुनाव।,naatina miaada chhaatrara ke chunaawa naatina miaada chhaatrara ke chunaawa.
वर्षा अध्ययन को समझाने के लिए एक छात्र को चुनें।,Choose a student to explain the rainfall study.,वर्षा अध्ययन के समझाव नातिन मिआद छात्र को चुनाव।,warshaa adhyayana ke samajhaawa naatina miaada chhaatrara ko chunaawa.
वन संरक्षण को समझाने के लिए एक छात्र को चुनें।,Choose a student to explain forest conservation.,नातिन मिआद छात्र के चुनाव नातिन मिआद छात्र के चुना।,naatina miaada chhaatrara ke chunaawa naatina miaada chhaatrara ke chunaa.
अपशिष्ट पृथक्करण को समझाने के लिए एक छात्र को चुनें।,Choose a student to explain waste segregation.,नातिन अपशिष्ट पृथक्करण को समझाव नातिन मिआद छात्र को चुबाओःआ।,naatina apashishta prithakkarana ko samajhaawa naatina miaada chhaatrara ko chubaaohaa.
पारिवारिक संबंधों को समझाने के लिए एक छात्र को चुनें।,Choose a student to explain family relationships.,ओड़ो: पारिवारिक संबंध को समझाव नातिन मिआद छात्र को चुनाव केदा।,oda़o: paariwaarika sanbandha ko samajhaawa naatina miaada chhaatrara ko chunaawa kedaa.
रंग चार्ट समझाने के लिए एक छात्र को चुनें।,Choose a student to explain the color chart.,नातिन मिआद छात्र के चुनाव नातिन मिआद छात्र के चुनाव।,naatina miaada chhaatrara ke chunaawa naatina miaada chhaatrara ke chunaawa.
फलों की सूची समझाने के लिए एक छात्र को चुनें।,Choose a student to explain the list of fruits.,एटा: फलों रा: सूची समझान नातिन मिआद छात्र को चुनाव केदा।,etaa: phalon raa: suuchii samajhaana naatina miaada chhaatrara ko chunaawa kedaa.
सब्जियों की सूची समझाने के लिए एक छात्र को चुनें।,Choose a student to explain the list of vegetables.,सोबेन सोबेन कोआः सूची समझान नातिन मिआद छात्र के चुनाव केदा।,sobena sobena koaah suuchii samajhaana naatina miaada chhaatrara ke chunaawa kedaa.
परिवहन चार्ट समझाने के लिए एक छात्र को चुनें।,Choose a student to explain the transportation chart.,नातिन मिआद छात्र के चुनाव नातिन मिआद छात्र के चुनाव।,naatina miaada chhaatrara ke chunaawa naatina miaada chhaatrara ke chunaawa.
इतिहास की समयरेखा समझाने के लिए एक छात्र को चुनें।,Choose a student to explain the timeline of history.,एटा: इतिहास रा: समयरेखा समझान नातिन मिआद छात्र को चुनाव केदा।,etaa: itihaasa raa: samayarekhaa samajhaana naatina miaada chhaatrara ko chunaawa kedaa.
स्वतंत्रता आंदोलन को समझाने के लिए एक छात्र को चुनें।,Choose a student to explain the freedom movement.,नातिन स्वतंत्रता आंदोलन को समझाव नातिन मिआद छात्र को चुबाओःआ।,naatina swatantrarataa aandolana ko samajhaawa naatina miaada chhaatrara ko chubaaohaa.
ग्रामीण विकास को समझाने के लिए एक छात्र को चुनें।,Choose a student to explain rural development.,ओड़ो: ग्रामीण विकास को समझाव नातिन मिआद छात्र को चुनाव।,oda़o: graamiina wikaasa ko samajhaawa naatina miaada chhaatrara ko chunaawa.
उपभोक्ता अधिकारों को समझाने के लिए एक छात्र को चुनें।,Choose a student to explain consumer rights.,उपभोक्ता अधिकार को समझाव नातिन मिआद छात्र को चुनाव केदा।,upabhoktaa adhikaara ko samajhaawa naatina miaada chhaatrara ko chunaawa kedaa.
सार्वजनिक बजट समझाने के लिए एक छात्र को चुनें।,Choose a student to explain the public budget.,नातिन मिआद छात्र के चुनाव नातिन मिआद छात्र के चुनाव।,naatina miaada chhaatrara ke chunaawa naatina miaada chhaatrara ke chunaawa.
मानवाधिकारों को समझाने के लिए एक छात्र को चुनें।,Choose a student to explain human rights to.,मानवाधिकार को समझाव नातिन मिआद छात्र को चुनाव केदा।,maanawaadhikaara ko samajhaawa naatina miaada chhaatrara ko chunaawa kedaa.
सामाजिक सुधार को समझाने के लिए एक छात्र को चुनें।,Choose a student to explain social reform.,सामाजिक सुधार को समझाव नातिन मिआद छात्र के चुनाव नातिन मिआद छात्र को चुनाव।,saamaajika sudhaara ko samajhaawa naatina miaada chhaatrara ke chunaawa naatina miaada chhaatrara ko chunaawa.
कृषि को समझाने के लिए एक छात्र को चुनें।,Choose a student to explain agriculture to.,ओड़ो: कृषि को समझाव नातिन मिआद छात्र को चुनाव मेनते मिआद छात्र को चुना।,oda़o: krishi ko samajhaawa naatina miaada chhaatrara ko chunaawa menate miaada chhaatrara ko chunaa.
मौसम रिपोर्ट समझाने के लिए एक छात्र को चुनें।,Choose one student to explain the weather report.,मौसम रिपोर्ट समझान नातिन मिआद छात्र को चुनाव नतिन मिआद छात्र को चुना।,mausama riporta samajhaana naatina miaada chhaatrara ko chunaawa natina miaada chhaatrara ko chunaa.
कक्षा सर्वेक्षण समझाने के लिए एक छात्र चुनें।,Choose a student to explain the class survey.,मिआद कक्षा सर्वेक्षण समझान नातिन मिआद छात्र चुबाओःआ।,miaada kakshashaa sarwekshashana samajhaana naatina miaada chhaatrara chubaaohaa.
संतुलित आहार के बारे में अपने समूह के उत्तर की जाँच करें।,Check your group's answers about a balanced diet.,आहार रा: बारे रे आपान समूह रा: उत्तर रा: जाँच रिकाएआ।,aahaara raa: baare re aapaana samuuha raa: uttara raa: jaancha rikaaeaa.
फूल संग्रहण के बारे में अपने समूह के उत्तर की जाँच करें।,Check your group's answers about flower collection.,फूल संग्रहणरा: बारे रे आपान समूह रा: उत्तर रा: जाँच रिकाएआ।,phuula sangrahanaraa: baare re aapaana samuuha raa: uttara raa: jaancha rikaaeaa.
वृक्षारोपण के बारे में अपने समूह के उत्तर की जाँच करें।,Check your group's answer about tree planting.,आपान वृक्षारोपणरा: बारे रे आपान समूह रा: उत्तर रा: जाँच रिकाएआ।,aapaana wrikshashaaropanaraa: baare re aapaana samuuha raa: uttara raa: jaancha rikaaeaa.
पशु आश्रय के बारे में अपने समूह के उत्तर की जाँच करें।,Check your group's answer about the animal shelter.,पशु आश्रयरा: बारे रे आपान समूह रा: उत्तर रा: जाँच रिकाएआ।,pashu aashrayaraa: baare re aapaana samuuha raa: uttara raa: jaancha rikaaeaa.
जल प्रयोग के बारे में अपने समूह के उत्तर की जाँच करें।,Check your group's answer about the water experiment.,आपान समूह रा: उत्तर रा: उत्तर रा: जाँच रिकाएआ।,aapaana samuuha raa: uttara raa: uttara raa: jaancha rikaaeaa.
खाद्य वर्गीकरण के बारे में अपने समूह के उत्तर की जाँच करें।,Check your group's answer about food classification.,आपान खाद्य वर्गीकरणरा: बारे रे आपान समूह रा: उत्तर रा: जाँच रिकाएआ।,aapaana khaadya wargiikaranaraa: baare re aapaana samuuha raa: uttara raa: jaancha rikaaeaa.
मानचित्र चित्रण के बारे में अपने समूह के उत्तर की जाँच करें।,Check your group's answer about map illustration.,आपान मानचित्र चित्रणरा: बारे रे आपान समूह रा: उत्तर रा: जाँच रिकाएआ।,aapaana maanachitrara chitraranaraa: baare re aapaana samuuha raa: uttara raa: jaancha rikaaeaa.
वर्षा अध्ययन के बारे में अपने समूह के उत्तर की जाँच करें।,Check your group's answer about the rainfall study.,वर्षा अध्ययन बारे रे आपान समूह रा: उत्तर रा: जाँच रिकाएआ।,warshaa adhyayana baare re aapaana samuuha raa: uttara raa: jaancha rikaaeaa.
वन संरक्षण के बारे में अपने समूह के उत्तर की जाँच करें।,Check your group's answer about forest conservation.,आपान रआः बारे रे आपान समूह राः उत्तर राः जाँच रिकाएआ।,aapaana raaah baare re aapaana samuuha raah uttara raah jaancha rikaaeaa.
अपशिष्ट पृथक्करण के बारे में अपने समूह के उत्तर की जाँच करें।,Check your group's answer about waste segregation.,अपशिष्ट पृथक्करणरा: बारे रे आपान समूह रा: उत्तर रा: जाँच रिकाएआ।,apashishta prithakkaranaraa: baare re aapaana samuuha raa: uttara raa: jaancha rikaaeaa.
पारिवारिक संबंधों के बारे में अपने समूह उत्तर की जाँच करें।,Check your group answer about family relationships.,आपान पारिवारिक संबंध कोरा: बारे रे आपान समूह उत्तर रा: जाँच रिकाएआ।,aapaana paariwaarika sanbandha koraa: baare re aapaana samuuha uttara raa: jaancha rikaaeaa.
रंग चार्ट के बारे में अपने समूह के उत्तर की जाँच करें।,Check your group's answer about the color chart.,बारे रे आपान समूह राः उत्तर राः जाँच रिकाएआ।,baare re aapaana samuuha raah uttara raah jaancha rikaaeaa.
फलों की सूची के बारे में अपने समूह के उत्तर की जाँच करें।,Check your group's answer to the list of fruits.,आपान फलोंरा: सूची रा: सूची बारे रे आपान समूह रा: उत्तर रा: जाँच रिकाएआ।,aapaana phalonraa: suuchii raa: suuchii baare re aapaana samuuha raa: uttara raa: jaancha rikaaeaa.
सब्जी सूची के बारे में अपने समूह के उत्तर की जाँच करें।,Check your group's answers about the vegetable list.,आपान सब्जी सूचीरा: बारे रे आपान समूह रा: उत्तर रा: जाँच रिकाएआ।,aapaana sabjii suuchiiraa: baare re aapaana samuuha raa: uttara raa: jaancha rikaaeaa.
परिवहन चार्ट के बारे में अपने समूह के उत्तर की जाँच करें।,Check your group's answer about the transportation chart.,आपान परिवहन चार्टरा: बारे रे आपान समूह रा: उत्तर रा: जाँच रिकाएआ।,aapaana pariwahana chaartaraa: baare re aapaana samuuha raa: uttara raa: jaancha rikaaeaa.
इतिहास समयरेखा के बारे में अपने समूह के उत्तर की जाँच करें।,Check your group's answers about the history timeline.,इतिहास समयरेखा राः बारे रे आपान समूह राः उत्तर राः जाँच रिकाएआ।,itihaasa samayarekhaa raah baare re aapaana samuuha raah uttara raah jaancha rikaaeaa.
स्वतंत्रता आंदोलन के बारे में अपने समूह के उत्तर की जाँच करें।,Check your group's answer about the freedom movement.,आपान स्वतंत्रता आंदोलनरा: बारे रे आपान समूह रा: उत्तर रा: जाँच रिकाएआ।,aapaana swatantrarataa aandolanaraa: baare re aapaana samuuha raa: uttara raa: jaancha rikaaeaa.
ग्रामीण विकास के बारे में अपने समूह के उत्तर की जाँच करें।,Check your group's answer about rural development.,आपान ग्रामीण विकासरा: बारे रे आपान समूह रा: उत्तर रा: जाँच रिकाएआ।,aapaana graamiina wikaasaraa: baare re aapaana samuuha raa: uttara raa: jaancha rikaaeaa.
उपभोक्ता अधिकारों के बारे में अपने समूह के उत्तर की जाँच करें।,Check your group's answer about consumer rights.,उपभोक्ता अधिकार कोआ: बारे रे आपान समूह रा: उत्तर रा: जाँच रिकाएआ।,upabhoktaa adhikaara koaa: baare re aapaana samuuha raa: uttara raa: jaancha rikaaeaa.
सार्वजनिक बजट के बारे में अपने समूह के उत्तर की जाँच करें।,Check your group's answer about public budgeting.,आपान सार्वजनिक बजटरा: बारे रे आपान समूह रा: उत्तर रा: जाँच रिकाएआ।,aapaana saarwajanika bajataraa: baare re aapaana samuuha raa: uttara raa: jaancha rikaaeaa.
मानवाधिकारों के बारे में अपने समूह के उत्तर की जाँच करें।,Check your group's answer about human rights.,मानवाधिकार कोआ: बारे रे आपान समूह रा: उत्तर रा: जाँच रिकाएआ।,maanawaadhikaara koaa: baare re aapaana samuuha raa: uttara raa: jaancha rikaaeaa.
सामाजिक सुधार के बारे में अपने समूह के उत्तर की जाँच करें।,Check your group's answer about social reform.,सामाजिक सुधाररा: बारे रे आपान समूह रा: उत्तर रा: जाँच रिकाएआ।,saamaajika sudhaararaa: baare re aapaana samuuha raa: uttara raa: jaancha rikaaeaa.
कृषि के बारे में अपने समूह के उत्तर की जाँच करें।,Check your group's answer about agriculture.,आपान कृषिरा: बारे रे आपान समूह रा: उत्तर रा: जाँच रिकाएआ।,aapaana krishiraa: baare re aapaana samuuha raa: uttara raa: jaancha rikaaeaa.
मौसम रिपोर्ट के बारे में अपने समूह के उत्तर की जाँच करें।,Check your group's answers about the weather report.,मौसम रिपोर्टरा: बारे रे आपान समूह रा: उत्तर रा: जाँच रिकाएआ।,mausama riportaraa: baare re aapaana samuuha raa: uttara raa: jaancha rikaaeaa.
कक्षा सर्वेक्षण के बारे में अपने समूह के उत्तर की जाँच करें।,Check your group's answers to the class survey.,आपान कक्षा सर्वेक्षणरा: बारे रे आपान समूह रा: उत्तर रा: जाँच रिकाएआ।,aapaana kakshashaa sarwekshashanaraa: baare re aapaana samuuha raa: uttara raa: jaancha rikaaeaa.
संतुलित आहार के बारे में दूसरे समूह के विचार सुनें।,Listen to the other group's views on a balanced diet.,ओड़ो: संतुलित आहार रा: बारे रे एटा: समूह रा: विचार उदुब केदा।,oda़o: santulita aahaara raa: baare re etaa: samuuha raa: wichaara uduba kedaa.
फूल संग्रहण के बारे में दूसरे समूह के विचार सुनें।,Listen to the other group's thoughts about collecting flowers.,फूल संग्रहणरा: बारे रे एटा: समूह रा: विचार उदुब केदा।,phuula sangrahanaraa: baare re etaa: samuuha raa: wichaara uduba kedaa.
वृक्षारोपण के बारे में दूसरे समूह के विचार सुनें।,Listen to the other group's thoughts about tree planting.,ओड़ो: वृक्षारोपण रा: बारे रे एटा: समूह रा: विचार उदुब केदा।,oda़o: wrikshashaaropana raa: baare re etaa: samuuha raa: wichaara uduba kedaa.
पशु आश्रय के बारे में दूसरे समूह के विचार सुनें।,Listen to the other group's thoughts about the animal shelter.,ओड़ो: पशु आश्रय रा: बारे रे एटा: समूह रा: विचार उदुब केदा।,oda़o: pashu aashraya raa: baare re etaa: samuuha raa: wichaara uduba kedaa.
जल प्रयोग के बारे में दूसरे समूह के विचार सुनें।,Listen to the other group's ideas about water use.,एटा: समूह रा: बारे रे सोबेन समूह रा: विचार उदुब केदा।,etaa: samuuha raa: baare re sobena samuuha raa: wichaara uduba kedaa.
भोजन वर्गीकरण के बारे में दूसरे समूह के विचार सुनें।,Listen to the other group's ideas about food classification.,सोबेन भोजन वर्गीकरणरा: बारे रे एटा: समूह रा: विचार उदुब केदा।,sobena bhojana wargiikaranaraa: baare re etaa: samuuha raa: wichaara uduba kedaa.
मानचित्र चित्रण के बारे में दूसरे समूह के विचार सुनें।,Listen to the other group's thoughts about map drawing.,ओड़ो: मानचित्र चित्रण रा: बारे रे एटा: समूह रा: विचार सुनाए।,oda़o: maanachitrara chitrarana raa: baare re etaa: samuuha raa: wichaara sunaae.
वर्षा अध्ययन के बारे में दूसरे समूह के विचार सुनें।,Listen to the other group's thoughts about the rain study.,वर्षा अध्ययनरा: बारे रे सोबेन समूह रा: विचार उदुब केदा।,warshaa adhyayanaraa: baare re sobena samuuha raa: wichaara uduba kedaa.
वन संरक्षण के बारे में दूसरे समूह के विचार सुनें।,Listen to the other group's views on forest conservation.,एटा: समूह रा: बारे रे एटा: समूह रा: विचार उदुब केदा।,etaa: samuuha raa: baare re etaa: samuuha raa: wichaara uduba kedaa.
अपशिष्ट पृथक्करण के बारे में दूसरे समूह के विचारों को सुनें।,Listen to the other group's ideas about waste segregation.,नेआ समूह राः बारे रे सोबेन सोबेन सोबेन सोबेन सोबेन सोबेन सोबेन सोबेन सोबेन सोबेन सोबेन सोबेन सोबेन सोबेन सोबेन सोबेन सोबेन सोबेन सोबेन सोबेन सोबेन सोबेन सोबेन सोबेन सोबेन सोबेन सोबेन सोबेन सोबेन सोबेन सोबेन सोबेन सोबेन सोबेन सोबेन सोबेन सोबेन सोबेन सोबेन,neaa samuuha raah baare re sobena sobena sobena sobena sobena sobena sobena sobena sobena sobena sobena sobena sobena sobena sobena sobena sobena sobena sobena sobena sobena sobena sobena sobena sobena sobena sobena sobena sobena sobena sobena sobena sobena sobena sobena sobena sobena sobena sobena
पारिवारिक संबंधों के बारे में दूसरे समूह के विचार सुनें।,Listen to the other group's thoughts about family relationships.,ओड़ो: पारिवारिक संबंध कोरा: बारे रे एटा: समूह रा: विचार उदुब केदा।,oda़o: paariwaarika sanbandha koraa: baare re etaa: samuuha raa: wichaara uduba kedaa.
रंग चार्ट के बारे में दूसरे समूह के विचार सुनें।,Listen to the other group's thoughts about the color chart.,एटा: रंग चार्ट रा: बारे रे एटा: समूह रा: विचार उदुब केदा।,etaa: ranga chaarta raa: baare re etaa: samuuha raa: wichaara uduba kedaa.
फलों की सूची के बारे में दूसरे समूह के विचार सुनें।,Listen to the other group's thoughts about the list of fruits.,एटा: फलों रा: सूची रा: सूची बारे रे एटा: समूह रा: विचार सुनाए।,etaa: phalon raa: suuchii raa: suuchii baare re etaa: samuuha raa: wichaara sunaae.
सब्जी सूची के बारे में दूसरे समूह के विचार सुनें।,Listen to the other group's thoughts about the vegetable list.,सोबेन सब्जी सूची बारे रे एटा: समूह रा: विचार उदुब केदा।,sobena sabjii suuchii baare re etaa: samuuha raa: wichaara uduba kedaa.
परिवहन चार्ट के बारे में दूसरे समूह के विचार सुनें।,Listen to the other group's thoughts about the transportation chart.,ओड़ो: परिवहन चार्ट रा: बारे रे एटा: समूह रा: विचार उदुब केदा।,oda़o: pariwahana chaarta raa: baare re etaa: samuuha raa: wichaara uduba kedaa.
इतिहास की समयरेखा के बारे में दूसरे समूह के विचार सुनें।,Listen to another group's thoughts about the timeline of history.,इतिहास रा: समयरेखा रा: समयरेखा बारे रे एटा: समूह रा: विचार उदुब केदा।,itihaasa raa: samayarekhaa raa: samayarekhaa baare re etaa: samuuha raa: wichaara uduba kedaa.
स्वतंत्रता आंदोलन के बारे में दूसरे समूह के विचार सुनें।,Listen to the views of the other group about the freedom movement.,ओड़ो: स्वतंत्रता आंदोलन रा: बारे रे एटा: समूह रा: विचार उदुब केदा।,oda़o: swatantrarataa aandolana raa: baare re etaa: samuuha raa: wichaara uduba kedaa.
ग्रामीण विकास के बारे में दूसरे समूह के विचार सुनें।,Listen to the views of the other group about rural development.,ओड़ो: ग्रामीण विकासरा: बारे रे एटा: समूह रा: विचार उदुब केदा।,oda़o: graamiina wikaasaraa: baare re etaa: samuuha raa: wichaara uduba kedaa.
उपभोक्ता अधिकारों के बारे में दूसरे समूह के विचार सुनें।,Listen to the other group's views on consumer rights.,उपभोक्ता अधिकार कोआ: बारे रे एटा: समूह रा: विचार उदुब केदा।,upabhoktaa adhikaara koaa: baare re etaa: samuuha raa: wichaara uduba kedaa.
सार्वजनिक बजट के बारे में दूसरे समूह के विचार सुनें।,Listen to the other group's views on public budgeting.,सोबेन सार्वजनिक बजटरा: बारे रे एटा: समूह रा: विचार उदुब केदा।,sobena saarwajanika bajataraa: baare re etaa: samuuha raa: wichaara uduba kedaa.
मानवाधिकारों के बारे में दूसरे समूह के विचार सुनें।,Listen to the other group's views on human rights.,मानवाधिकार कोआ: बारे रे एटा: समूह रा: विचार उदुब केदा।,maanawaadhikaara koaa: baare re etaa: samuuha raa: wichaara uduba kedaa.
सामाजिक सुधार के बारे में दूसरे समूह के विचार सुनें।,Listen to the other group's ideas about social reform.,सामाजिक सुधाररा: बारे रे एटा: समूह रा: विचार उदुब केदा।,saamaajika sudhaararaa: baare re etaa: samuuha raa: wichaara uduba kedaa.
कृषि के बारे में दूसरे समूह के विचार सुनें।,Listen to the other group's views on agriculture.,ओड़ो: कृषि रा: बारे रे एटा: समूह रा: विचार उदुब केदा।,oda़o: krishi raa: baare re etaa: samuuha raa: wichaara uduba kedaa.
मौसम रिपोर्ट के बारे में दूसरे समूह के विचार सुनें।,Listen to the other group's thoughts about the weather report.,मौसम रिपोर्ट राः बारे रे सोबेन समूह राः विचार लेल केदाएः।,mausama riporta raah baare re sobena samuuha raah wichaara lela kedaaeh.
कक्षा सर्वेक्षण के बारे में दूसरे समूह के विचार सुनें।,Hear from another group about the class survey.,एटा: कक्षा सर्वेक्षण रा: बारे रे एटा: समूह रा: विचार उदुब केदा।,etaa: kakshashaa sarwekshashana raa: baare re etaa: samuuha raa: wichaara uduba kedaa.
संतुलित आहार पर अपने समूह का कार्य प्रस्तुत करें।,Present your group's work on a balanced diet.,संतुलित आहार रे आपान समूह राः कार्य प्रस्तुत केदाएः।,santulita aahaara re aapaana samuuha raah kaarya prastuta kedaaeh.
फूल संग्रहण पर अपने समूह का कार्य प्रस्तुत करें।,Present your group's work on flower collection.,फूल संग्रहण रे आपान समूह राः कार्य प्रस्तुत केदा।,phuula sangrahana re aapaana samuuha raah kaarya prastuta kedaa.
वृक्षारोपण पर अपने समूह के कार्य को प्रस्तुत करें।,Present your group's work on tree planting.,ओड़ो: वृक्षारोपण रे आपान समूह रा: कार्य को प्रस्तुत केदा।,oda़o: wrikshashaaropana re aapaana samuuha raa: kaarya ko prastuta kedaa.
पशु आश्रय पर अपने समूह का कार्य प्रस्तुत करें।,Present your group's work on the animal shelter.,पशु आश्रय रे आश्रय रे आपान समूह राः कार्य प्रस्तुत केदा।,pashu aashraya re aashraya re aapaana samuuha raah kaarya prastuta kedaa.
जल प्रयोग पर अपने समूह का कार्य प्रस्तुत करें।,Present your group's work on water experiments.,आपान समूह रे आपान समूह राः कार्य प्रस्तुत केदा।,aapaana samuuha re aapaana samuuha raah kaarya prastuta kedaa.
खाद्य वर्गीकरण पर अपने समूह का कार्य प्रस्तुत करें।,Present your group's work on food classification.,आपान खाद्य वर्गीकरण रे आपान समूह राः कार्य प्रस्तुत केदा।,aapaana khaadya wargiikarana re aapaana samuuha raah kaarya prastuta kedaa.
मानचित्र चित्रण पर अपने समूह का कार्य प्रस्तुत करें।,Present your group's work on map illustration.,आपान मानचित्र चित्रण रे आपान समूह राः कार्य प्रस्तुत केदा।,aapaana maanachitrara chitrarana re aapaana samuuha raah kaarya prastuta kedaa.
वर्षा अध्ययन पर अपने समूह का कार्य प्रस्तुत करें।,Present your group's work on rainfall study.,वर्षा अध्ययन रे आपान समूह राः कार्य प्रस्तुत केदा।,warshaa adhyayana re aapaana samuuha raah kaarya prastuta kedaa.
वन संरक्षण पर अपने समूह के कार्य प्रस्तुत करें।,Present your group work on forest conservation.,आपान सोबेन रे आपान समूह राः कार्य प्रस्तुत केदाएः।,aapaana sobena re aapaana samuuha raah kaarya prastuta kedaaeh.
अपशिष्ट पृथक्करण पर अपने समूह के कार्य को प्रस्तुत करें।,Present your group's work on waste segregation.,अपशिष्ट पृथक्करण रे आपान समूह राः कार्य को प्रस्तुत केदा।,apashishta prithakkarana re aapaana samuuha raah kaarya ko prastuta kedaa.
पारिवारिक संबंधों पर अपने समूह का कार्य प्रस्तुत करें।,Present your group's work on family relationships.,आपान पारिवारिक संबंध रे आपान समूह राः कार्य प्रस्तुत केदा।,aapaana paariwaarika sanbandha re aapaana samuuha raah kaarya prastuta kedaa.
अपने समूह के कार्य को रंग चार्ट पर प्रस्तुत करें।,Present your group's work on a color chart.,आपान समूहरा: कार्य को रंग चार्ट रे प्रस्तुत केदा।,aapaana samuuharaa: kaarya ko ranga chaarta re prastuta kedaa.
फलों की सूची पर अपने समूह का कार्य प्रस्तुत करें।,Present your group's work on the fruit list.,आपान फलोंरा: सूची रे आपान समूह रा: कार्य प्रस्तुत केदा।,aapaana phalonraa: suuchii re aapaana samuuha raa: kaarya prastuta kedaa.
सब्जी सूची पर अपने समूह का कार्य प्रस्तुत करें।,Present your group's work on the vegetable list.,आपान सब्जी सूची रे आपान समूह राः कार्य प्रस्तुत केदा।,aapaana sabjii suuchii re aapaana samuuha raah kaarya prastuta kedaa.
परिवहन चार्ट पर अपने समूह का कार्य प्रस्तुत करें।,Present your group's work on the transportation chart.,आपान परिवहन चार्ट रे आपान समूह राः कार्य प्रस्तुत केदा।,aapaana pariwahana chaarta re aapaana samuuha raah kaarya prastuta kedaa.
इतिहास टाइमलाइन पर अपने समूह के कार्य को प्रस्तुत करें।,Present your group's work on a history timeline.,इतिहास टाइमलाइन रे आपान समूह राः कार्य को प्रस्तुत केदा।,itihaasa taaimalaaina re aapaana samuuha raah kaarya ko prastuta kedaa.
स्वतंत्रता आंदोलन पर अपने समूह का कार्य प्रस्तुत करें।,Present your group work on the freedom movement.,आपान स्वतंत्रता आंदोलन रे आपान समूह राः कार्य प्रस्तुत केदा।,aapaana swatantrarataa aandolana re aapaana samuuha raah kaarya prastuta kedaa.
ग्रामीण विकास पर अपने समूह के कार्य प्रस्तुत करें।,Present your group's work on rural development.,आपान ग्रामीण विकास रे आपान समूह राः कार्य प्रस्तुत केदा।,aapaana graamiina wikaasa re aapaana samuuha raah kaarya prastuta kedaa.
उपभोक्ता अधिकारों पर अपने समूह का कार्य प्रस्तुत करें।,Present your group's work on consumer rights.,उपभोक्ता अधिकार कोरे आपान समूह राः कार्य प्रस्तुत केदा।,upabhoktaa adhikaara kore aapaana samuuha raah kaarya prastuta kedaa.
सार्वजनिक बजट पर अपने समूह का कार्य प्रस्तुत करें।,Present your group's work on public budgeting.,आपान सार्वजनिक बजट रे आपान समूह राः कार्य प्रस्तुत केदा।,aapaana saarwajanika bajata re aapaana samuuha raah kaarya prastuta kedaa.
मानवाधिकारों पर अपने समूह का कार्य प्रस्तुत करें।,Present your group's work on human rights.,मानवाधिकार कोरे आपान समूह राः कार्य प्रस्तुत केदा।,maanawaadhikaara kore aapaana samuuha raah kaarya prastuta kedaa.
सामाजिक सुधार पर अपने समूह के कार्यों को प्रस्तुत करें।,Present your group's work on social reform.,सामाजिक सुधार रे आपान समूह राः कार्यको प्रस्तुत केदा।,saamaajika sudhaara re aapaana samuuha raah kaaryako prastuta kedaa.
कृषि पर अपने समूह का कार्य प्रस्तुत करें।,Present your group's work on agriculture.,आपान कृषि रे आपान समूह राः कार्य प्रस्तुत केदा।,aapaana krishi re aapaana samuuha raah kaarya prastuta kedaa.
मौसम रिपोर्ट पर अपने समूह का कार्य प्रस्तुत करें।,Present your group's work on the weather report.,मौसम रिपोर्ट रे आपान समूह राः कार्य प्रस्तुत केदाएः।,mausama riporta re aapaana samuuha raah kaarya prastuta kedaaeh.
कक्षा सर्वेक्षण पर अपने समूह का कार्य प्रस्तुत करें।,Present your group's work on the class survey.,आपान कक्षा सर्वेक्षण रे आपान समूह राः कार्य प्रस्तुत केदा।,aapaana kakshashaa sarwekshashana re aapaana samuuha raah kaarya prastuta kedaa.
एक सूची बनाने से संबंधित एक सूची बनाएं.,Make a list about making a list.,मिआद सूची बाइ ते संबंधित मिआद सूची बाइ ते संबंधित मिआद सूची बाइआ।,miaada suuchii baai te sanbandhita miaada suuchii baai te sanbandhita miaada suuchii baaiaa.
मानचित्र बनाने से संबंधित एक सूची बनायें।,Make a list related to map making.,ओड़ोः मानचित्र बाइ ते संबंधित मिआद सूची बाइओःआ।,oda़oh maanachitrara baai te sanbandhita miaada suuchii baaiohaa.
जानकारी एकत्रित करने से संबंधित एक सूची बनायें।,Make a list of information you will collect.,नेआ जानकारी मिआदत्रित ते संबंधित मिआद सूची बाइओःआ।,neaa jaanakaarii miaadatrarita te sanbandhita miaada suuchii baaiohaa.
इससे संबंधित एक सूची बनाकर एक चार्ट तैयार करें।,Make a list and prepare a chart related to this.,नेया ते संबंधित मिआद सूची बाइकेआते मिआद चार्ट तैयार केदाएः।,neyaa te sanbandhita miaada suuchii baaikeaate miaada chaarta taiyaara kedaaeh.
रिपोर्ट लिखने से संबंधित एक सूची बनाएं।,Make a list related to report writing.,रआः रिपोर्ट लिखव ते संबंधित मिआद सूची बाइओःआ।,raaah riporta likhawa te sanbandhita miaada suuchii baaiohaa.
चित्र के अवलोकन से संबंधित एक सूची बनाएं।,Make a list related to your observation of the picture.,रआः चित्र राः अवलोकन ते संबंधित मिआद सूची बाइओःआ।,raaah chitrara raah awalokana te sanbandhita miaada suuchii baaiohaa.
वस्तुओं के वर्गीकरण से संबंधित एक सूची बनायें।,Make a list of the classification of objects.,ओड़ोः वस्तु कोआः वर्गीकरण ते संबंधित मिआद सूची बाइओःआ।,oda़oh wastu koaah wargiikarana te sanbandhita miaada suuchii baaiohaa.
जोड़ियों के मिलान से संबंधित एक सूची बनाएं।,Make a list of matching pairs.,ओड़ोः जोड़िकोआः मिलान ते संबंधित मिआद सूची बाइओःआ।,oda़oh joda़ikoaah milaana te sanbandhita miaada suuchii baaiohaa.
रिक्त स्थानों की पूर्ति से संबंधित एक सूची बनायें।,Make a list of fill-in-the-blanks.,रिक्त स्थानकोआः पूर्ति ते संबंधित मिआद सूची बाइओःआ।,rikta sthaanakoaah puurti te sanbandhita miaada suuchii baaiohaa.
कक्षा की माप से संबंधित एक सूची बनायें।,Make a list of the dimensions of the classroom.,कक्षा रा: माप ते संबंधित मिआद सूची बाइओआ।,kakshashaa raa: maapa te sanbandhita miaada suuchii baaioaa.
परिणाम रिकार्ड करने से संबंधित एक सूची बनायें।,Make a list to record the results.,रआः परिणाम रिकार्ड ते संबंधित मिआद सूची बाइओःआ।,raaah parinaama rikaarda te sanbandhita miaada suuchii baaiohaa.
दो उदाहरणों की तुलना से संबंधित एक सूची बनाएं।,Make a list of two examples that relate to the comparison.,बरन उदाहरण कोआ: तुलना ते संबंधित मिआद सूची बाइआ।,barana udaaharana koaa: tulanaa te sanbandhita miaada suuchii baaiaa.
पोस्टर तैयार करने से संबंधित एक सूची बनाएं।,Make a list of the posters you will need to prepare.,ओड़ोः पोस्टर तैयार ते संबंधित मिआद सूची बाइआ।,oda़oh postara taiyaara te sanbandhita miaada suuchii baaiaa.
इंटरव्यू आयोजित करने से संबंधित एक सूची बनाएं.,Make a list of how to conduct interviews.,इंटरव्यू आयोजित ते संबंधित मिआद सूची बाइओःआ।,intarawyuu aayojita te sanbandhita miaada suuchii baaiohaa.
किसी स्थानीय स्थान की यात्रा से संबंधित एक सूची बनाएं।,Make a list of places you might visit locally.,नेआ स्थानीय स्थानरा: यात्रा ते संबंधित मिआद सूची बाइआ।,neaa sthaaniiya sthaanaraa: yaatraraa te sanbandhita miaada suuchii baaiaa.
तस्वीरों को एकत्रित करने से संबंधित एक सूची बनाएं।,Make a list of the photos you want to collect.,एटा: तस्वीरों के मिआद सूची बाइकेआते संबंधित मिआद सूची बइया।,etaa: taswiiron ke miaada suuchii baaikeaate sanbandhita miaada suuchii baiyaa.
एलबम तैयार करने से संबंधित एक सूची बनाएं।,Make a list of what you need to know about preparing the album.,एलबम तैयार ते संबंधित मिआद सूची बाइओःआ।,elabama taiyaara te sanbandhita miaada suuchii baaiohaa.
मॉडल बनाने से संबंधित एक सूची बनाएं।,Make a list related to model making.,मॉडल बाइ ते संबंधित मिआद सूची बाइओःआ।,maॉdala baai te sanbandhita miaada suuchii baaiohaa.
संबंधित एक सूची बनाकर अपने सुझाव लिखें।,Make a list of your suggestions.,संबंधित मिआद सूची बाइकेआते आपान सुझाव ओमेआ।,sanbandhita miaada suuchii baaikeaate aapaana sujhaawa omeaa.
अपने निष्कर्षों से संबंधित एक सूची बनाएं।,Make a list of your findings.,आपान निष्कर्ष ते संबंधित मिआद सूची बाइआ।,aapaana nishkarsha te sanbandhita miaada suuchii baaiaa.
किसी जीवनी को पढ़ने से संबंधित एक सूची बनाएं।,Make a list of any biographies you might read.,मेनदो सोबेन जीवनी को पढ़व ते संबंधित मिआद सूची बाइओःआ।,menado sobena jiiwanii ko padha़wa te sanbandhita miaada suuchii baaiohaa.
विषय पर चर्चा से संबंधित एक सूची बनाएं।,Make a list related to the topic being discussed.,विषय रे चर्चा ते संबंधित मिआद सूची बाइओःआ।,wishaya re charchaa te sanbandhita miaada suuchii baaiohaa.
वस्तुओं की पहचान से संबंधित एक सूची बनाएं।,Make a list of items related to identification.,एटा: वस्तु कोआ: पहचान ते संबंधित मिआद सूची बाइओआ।,etaa: wastu koaa: pahachaana te sanbandhita miaada suuchii baaioaa.
आरेख लेबल से संबंधित एक सूची बनाएं।,Create a list related to the diagram labels.,आरेख लेबल ते संबंधित मिआद सूची बाइआ।,aarekha lebala te sanbandhita miaada suuchii baaiaa.
तालिका को पूरा करने से संबंधित एक सूची बनाएं।,Make a list related to completing the table.,रआः तालिका के पूरा ते संबंधित मिआद सूची बाइओःआ।,raaah taalikaa ke puuraa te sanbandhita miaada suuchii baaiohaa.
सूची बनाने के बारे में एक चार्ट तैयार करें।,Create a chart about making a list.,बारे रे मिआद चार्ट तैयार केदा।,baare re miaada chaarta taiyaara kedaa.
मानचित्र बनाने के बारे में एक चार्ट तैयार करें।,Prepare a chart about map making.,बारे रे मिआद चार्ट तैयार केदा।,baare re miaada chaarta taiyaara kedaa.
एकत्रित जानकारी के बारे में एक चार्ट तैयार करें।,Prepare a chart about the information collected.,मिआदत्रित जानकारी बारे रे मिआद चार्ट तैयार केदा।,miaadatrarita jaanakaarii baare re miaada chaarta taiyaara kedaa.
"एक चार्ट तैयार करें, एक चार्ट तैयार करें।","Create a chart, create a chart.",मिआद चार्ट तैयार रिकाकेदाएः।,miaada chaarta taiyaara rikaakedaaeh.
रिपोर्ट लिखने के बारे में एक चार्ट तैयार करें।,Prepare a chart about writing a report.,बारे रे मिआद चार्ट तैयार केदा।,baare re miaada chaarta taiyaara kedaa.
चित्र के अवलोकन के बारे में एक चार्ट तैयार करें।,Prepare a chart about the observation of the picture.,मिआद चित्र राः अवलोकन राः बारे रे मिआद चार्ट तैयार केदा।,miaada chitrara raah awalokana raah baare re miaada chaarta taiyaara kedaa.
वस्तुओं को वर्गीकृत करने के बारे में एक चार्ट तैयार करें।,Prepare a chart on how to classify objects.,ओड़ो: वस्तु को वर्गीकृत रआः बारे रे मिआद चार्ट तैयार केदा।,oda़o: wastu ko wargiikrita raaah baare re miaada chaarta taiyaara kedaa.
जोड़ियों के मिलान के बारे में एक चार्ट तैयार करें।,Prepare a chart about matching pairs.,ओड़ोः जोड़िकोआः मिलान बारे रे मिआद चार्ट तैयार केदाएः।,oda़oh joda़ikoaah milaana baare re miaada chaarta taiyaara kedaaeh.
रिक्त स्थानों की पूर्ति के बारे में एक चार्ट तैयार करें।,Prepare a fill-in-the-blanks chart.,रिक्त स्थानकोआ: पूर्ति रा: बारे रे मिआद चार्ट तैयार केदा।,rikta sthaanakoaa: puurti raa: baare re miaada chaarta taiyaara kedaa.
कक्षा की माप के बारे में एक चार्ट तैयार करें।,Prepare a chart about the size of the class.,कक्षा रा: माप रा: बारे रे मिआद चार्ट तैयार केदा।,kakshashaa raa: maapa raa: baare re miaada chaarta taiyaara kedaa.
परिणाम रिकॉर्ड करने के बारे में एक चार्ट तैयार करें।,Prepare a chart to record the results.,नेआ परिणाम रिकॉर्ड रिका बारे रे मिआद चार्ट तैयार केदा।,neaa parinaama rikaॉrda rikaa baare re miaada chaarta taiyaara kedaa.
दो उदाहरणों की तुलना के बारे में एक चार्ट तैयार करें।,Create a chart comparing the two examples.,बरन उदाहरण कोआ: तुलना रे मिआद चार्ट तैयार केदा।,barana udaaharana koaa: tulanaa re miaada chaarta taiyaara kedaa.
एक पोस्टर तैयार करने के बारे में एक चार्ट तैयार करें।,Prepare a chart on how to make a poster.,मिआद पोस्टर तैयार रआः बारे रे मिआद पोस्टर तैयार केदा।,miaada postara taiyaara raaah baare re miaada postara taiyaara kedaa.
साक्षात्कार के संचालन के बारे में एक चार्ट तैयार करें।,Prepare a chart regarding the conduct of the interview.,सोबेन साक्षात्कार राः संचालन बारे रे मिआद चार्ट तैयार केदा।,sobena saakshashaatkaara raah sanchaalana baare re miaada chaarta taiyaara kedaa.
किसी स्थानीय स्थान की यात्रा के बारे में एक चार्ट तैयार करें।,Prepare a chart about visiting a local place.,सोबेन स्थानीय स्थानरा: यात्रा रा: बारे रे मिआद चार्ट तैयार केदा।,sobena sthaaniiya sthaanaraa: yaatraraa raa: baare re miaada chaarta taiyaara kedaa.
एकत्रित तस्वीरों के बारे में एक चार्ट तैयार करें।,Prepare a chart about the collected photographs.,मिआदत्रित तस्वीरको बारे रे मिआद चार्ट तैयार केदा।,miaadatrarita taswiirako baare re miaada chaarta taiyaara kedaa.
एक एल्बम तैयार करने के बारे में एक चार्ट तैयार करें।,Create a chart about preparing an album.,मिआद एल्बम तैयार रआः बारे रे मिआद चार्ट तैयार केदाएः।,miaada elbama taiyaara raaah baare re miaada chaarta taiyaara kedaaeh.
मॉडल बनाने के बारे में एक चार्ट तैयार करें।,Prepare a chart about making the model.,मॉडल बाइ बारे रे मिआद चार्ट तैयार केदा।,maॉdala baai baare re miaada chaarta taiyaara kedaa.
अपने सुझावों को लिखने के बारे में एक चार्ट तैयार करें।,Create a chart to write down your suggestions.,आपान सुझाव को लिखव बारे रे मिआद चार्ट तैयार केदा।,aapaana sujhaawa ko likhawa baare re miaada chaarta taiyaara kedaa.
अपने वर्तमान निष्कर्षों के बारे में एक चार्ट तैयार करें।,Create a chart about your current findings.,आपान वर्तमान निष्कर्ष कोरा: बारे रे मिआद चार्ट तैयार केदा।,aapaana wartamaana nishkarsha koraa: baare re miaada chaarta taiyaara kedaa.
किसी जीवनी को पढ़ने के बारे में एक चार्ट तैयार करें।,Create a chart about reading a biography.,सोबेन जीवनी को पढ़व बारे रे मिआद चार्ट तैयार केदा।,sobena jiiwanii ko padha़wa baare re miaada chaarta taiyaara kedaa.
विषय पर चर्चा के बारे में एक चार्ट तैयार करें।,Prepare a chart about the topic discussed.,विषय रे चर्चा बारे रे मिआद चार्ट तैयार केदा।,wishaya re charchaa baare re miaada chaarta taiyaara kedaa.
वस्तुओं की पहचान के बारे में एक चार्ट तैयार करें।,Prepare a chart about identification of objects.,आपान वस्तु कोआ: पहचान रा: बारे रे मिआद चार्ट तैयार केदा।,aapaana wastu koaa: pahachaana raa: baare re miaada chaarta taiyaara kedaa.
लेबल आरेख के बारे में एक चार्ट तैयार करें।,Prepare a chart about labelled diagram.,लेबल आरेख बारे रे मिआद चार्ट तैयार केदा।,lebala aarekha baare re miaada chaarta taiyaara kedaa.
पूरी तालिका के बारे में एक चार्ट तैयार करें।,Prepare a chart about the entire table.,सोबेन तालिका राः बारे रे मिआद चार्ट तैयार केदा।,sobena taalikaa raah baare re miaada chaarta taiyaara kedaa.
के बारे में जानकारी एकत्रित कर एक सूची बनायें।,Collect information about them and make a list.,बारे रे जानकारी मिआद सूची बाइकेआते मिआद सूची बाइओःआ।,baare re jaanakaarii miaada suuchii baaikeaate miaada suuchii baaiohaa.
मानचित्र बनाने के बारे में जानकारी एकत्रित करें।,Gather information about making maps.,ओड़ो: मानचित्र बाइरा: बारे रे जानकारी एकत्रित मेनाः।,oda़o: maanachitrara baairaa: baare re jaanakaarii ekatrarita menaah.
एकत्रित जानकारी के बारे में जानकारी एकत्रित करें.,Gather information about the information collected.,मिआदत्रित जानकारी बारे रे जानकारी मिआदत्रित मेनाः।,miaadatrarita jaanakaarii baare re jaanakaarii miaadatrarita menaah.
एक चार्ट तैयार करने के बारे में जानकारी एकत्र करें।,Gather information to prepare a chart.,मिआद चार्ट तैयार रआः बारे रे जानकारी मिआदत्र ताइकेना।,miaada chaarta taiyaara raaah baare re jaanakaarii miaadatrara taaikenaa.
रिपोर्ट लिखने के बारे में जानकारी एकत्रित करें.,Gather information about writing a report.,एटा: रिपोर्ट लिखव बारे रे जानकारी मिआदत्रित रिकाएआ।,etaa: riporta likhawa baare re jaanakaarii miaadatrarita rikaaeaa.
चित्र का अवलोकन कर उसके बारे में जानकारी एकत्रित करें।,Observe the picture and collect information about it.,रआः चित्ररा: अवलोकन रिकाकेआते इनिःअ बारे रे जानकारी मिआदत्रित केदाए।,raaah chitrararaa: awalokana rikaakeaate iniha baare re jaanakaarii miaadatrarita kedaae.
वस्तुओं को वर्गीकृत करने के बारे में जानकारी एकत्र करें।,Collect information about classifying objects.,ओड़ो: वस्तु को वर्गीकृत रआः बारे रे जानकारी एकत्र केदा।,oda़o: wastu ko wargiikrita raaah baare re jaanakaarii ekatrara kedaa.
जोड़ियों के मिलान के बारे में जानकारी एकत्र करें।,Collect information about matching pairs.,ओड़ोः जोड़िकोआः मिलान बारे रे जानकारी मिआदत्र केदा।,oda़oh joda़ikoaah milaana baare re jaanakaarii miaadatrara kedaa.
रिक्त स्थानों की पूर्ति के बारे में जानकारी एकत्रित करें।,Gather information to fill in the blanks.,रिक्त स्थानकोआ: पूर्ति बारे रे जानकारी मिआदत्रित कना।,rikta sthaanakoaa: puurti baare re jaanakaarii miaadatrarita kanaa.
कक्षा को मापने के बारे में जानकारी एकत्र करें।,Collect information about measuring the class.,ओड़ो: कक्षा के मापने बारे रे जानकारी मिआदत्र केदा।,oda़o: kakshashaa ke maapane baare re jaanakaarii miaadatrara kedaa.
परिणाम रिकार्ड के बारे में जानकारी एकत्रित करें।,Gather information about the results record.,रआः परिणाम रिकार्ड राः बारे रे जानकारी एकत्रित केदा।,raaah parinaama rikaarda raah baare re jaanakaarii ekatrarita kedaa.
दो उदाहरणों की तुलना के बारे में जानकारी एकत्र करें।,Gather information about the comparison of the two examples.,बरन उदाहरण कोआ: तुलना रा: बारे रे जानकारी मिआदत्र ताइकेना।,barana udaaharana koaa: tulanaa raa: baare re jaanakaarii miaadatrara taaikenaa.
एक पोस्टर तैयार करने के बारे में जानकारी एकत्र करें।,Gather information about creating a poster.,मिआद पोस्टर तैयार रआः बारे रे जानकारी मिआदत्र केदा।,miaada postara taiyaara raaah baare re jaanakaarii miaadatrara kedaa.
साक्षात्कार आयोजित करने के बारे में जानकारी एकत्र करें।,Gather information about conducting the interview.,साक्षात्कार आयोजित रआः बारे रे जानकारी एकत्र केदा।,saakshashaatkaara aayojita raaah baare re jaanakaarii ekatrara kedaa.
किसी स्थानीय स्थान की यात्रा के बारे में जानकारी एकत्र करें।,Gather information about a trip to a local place.,मेनदो सोबेन स्थानीय स्थानरा: यात्रा रा: बारे रे जानकारी मिआदत्र केदा।,menado sobena sthaaniiya sthaanaraa: yaatraraa raa: baare re jaanakaarii miaadatrara kedaa.
एकत्रित तस्वीरों के बारे में जानकारी एकत्रित करें।,Collect information about the collected photographs.,मिआदत्रित तस्वीरको बारे रे जानकारी मिआदत्रित कना।,miaadatrarita taswiirako baare re jaanakaarii miaadatrarita kanaa.
एक एल्बम तैयार करने के बारे में जानकारी एकत्र करें।,Gather information about creating an album.,मिआद एल्बम तैयार रआः बारे रे जानकारी मिआद ओड़ोः मिआद एल्बम तैयार केदा।,miaada elbama taiyaara raaah baare re jaanakaarii miaada oda़oh miaada elbama taiyaara kedaa.
मॉडल बनाने के बारे में जानकारी एकत्रित करें।,Gather information about building the model.,मॉडल बाइ राः बारे रे जानकारी एकत्रित मेनाः।,maॉdala baai raah baare re jaanakaarii ekatrarita menaah.
"के बारे में जानकारी एकत्रित करें, अपने सुझाव लिखें।","Collect information about, write your suggestions.",अइंगअः बारे रे जानकारी एकत्रित केदाए।,aingaah baare re jaanakaarii ekatrarita kedaae.
अपने वर्तमान निष्कर्षों के बारे में जानकारी एकत्र करें।,Gather information about your current findings.,आपान आपान वर्तमान निष्कर्ष कोरा: बारे रे जानकारी मिआदत्र केदा।,aapaana aapaana wartamaana nishkarsha koraa: baare re jaanakaarii miaadatrara kedaa.
किसी जीवनी को पढ़ने के बारे में जानकारी एकत्र करें।,Gather information about a biography you read.,ओड़ोः सोबेन जीवनी को पढ़व रेअः बारे रे जानकारी एकत्र केदा।,oda़oh sobena jiiwanii ko padha़wa reah baare re jaanakaarii ekatrara kedaa.
विषय पर चर्चा के बारे में जानकारी एकत्र करें।,Gather information about the topic being discussed.,विषय रे चर्चारा: बारे रे जानकारी मिआदत्र ताइकेना।,wishaya re charchaaraa: baare re jaanakaarii miaadatrara taaikenaa.
वस्तुओं की पहचान के बारे में जानकारी एकत्र करें।,Collect information about the identification of objects.,ओड़ो: वस्तु कोआ: पहचान रा: बारे रे जानकारी एकत्र रिकाएआ।,oda़o: wastu koaa: pahachaana raa: baare re jaanakaarii ekatrara rikaaeaa.
आरेख लेबल के बारे में जानकारी एकत्र करें।,Gather information about diagram labels.,आरेख लेबल राः बारे रे जानकारी मिआदत्र ताइकेना।,aarekha lebala raah baare re jaanakaarii miaadatrara taaikenaa.
संपूर्ण तालिका के बारे में जानकारी एकत्रित करें.,Gather information about the entire table.,संपूर्ण तालिकारा: बारे रे जानकारी मिआदत्रित केदा।,sanpuurna taalikaaraa: baare re jaanakaarii miaadatrarita kedaa.
सूची बनाने का एक सरल चित्र बनाएं।,Draw a simple diagram of making a list.,सरल चित्र बाइ रआः मिआद सरल चित्र बाइओःआ।,sarala chitrara baai raaah miaada sarala chitrara baaiohaa.
मानचित्र का सरल चित्र बनाइये।,Draw a simple diagram of the map.,ओड़ो: मानचित्र रा: सरल चित्र बाइया।,oda़o: maanachitrara raa: sarala chitrara baaiyaa.
एकत्रित जानकारी का एक सरल चित्र बनाएं।,Create a simple diagram of the information gathered.,मिआद सोबेन जानकारी राः मिआद सरल चित्र बाइआ।,miaada sobena jaanakaarii raah miaada sarala chitrara baaiaa.
चार्ट तैयार करने का एक सरल चित्र बनाएं।,Draw a simple diagram of how to prepare a chart.,रआः चार्ट तैयार रआः मिआद सरल चित्र बाइओःआ।,raaah chaarta taiyaara raaah miaada sarala chitrara baaiohaa.
रिपोर्ट लिखने का एक सरल चित्र बनाएं।,Draw a simple diagram of report writing.,रआः रिपोर्ट लिखव रआः मिआद सरल चित्र बाइओःआ।,raaah riporta likhawa raaah miaada sarala chitrara baaiohaa.
"इसका एक सरल चित्र बनाएं, चित्र का अवलोकन करें।","Draw a simple diagram of it, observe the picture.",नेआ राः मिआद सरल चित्र बाइओःआ।,neaa raah miaada sarala chitrara baaiohaa.
वर्गीकृत वस्तुओं का एक सरल चित्र बनाएं।,Draw a simple diagram of classified objects.,रआः वर्गीकृत वस्तु कोआः मिआद सरल चित्र बाइओःआ।,raaah wargiikrita wastu koaah miaada sarala chitrara baaiohaa.
जोड़ियों को मिलाने का एक सरल चित्र बनाएं।,Draw a simple diagram to match the pairs.,ओड़ो: जोड़िको को मिलाओरा: मियद सरल चित्र बाइआ।,oda़o: joda़iko ko milaaoraa: miyada sarala chitrara baaiaa.
रिक्त स्थानों की पूर्ति का सरल चित्र बनाइये।,Draw a simple fill-in-the-blanks diagram.,रिक्त स्थानकोआ: पूर्ति रा: सरल चित्र बाइया।,rikta sthaanakoaa: puurti raa: sarala chitrara baaiyaa.
कक्षा की माप का एक सरल चित्र बनाएं।,Draw a simple diagram of the orbit's dimensions.,कक्षा रेआ माप राः मिआद सरल चित्र बाइआ।,kakshashaa reaa maapa raah miaada sarala chitrara baaiaa.
परिणाम रिकॉर्ड का एक सरल चित्र बनाएं।,Create a simple diagram of the result record.,रआः परिणाम रिकॉर्ड राः मिआद सरल चित्र बाइओःआ।,raaah parinaama rikaॉrda raah miaada sarala chitrara baaiohaa.
दो उदाहरणों की तुलना का एक सरल चित्र बनाएं।,Draw a simple diagram comparing the two examples.,बरन उदाहरण कोआ: तुलना रा: मिआद सरल चित्र बाइओआ।,barana udaaharana koaa: tulanaa raa: miaada sarala chitrara baaioaa.
एक पोस्टर तैयार करने का एक सरल चित्र बनाएं।,Create a simple diagram of how to create a poster.,मिआद पोस्टर तैयार रआः मिआद पोस्टर तैयार केदाएः।,miaada postara taiyaara raaah miaada postara taiyaara kedaaeh.
साक्षात्कार के संचालन का एक सरल चित्र बनाएं।,Draw a simple diagram of how the interview is conducted.,नेआ साक्षात्काररा: संचालनरा: मिआद सरल चित्र बाइओआ।,neaa saakshashaatkaararaa: sanchaalanaraa: miaada sarala chitrara baaioaa.
किसी स्थानीय स्थान की यात्रा का एक सरल चित्र बनाएं।,Draw a simple picture of a trip to a local place.,सोबेन स्थानीय स्थानरा: यात्रारा: मियद सरल चित्र बाइआ।,sobena sthaaniiya sthaanaraa: yaatraraaraa: miyada sarala chitrara baaiaa.
एकत्रित तस्वीरों का एक सरल चित्र बनाएं।,Create a simple picture from the collected photos.,मियदत्रित तस्वीरोंरा: मियद सरल चित्र बाइओआ।,miyadatrarita taswiironraa: miyada sarala chitrara baaioaa.
एक एलबम तैयार करने का एक सरल चित्र बनाएं।,Draw a simple diagram of preparing an album.,मिआद एलबम तैयार रआः मिआद मिआद एलबम तैयार केदाएः।,miaada elabama taiyaara raaah miaada miaada elabama taiyaara kedaaeh.
एक मॉडल बनाने का एक सरल चित्र बनाएं।,Draw a simple diagram of how to make a model.,मिआद मॉडल बाइ रआः मिआद मिआद मॉडल बाइ रआः मिआद सरल चित्र बाइओःआ।,miaada maॉdala baai raaah miaada miaada maॉdala baai raaah miaada sarala chitrara baaiohaa.
उसका एक सरल चित्र बनाकर अपने सुझाव लिखें।,Draw a simple picture of it and write your suggestions.,आएआः मिआद सरल चित्र बाइकेआते आपान सुझाव ओमकेआते आपान सुझाव ओलकेदाएः।,aaeaah miaada sarala chitrara baaikeaate aapaana sujhaawa omakeaate aapaana sujhaawa olakedaaeh.
अपने निष्कर्षों को प्रस्तुत करने का एक सरल चित्र बनाएं।,Create a simple diagram to represent your findings.,आपान निष्कर्ष को प्रस्तुत रआः मिआद सरल चित्र बाइओःआ।,aapaana nishkarsha ko prastuta raaah miaada sarala chitrara baaiohaa.
पढ़ी गई जीवनी का एक सरल चित्र बनाएं।,Draw a simple diagram of the biography you read.,नेआ पढ़व जना जीवनी राः मिआद सरल चित्र बाइया।,neaa padha़wa janaa jiiwanii raah miaada sarala chitrara baaiyaa.
विषय पर चर्चा का एक सरल चित्र बनाएं।,Create a simple diagram of the topic being discussed.,विषय रे चर्चारा: मिआद सरल चित्र बाइओआ।,wishaya re charchaaraa: miaada sarala chitrara baaioaa.
वस्तुओं की पहचान का एक सरल चित्र बनाएं।,Create a simple diagram of identifying objects.,आपान वस्तु कोआ: पहचान रा: मिआद सरल चित्र बाइआ।,aapaana wastu koaa: pahachaana raa: miaada sarala chitrara baaiaa.
लेबल आरेख का एक सरल चित्र बनाएं।,Draw a simple diagram of the label.,एटा: लेबल आरेख रा: मिआद सरल चित्र बइया:,etaa: lebala aarekha raa: miaada sarala chitrara baiyaa:
संपूर्ण तालिका का एक सरल चित्र बनाएं।,Draw a simple diagram of the entire table.,संपूर्ण तालिका राः मिआद सरल चित्र बाइआ।,sanpuurna taalikaa raah miaada sarala chitrara baaiaa.
इसके बारे में अपने विचार लिखिए और एक सूची बनाइए।,Write down your thoughts about it and make a list.,नेआरा: बारे रे आपान विचार लिखिया ओड़ो: मिआद सूची बाइकेदाए।,neaaraa: baare re aapaana wichaara likhiyaa oda़o: miaada suuchii baaikedaae.
मानचित्र बनाने के बारे में अपने विचार लिखिए।,Write your thoughts about map making.,आपान मानचित्र बाइ राः बारे रे आपान विचार ओलकेदाएः।,aapaana maanachitrara baai raah baare re aapaana wichaara olakedaaeh.
एकत्रित जानकारी के बारे में अपने विचार लिखें।,Write your thoughts about the information gathered.,मियदत्रित जानकारी राः बारे रे आपान विचार ओल केदा।,miyadatrarita jaanakaarii raah baare re aapaana wichaara ola kedaa.
एक चार्ट तैयार करने के बारे में अपने विचार लिखें।,Write your thoughts about creating a chart.,मिआद चार्ट तैयार रआः बारे रे आपान विचार ओल केदा।,miaada chaarta taiyaara raaah baare re aapaana wichaara ola kedaa.
एक रिपोर्ट लिखने के बारे में अपने विचार लिखें।,Write your thoughts about writing a report.,आपान मिआद रिपोर्ट लिखव बारे रे आपान विचार ओलकेदाए।,aapaana miaada riporta likhawa baare re aapaana wichaara olakedaae.
चित्र को देखकर उसके बारे में अपने विचार लिखिए।,Look at the picture and write your thoughts about it.,इनिःआ बारे रे आपान विचार लेलकेदाएः।,inihaa baare re aapaana wichaara lelakedaaeh.
वस्तुओं को वर्गीकृत करने के बारे में अपने विचार लिखें।,Write down your thoughts about classifying objects.,आपान सोबेन को वर्गीकृत रआः बारे रे आपान विचार ओमेआ।,aapaana sobena ko wargiikrita raaah baare re aapaana wichaara omeaa.
जोड़ियों के मिलान के बारे में अपने विचार लिखें।,Write your thoughts about matching pairs.,आपान जोड़िकोआः मिलान राः बारे रे आपान विचार ओलकेदाएः।,aapaana joda़ikoaah milaana raah baare re aapaana wichaara olakedaaeh.
रिक्त स्थानों की पूर्ति के बारे में अपने विचार लिखिए।,Write your thoughts about filling in the blanks.,आपान रिक्त स्थानकोआ: पूर्ति रा: बारे रे आपान विचार ओल केदा।,aapaana rikta sthaanakoaa: puurti raa: baare re aapaana wichaara ola kedaa.
कक्षा के माप के बारे में अपने अवलोकन लिखें।,Write down your observations about the measurements of the class.,आपान कक्षारा: माप रा: बारे रे आपान अवलोकन ओलकेदाए।,aapaana kakshashaaraa: maapa raa: baare re aapaana awalokana olakedaae.
परिणाम को रिकॉर्ड करने के बारे में अपनी टिप्पणियाँ लिखें।,Write your comments about recording the result.,आपान परिणाम को रिकॉर्ड रिका बारे रे आपान टिप्पण को लिजाओआ।,aapaana parinaama ko rikaॉrda rikaa baare re aapaana tippana ko lijaaoaa.
दो उदाहरणों की तुलना के बारे में अपने विचार लिखें।,Write your thoughts about comparing the two examples.,एटा: उदाहरण कोआ: तुलना रे आपान विचार ओल केदा।,etaa: udaaharana koaa: tulanaa re aapaana wichaara ola kedaa.
एक पोस्टर तैयार करने के बारे में अपने विचार लिखें।,Write your thoughts about creating a poster.,मिआद पोस्टर तैयार रिकाकेदाएः।,miaada postara taiyaara rikaakedaaeh.
साक्षात्कार के संचालन के बारे में अपने विचार लिखें।,Write your thoughts about the conduct of the interview.,आपान साक्षात्काररा: संचालनरा: बारे रे आपान विचार ओलकेदाए।,aapaana saakshashaatkaararaa: sanchaalanaraa: baare re aapaana wichaara olakedaae.
किसी स्थानीय स्थान की यात्रा के बारे में अपने विचार लिखें।,Write your thoughts about a trip to a local place.,आपान स्थानीय स्थानरा: यात्रारा: बारे रे आपान विचार ओलकेदाए।,aapaana sthaaniiya sthaanaraa: yaatraraaraa: baare re aapaana wichaara olakedaae.
एकत्रित तस्वीरों के बारे में अपने विचार लिखें।,Write your thoughts about the collected photographs.,मियदत्रित तस्वीरको बारे रे आपान विचार ओल केदा।,miyadatrarita taswiirako baare re aapaana wichaara ola kedaa.
एक एलबम तैयार करने के बारे में अपने विचार लिखिए।,Write down your thoughts about creating an album.,मिआद एलबम तैयार रआः बारे रे आपान विचार ओल केदाएः।,miaada elabama taiyaara raaah baare re aapaana wichaara ola kedaaeh.
एक मॉडल बनाने के बारे में अपने विचार लिखें।,Write down your thoughts about making a model.,मिआद मॉडल बाइ राः बारे रे आपान विचार ओल केदाएः।,miaada maॉdala baai raah baare re aapaana wichaara ola kedaaeh.
इसके बारे में अपने विचार लिखें और अपने सुझाव लिखें।,Write your thoughts about it and write your suggestions.,नेआरा: बारे रे आपान सुझाव ओलकेदाए ओड़ो: आपान सुझाव ओलकेदाए।,neaaraa: baare re aapaana sujhaawa olakedaae oda़o: aapaana sujhaawa olakedaae.
वर्तमान अपने निष्कर्षों के बारे में अपनी टिप्पणियाँ लिखें।,Write your comments about your current findings.,वर्तमान आपान निष्कर्ष कोरा: बारे रे आपान टिप्पण को ओमकेदा।,wartamaana aapaana nishkarsha koraa: baare re aapaana tippana ko omakedaa.
किसी जीवनी को पढ़ने के बारे में अपने विचार लिखें।,Write your thoughts about reading a biography.,आपान जीवनी को पढ़व बारे रे आपान विचार ओलकेदाए।,aapaana jiiwanii ko padha़wa baare re aapaana wichaara olakedaae.
विषय पर चर्चा के बारे में अपनी टिप्पणियाँ लिखें।,Write your comments about the topic discussed.,आपान विषय रे चर्चारा: बारे रे आपान टिप्पण को ओमेआ।,aapaana wishaya re charchaaraa: baare re aapaana tippana ko omeaa.
वस्तुओं की पहचान के बारे में अपने अवलोकन लिखें।,Write down your observations about the identification of objects.,आपान वस्तु कोआ: पहचान रा: पहचान बारे रे आपान अवलोकन ओमेआ।,aapaana wastu koaa: pahachaana raa: pahachaana baare re aapaana awalokana omeaa.
आरेख लेबल के बारे में अपने अवलोकन लिखें।,Write your observations about the diagram labels.,आरेख लेबल बारे रे आरेख लेबल बारे रे आपान अवलोकन ओमेआ।,aarekha lebala baare re aarekha lebala baare re aapaana awalokana omeaa.
संपूर्ण तालिका के बारे में अपने अवलोकन लिखें।,Write down your observations about the entire table.,ओड़ो: संपूर्ण तालिकारा: बारे रे आपान अवलोकन ओलकेदाए।,oda़o: sanpuurna taalikaaraa: baare re aapaana awalokana olakedaae.
सूची बनाने के बारे में तालिका को पूरा करें.,Complete the table about making a list.,बारे रे सूची बाइ राः बारे रे तालिका को पूरा रिकाएआ।,baare re suuchii baai raah baare re taalikaa ko puuraa rikaaeaa.
मानचित्र बनाने के बारे में तालिका पूरी करें।,Complete the table about map making.,ओड़ो: मानचित्र बाइ रा: बारे रे तालिका पूरी केदा।,oda़o: maanachitrara baai raa: baare re taalikaa puurii kedaa.
एकत्रित जानकारी के बारे में तालिका को पूरा करें।,Complete the table about the information gathered.,मिआदत्रित जानकारी राः बारे रे तालिका को पूरा केदा।,miaadatrarita jaanakaarii raah baare re taalikaa ko puuraa kedaa.
एक चार्ट तैयार करने के बारे में तालिका को पूरा करें।,Complete the table about preparing a chart.,मिआद चार्ट तैयार रआः बारे रे तालिका को पूरा केदा।,miaada chaarta taiyaara raaah baare re taalikaa ko puuraa kedaa.
रिपोर्ट लिखने के बारे में तालिका पूरी करें।,Complete the table about writing reports.,बारे रे रिपोर्ट लिखव बारे रे तालिका पूरी मेनअः।,baare re riporta likhawa baare re taalikaa puurii menaah.
चित्र के अवलोकन के बारे में तालिका पूरी करें।,Complete the table about the observation of the picture.,रआः चित्र राः अवलोकन राः बारे रे तालिका पूरी मेनाः।,raaah chitrara raah awalokana raah baare re taalikaa puurii menaah.
वस्तुओं को वर्गीकृत करने के बारे में तालिका को पूरा करें।,Complete the table about classifying objects.,ओड़ो: वस्तु को वर्गीकृत रआः बारे रे तालिका को पूरा केदा।,oda़o: wastu ko wargiikrita raaah baare re taalikaa ko puuraa kedaa.
जोड़ियों के मिलान के बारे में तालिका पूरी करें।,Complete the table about matching pairs.,ओड़ोः जोड़िकोआः मिलान राः बारे रे तालिका पूरी मेनाः।,oda़oh joda़ikoaah milaana raah baare re taalikaa puurii menaah.
रिक्त स्थानों की पूर्ति के बारे में तालिका पूरी करें।,Complete the table using fill in the blanks.,रिक्त स्थानकोआ: पूर्ति रा: बारे रे तालिका पूरी रिकाएआ।,rikta sthaanakoaa: puurti raa: baare re taalikaa puurii rikaaeaa.
कक्षा को मापने के बारे में तालिका को पूरा करें।,Complete the table about measuring orbit.,ओड़ो: कक्षा को मापने बारे रे तालिका को पूरा रिकाएआ।,oda़o: kakshashaa ko maapane baare re taalikaa ko puuraa rikaaeaa.
परिणाम रिकॉर्ड करने के बारे में तालिका को पूरा करें।,Complete the table about recording the results.,रआः परिणाम रिकॉर्ड रिका बारे रे तालिका को पूरा केदा।,raaah parinaama rikaॉrda rikaa baare re taalikaa ko puuraa kedaa.
दो उदाहरणों की तुलना के बारे में तालिका को पूरा करें।,Complete the table about comparing the two examples.,बरन उदाहरण कोआ: तुलना रा: बारे रे तालिका को पूरा केदा।,barana udaaharana koaa: tulanaa raa: baare re taalikaa ko puuraa kedaa.
पोस्टर तैयार करने के बारे में तालिका पूरी करें।,Complete the table about preparing the poster.,ओड़ोः पोस्टर तैयार रआः बारे रे तालिका पूरी केदा।,oda़oh postara taiyaara raaah baare re taalikaa puurii kedaa.
साक्षात्कार आयोजित करने के बारे में तालिका को पूरा करें।,Complete the table about conducting interviews.,ओड़ो: साक्षात्कार आयोजित रा: बारे रे तालिका को पूरा कदा।,oda़o: saakshashaatkaara aayojita raa: baare re taalikaa ko puuraa kadaa.
किसी स्थानीय स्थान की यात्रा के बारे में तालिका पूरी करें।,Complete the table about a trip to a local place.,मेनदो सोबेन स्थानीय स्थानरा: यात्रा रा: बारे रे तालिका पूरी केदा।,menado sobena sthaaniiya sthaanaraa: yaatraraa raa: baare re taalikaa puurii kedaa.
एकत्रित तस्वीरों के बारे में तालिका पूरी करें।,Complete the table about the collected photographs.,मिआदत्रित तस्वीरको बारे रे तालिका पूरी रिकाएआ।,miaadatrarita taswiirako baare re taalikaa puurii rikaaeaa.
एक एल्बम तैयार करने के बारे में तालिका को पूरा करें।,Complete the table about preparing an album.,मिआद एल्बम तैयार रआः बारे रे तालिका को पूरा केदा।,miaada elbama taiyaara raaah baare re taalikaa ko puuraa kedaa.
मॉडल बनाने के बारे में तालिका पूरी करें।,Complete the table about model making.,मॉडल बाइ रेअः बारे रे तालिका पूरी मेनअः।,maॉdala baai reah baare re taalikaa puurii menaah.
अपने सुझाव लिखकर तालिका को पूरा करें।,Complete the table by writing your suggestions.,आपान सुझाव लिखकेआते तालिका के पूरा रिकाएआ।,aapaana sujhaawa likhakeaate taalikaa ke puuraa rikaaeaa.
अपने निष्कर्षों के बारे में तालिका पूरी करें।,Complete the table about your findings.,आपान निष्कर्ष कोरा: बारे रे तालिका पूरी केदा।,aapaana nishkarsha koraa: baare re taalikaa puurii kedaa.
जीवनी पढ़ने के बारे में तालिका को पूरा करें।,Complete the table about reading biographies.,ओड़ो: जीवनी पढ़व रा: बारे रे तालिका को पूरा केदा।,oda़o: jiiwanii padha़wa raa: baare re taalikaa ko puuraa kedaa.
विषय पर चर्चा के बारे में तालिका को पूरा करें।,Complete the table about the topic being discussed.,विषय रे चर्चा बारे रे चर्चा बारे रे तालिका को पूरा कदा।,wishaya re charchaa baare re charchaa baare re taalikaa ko puuraa kadaa.
वस्तुओं की पहचान के बारे में तालिका को पूरा करें।,Complete the table about identifying objects.,ओड़ो: वस्तु कोआ: पहचान रा: बारे रे तालिका को पूरा कदा।,oda़o: wastu koaa: pahachaana raa: baare re taalikaa ko puuraa kadaa.
आरेख लेबल के बारे में तालिका को पूरा करें।,Complete the table about the diagram labels.,आरेख लेबल राः बारे रे तालिका को पूरा रिकाएआ।,aarekha lebala raah baare re taalikaa ko puuraa rikaaeaa.
तालिका को पूर्ण करें के बारे में तालिका को पूर्ण करें.,Complete the Table About Complete the Table.,बारे रे तालिका को पूर्ण रिकाएआ बारे रे तालिका को पूर्णाओआ।,baare re taalikaa ko puurna rikaaeaa baare re taalikaa ko puurnaaoaa.
संबंधित उदाहरणों का वर्गीकरण कर सूची बनायें।,Classify and list related examples.,संबंधित उदाहरण कोरा: वर्गीकरण रिकाकेदा।,sanbandhita udaaharana koraa: wargiikarana rikaakedaa.
मानचित्र बनाने से संबंधित उदाहरणों का वर्गीकरण कीजिए।,Classify examples related to map making.,ओड़ो: मानचित्र बाइ ते संबंधित उदाहरण कोरा: वर्गीकरण रिकाएआ।,oda़o: maanachitrara baai te sanbandhita udaaharana koraa: wargiikarana rikaaeaa.
एकत्रित जानकारी से संबंधित उदाहरणों को वर्गीकृत करें।,Categorize examples related to the information gathered.,मियदत्रित जानकारी ते संबंधित उदाहरण को वर्गीकृत रिकाएआ।,miyadatrarita jaanakaarii te sanbandhita udaaharana ko wargiikrita rikaaeaa.
चार्ट तैयार करने से संबंधित उदाहरणों को वर्गीकृत करें।,Classify examples related to chart preparation.,रआः चार्ट तैयार ते संबंधित उदाहरण को वर्गीकृत रिकाएआ।,raaah chaarta taiyaara te sanbandhita udaaharana ko wargiikrita rikaaeaa.
रिपोर्ट लिखने से संबंधित उदाहरणों को वर्गीकृत करें।,Categorize examples related to report writing.,सारते संबंधित उदाहरण को वर्गीकृत ताइकेना।,saarate sanbandhita udaaharana ko wargiikrita taaikenaa.
चित्र के अवलोकन से संबंधित उदाहरणों का वर्गीकरण कीजिए।,Classify the examples related to the observation of the picture.,रआः चित्र राः अवलोकन ते संबंधित उदाहरण कोआः वर्गीकरण रिकाएआ।,raaah chitrara raah awalokana te sanbandhita udaaharana koaah wargiikarana rikaaeaa.
वस्तुओं को वर्गीकृत करने से संबंधित उदाहरणों को वर्गीकृत करें।,Classify examples related to classifying objects.,संबंधित उदाहरण को वर्गीकृत रिका केआते संबंधित उदाहरण को वर्गीकृत रिका केदा।,sanbandhita udaaharana ko wargiikrita rikaa keaate sanbandhita udaaharana ko wargiikrita rikaa kedaa.
जोड़ियों के मिलान से संबंधित उदाहरणों का वर्गीकरण कीजिए।,Classify examples related to matching pairs.,ओड़ो: जोड़िकोआ: मिलान ते संबंधित उदाहरण कोरा: वर्गीकरण रिकाएआ।,oda़o: joda़ikoaa: milaana te sanbandhita udaaharana koraa: wargiikarana rikaaeaa.
रिक्त स्थान की पूर्ति से संबंधित उदाहरणों का वर्गीकरण कीजिए।,Classify examples related to fill in the blanks.,रिक्त स्थानरा: पूर्ति ते संबंधित उदाहरण कोरा: वर्गीकरण रिकाएआ।,rikta sthaanaraa: puurti te sanbandhita udaaharana koraa: wargiikarana rikaaeaa.
कक्षा के माप से संबंधित उदाहरणों को वर्गीकृत करें।,Classify the examples related to the measurement of the class.,कक्षा रा: माप ते संबंधित उदाहरण को वर्गीकृत रिकाएआ।,kakshashaa raa: maapa te sanbandhita udaaharana ko wargiikrita rikaaeaa.
परिणाम रिकार्ड करने से संबंधित उदाहरणों का वर्गीकरण कीजिए।,Classify examples related to recording results.,रआः परिणाम रिकार्ड ते संबंधित उदाहरण कोरा: वर्गीकरण रिकाएआ।,raaah parinaama rikaarda te sanbandhita udaaharana koraa: wargiikarana rikaaeaa.
दो उदाहरणों की तुलना से संबंधित उदाहरणों का वर्गीकरण कीजिए।,Classify examples involving comparison of two examples.,बरन उदाहरण कोआ: तुलना ते संबंधित उदाहरण कोआ: वर्गीकरण रिकाएआ।,barana udaaharana koaa: tulanaa te sanbandhita udaaharana koaa: wargiikarana rikaaeaa.
पोस्टर तैयार करने से संबंधित उदाहरणों का वर्गीकरण कीजिए।,Classify examples related to poster making.,ओड़ोः पोस्टर तैयार ते संबंधित उदाहरण कोरा: वर्गीकरण रिकाएआ।,oda़oh postara taiyaara te sanbandhita udaaharana koraa: wargiikarana rikaaeaa.
साक्षात्कार संचालन से संबंधित उदाहरणों का वर्गीकरण कीजिए।,Classify examples related to conducting interviews.,साक्षात्कार संचालन ते संबंधित उदाहरण कोरा: वर्गीकरण रिकाएआ।,saakshashaatkaara sanchaalana te sanbandhita udaaharana koraa: wargiikarana rikaaeaa.
किसी स्थानीय स्थान की यात्रा से संबंधित उदाहरणों को वर्गीकृत करें।,Classify examples related to travel to a local place.,मेनदो सोबेन स्थानीय स्थानरा: यात्रा ते संबंधित उदाहरण को वर्गीकृत रिकाएआ।,menado sobena sthaaniiya sthaanaraa: yaatraraa te sanbandhita udaaharana ko wargiikrita rikaaeaa.
एकत्रित तस्वीरों से संबंधित उदाहरणों का वर्गीकरण कीजिए।,Classify the examples related to the collected photographs.,मिआदत्रित तस्वीरों ते संबंधित उदाहरण कोरा: वर्गीकरण रिकाएआ।,miaadatrarita taswiiron te sanbandhita udaaharana koraa: wargiikarana rikaaeaa.
एलबम तैयार करने से संबंधित उदाहरणों का वर्गीकरण कीजिए।,Classify examples related to album making.,एलबम तैयार ते संबंधित उदाहरण कोरा: वर्गीकरण रिकाएआ।,elabama taiyaara te sanbandhita udaaharana koraa: wargiikarana rikaaeaa.
मॉडल बनाने से संबंधित उदाहरणों को वर्गीकृत करें।,Classify examples related to model making.,मॉडल बाइ ते संबंधित उदाहरण को वर्गीकृत रिकाएआ।,maॉdala baai te sanbandhita udaaharana ko wargiikrita rikaaeaa.
संबंधित उदाहरणों का वर्गीकरण कीजिए और अपने सुझाव लिखिए।,Classify the relevant examples and write your suggestions.,संबंधित उदाहरण कोरा: वर्गीकरण रिकाएआ ओड़ो: आपान सुझाव ओलकेदाए।,sanbandhita udaaharana koraa: wargiikarana rikaaeaa oda़o: aapaana sujhaawa olakedaae.
अपने निष्कर्ष प्रस्तुत करने से संबंधित उदाहरणों को वर्गीकृत करें।,Categorize the examples as they relate to presenting your conclusion.,आपान निष्कर्ष प्रस्तुत केआते संबंधित उदाहरण को वर्गीकृत रिकाएआ।,aapaana nishkarsha prastuta keaate sanbandhita udaaharana ko wargiikrita rikaaeaa.
जीवनी पढ़ने से संबंधित उदाहरणों का वर्गीकरण कीजिए।,Classify examples related to reading biographies.,ओड़ो: जीवनी पढ़व ते संबंधित उदाहरण कोरा: वर्गीकरण रिकाएआ।,oda़o: jiiwanii padha़wa te sanbandhita udaaharana koraa: wargiikarana rikaaeaa.
विषय पर चर्चा से संबंधित उदाहरणों को वर्गीकृत करें।,Categorize examples as related to the topic being discussed.,विषय रे चर्चा ते संबंधित उदाहरण को वर्गीकृत रिकाएआ।,wishaya re charchaa te sanbandhita udaaharana ko wargiikrita rikaaeaa.
वस्तुओं की पहचान से संबंधित उदाहरणों का वर्गीकरण कीजिए।,Classify examples related to identification of objects.,ओड़ो: वस्तु कोआ: पहचान ते संबंधित उदाहरण कोआ: वर्गीकरण रिकाएआ।,oda़o: wastu koaa: pahachaana te sanbandhita udaaharana koaa: wargiikarana rikaaeaa.
आरेख लेबल से संबंधित उदाहरणों को वर्गीकृत करें।,Classify the examples related to the diagram labels.,आरेख लेबल ते संबंधित उदाहरण को वर्गीकृत ताइकेना।,aarekha lebala te sanbandhita udaaharana ko wargiikrita taaikenaa.
तालिका को पूर्ण करने से संबंधित उदाहरणों का वर्गीकरण कीजिए।,Classify examples related to completing the table.,रआः तालिका ते संबंधित उदाहरण कोरा: वर्गीकरण रिकाएआ।,raaah taalikaa te sanbandhita udaaharana koraa: wargiikarana rikaaeaa.
एक सूची बनाएं पर एक संक्षिप्त रिपोर्ट तैयार करें।,Prepare a short report on Make a List.,मिआद सूची बाइकेआते मिआद संक्षिप्त रिपोर्ट तैयार केदाएः।,miaada suuchii baaikeaate miaada sankshashipta riporta taiyaara kedaaeh.
मानचित्र बनाने पर एक संक्षिप्त रिपोर्ट तैयार करें।,Prepare a brief report on map making.,रआः मानचित्र बाइ रे मिआद संक्षिप्त रिपोर्ट तैयार केदाएः।,raaah maanachitrara baai re miaada sankshashipta riporta taiyaara kedaaeh.
एकत्रित जानकारी पर एक संक्षिप्त रिपोर्ट तैयार करें।,Prepare a brief report on the information gathered.,मिआदत्रित जानकारी रे मिआद संक्षिप्त रिपोर्ट तैयार केदा।,miaadatrarita jaanakaarii re miaada sankshashipta riporta taiyaara kedaa.
एक चार्ट तैयार करने पर एक संक्षिप्त रिपोर्ट तैयार करें।,Prepare a brief report on the preparation of a chart.,मिआद चार्ट तैयार केआते मिआद संक्षिप्त रिपोर्ट तैयार केदा।,miaada chaarta taiyaara keaate miaada sankshashipta riporta taiyaara kedaa.
रिपोर्ट लिखने पर एक संक्षिप्त रिपोर्ट तैयार करें।,Prepare a brief report on report writing.,एटा: रिपोर्ट लिखव रे मिआद संक्षिप्त रिपोर्ट तैयार केदा।,etaa: riporta likhawa re miaada sankshashipta riporta taiyaara kedaa.
चित्र के अवलोकन पर एक संक्षिप्त रिपोर्ट तैयार करें।,Prepare a brief report on your observation of the picture.,ने चित्ररा: अवलोकन रे मिआद संक्षिप्त रिपोर्ट तैयार केदा।,ne chitrararaa: awalokana re miaada sankshashipta riporta taiyaara kedaa.
वस्तुओं को वर्गीकृत करने पर एक संक्षिप्त रिपोर्ट तैयार करें।,Prepare a brief report on classifying objects.,ओड़ो: वस्तु को वर्गीकृत रे मिआद संक्षिप्त रिपोर्ट तैयार केदा।,oda़o: wastu ko wargiikrita re miaada sankshashipta riporta taiyaara kedaa.
जोड़ियों के मिलान पर एक संक्षिप्त रिपोर्ट तैयार करें।,Prepare a brief report on the matching of pairs.,ओड़ोः जोड़िकोआः मिलान रे मिआद संक्षिप्त रिपोर्ट तैयार केदाएः।,oda़oh joda़ikoaah milaana re miaada sankshashipta riporta taiyaara kedaaeh.
रिक्त स्थानों की पूर्ति पर एक संक्षिप्त रिपोर्ट तैयार करें।,Prepare a short report on filling in the blanks.,रिक्त स्थानकोआः पूर्ति रे मिआद संक्षिप्त रिपोर्ट तैयार केदाएः।,rikta sthaanakoaah puurti re miaada sankshashipta riporta taiyaara kedaaeh.
कक्षा के माप पर एक संक्षिप्त रिपोर्ट तैयार करें।,Prepare a brief report on the classroom measurements.,कक्षा रेआ माप रे मिआद संक्षिप्त रिपोर्ट तैयार केदा।,kakshashaa reaa maapa re miaada sankshashipta riporta taiyaara kedaa.
परिणाम रिकॉर्ड पर एक संक्षिप्त रिपोर्ट तैयार करें।,Prepare a brief report on the result record.,रआः परिणाम रिकॉर्ड रे मिआद संक्षिप्त रिपोर्ट तैयार केदा।,raaah parinaama rikaॉrda re miaada sankshashipta riporta taiyaara kedaa.
दो उदाहरणों की तुलना पर एक संक्षिप्त रिपोर्ट तैयार करें।,Prepare a short report comparing the two examples.,बरन उदाहरण कोआ: तुलना रे मिआद संक्षिप्त रिपोर्ट तैयार केदा।,barana udaaharana koaa: tulanaa re miaada sankshashipta riporta taiyaara kedaa.
एक पोस्टर तैयार करने पर एक संक्षिप्त रिपोर्ट तैयार करें।,Prepare a short report on the design of the poster.,मिआद पोस्टर तैयार केआते मिआद पोस्टर तैयार केदाएः।,miaada postara taiyaara keaate miaada postara taiyaara kedaaeh.
साक्षात्कार के संचालन पर एक संक्षिप्त रिपोर्ट तैयार करें।,Prepare a brief report on the conduct of the interview.,सोबेन साक्षात्कार राः संचालन रे मिआद संक्षिप्त रिपोर्ट तैयार केदाएः।,sobena saakshashaatkaara raah sanchaalana re miaada sankshashipta riporta taiyaara kedaaeh.
किसी स्थानीय स्थान के दौरे पर एक संक्षिप्त रिपोर्ट तैयार करें।,Prepare a short report on a visit to a local place.,सोबेन स्थानीय स्थान रे मिआद संक्षिप्त रिपोर्ट तैयार केदा।,sobena sthaaniiya sthaana re miaada sankshashipta riporta taiyaara kedaa.
एकत्रित तस्वीरों पर एक संक्षिप्त रिपोर्ट तैयार करें।,Prepare a brief report on the photographs collected.,मिआदत्रित तस्वीरकोरे मिआद संक्षिप्त रिपोर्ट तैयार केदा।,miaadatrarita taswiirakore miaada sankshashipta riporta taiyaara kedaa.
एक एल्बम तैयार करने पर एक संक्षिप्त रिपोर्ट तैयार करें।,Prepare a short report on the preparation of an album.,मिआद एल्बम तैयार केआते मिआद एल्बम तैयार केदाएः।,miaada elbama taiyaara keaate miaada elbama taiyaara kedaaeh.
एक मॉडल बनाने पर एक संक्षिप्त रिपोर्ट तैयार करें।,Prepare a brief report on building a model.,मिआद मॉडल बाइ रे मिआद संक्षिप्त रिपोर्ट तैयार केदा।,miaada maॉdala baai re miaada sankshashipta riporta taiyaara kedaa.
इस पर एक संक्षिप्त रिपोर्ट तैयार करें और अपने सुझाव लिखें।,Prepare a short report on this and write your suggestions.,नेआ रे मिआद संक्षिप्त रिपोर्ट तैयार केदा ओड़ो: आपान सुझाव ओल केदा।,neaa re miaada sankshashipta riporta taiyaara kedaa oda़o: aapaana sujhaawa ola kedaa.
अपने वर्तमान निष्कर्षों पर एक संक्षिप्त रिपोर्ट तैयार करें।,Prepare a brief report on your current findings.,आपान वर्तमान निष्कर्ष रे मिआद संक्षिप्त रिपोर्ट तैयार केदाएः।,aapaana wartamaana nishkarsha re miaada sankshashipta riporta taiyaara kedaaeh.
किसी जीवनी को पढ़ने पर एक संक्षिप्त रिपोर्ट तैयार करें।,Prepare a short report on reading a biography.,सोबेन जीवनी को पढ़व रे मिआद संक्षिप्त रिपोर्ट तैयार केदा।,sobena jiiwanii ko padha़wa re miaada sankshashipta riporta taiyaara kedaa.
विषय पर चर्चा पर एक संक्षिप्त रिपोर्ट तैयार करें।,Prepare a short report on the topic discussed.,विषय रे चर्चा रे मिआद संक्षिप्त रिपोर्ट तैयार केदा।,wishaya re charchaa re miaada sankshashipta riporta taiyaara kedaa.
वस्तुओं की पहचान पर एक संक्षिप्त रिपोर्ट तैयार करें।,Prepare a brief report on the identification of objects.,ओड़ो: वस्तु कोआ: पहचान रे मिआद संक्षिप्त रिपोर्ट तैयार केदा।,oda़o: wastu koaa: pahachaana re miaada sankshashipta riporta taiyaara kedaa.
आरेख लेबल पर एक संक्षिप्त रिपोर्ट तैयार करें।,Prepare a brief report on the diagram labels.,आरेख लेबल रे मिआद संक्षिप्त रिपोर्ट तैयार केदा।,aarekha lebala re miaada sankshashipta riporta taiyaara kedaa.
संपूर्ण तालिका पर एक संक्षिप्त रिपोर्ट तैयार करें।,Generate a brief report on the entire table.,संपूर्ण तालिका रे मिआद संक्षिप्त रिपोर्ट तैयार केदा।,sanpuurna taalikaa re miaada sankshashipta riporta taiyaara kedaa.
एक सूची बनाने के बारे में अपने निष्कर्ष प्रस्तुत करें।,Present your findings on how to make a list.,आपान मिआद सूची बाइ बारे रे आपान निष्कर्ष प्रस्तुत केदा।,aapaana miaada suuchii baai baare re aapaana nishkarsha prastuta kedaa.
मानचित्र बनाने के बारे में अपने निष्कर्ष प्रस्तुत करें।,Present your findings about map making.,आपान मानचित्र बाइ राः बारे रे आपान निष्कर्ष प्रस्तुत केदा।,aapaana maanachitrara baai raah baare re aapaana nishkarsha prastuta kedaa.
एकत्रित जानकारी के बारे में अपने निष्कर्ष प्रस्तुत करें।,Present your conclusions about the information gathered.,मियदत्रित जानकारी बारे रे आपान निष्कर्ष प्रस्तुत केदा।,miyadatrarita jaanakaarii baare re aapaana nishkarsha prastuta kedaa.
एक चार्ट तैयार करने के बारे में अपने निष्कर्ष प्रस्तुत करें।,Present your findings on creating a chart.,मिआद चार्ट तैयार रआः बारे रे आपान निष्कर्ष प्रस्तुत केदाएः।,miaada chaarta taiyaara raaah baare re aapaana nishkarsha prastuta kedaaeh.
एक रिपोर्ट लिखने के बारे में अपने निष्कर्ष प्रस्तुत करें।,Present your findings in writing a report.,मिआद रिपोर्ट लिखव बारे रे आपान निष्कर्ष प्रस्तुत केदा।,miaada riporta likhawa baare re aapaana nishkarsha prastuta kedaa.
चित्र के अवलोकन के बारे में अपने निष्कर्ष प्रस्तुत करें।,Present your conclusions about the observation of the picture.,आपान चित्ररा: अवलोकन बारे रे आपान निष्कर्ष प्रस्तुत केदा।,aapaana chitrararaa: awalokana baare re aapaana nishkarsha prastuta kedaa.
वस्तुओं को वर्गीकृत करने के बारे में अपने निष्कर्ष प्रस्तुत करें।,Present your conclusions about classifying objects.,आपान वस्तु को वर्गीकृत रआः बारे रे आपान निष्कर्ष प्रस्तुत केदा।,aapaana wastu ko wargiikrita raaah baare re aapaana nishkarsha prastuta kedaa.
जोड़ियों के मिलान के बारे में अपने निष्कर्ष प्रस्तुत करें।,Present your conclusions about matching the pairs.,आपान जोड़िकोआः मिलान बारे रे आपान निष्कर्ष प्रस्तुत केदाएः।,aapaana joda़ikoaah milaana baare re aapaana nishkarsha prastuta kedaaeh.
रिक्त स्थानों की पूर्ति के बारे में अपने निष्कर्ष प्रस्तुत करें।,Present your conclusions about filling in the blanks.,एटा: स्थानकोआ: पूर्ति रा: बारे रे आपान निष्कर्ष प्रस्तुत केदाए।,etaa: sthaanakoaa: puurti raa: baare re aapaana nishkarsha prastuta kedaae.
कक्षा के माप के बारे में अपने निष्कर्ष प्रस्तुत करें।,Present your conclusions about the orbit measurements.,आपान कक्षारा: माप रा: बारे रे आपान निष्कर्ष प्रस्तुत केदा।,aapaana kakshashaaraa: maapa raa: baare re aapaana nishkarsha prastuta kedaa.
परिणाम रिकॉर्ड करने के बारे में अपने निष्कर्ष प्रस्तुत करें।,Present your findings about recording the results.,आपान परिणाम रिकॉर्ड रिका बारे रे आपान निष्कर्ष प्रस्तुत केदा।,aapaana parinaama rikaॉrda rikaa baare re aapaana nishkarsha prastuta kedaa.
दो उदाहरणों की तुलना के बारे में अपने निष्कर्ष प्रस्तुत करें।,Present your conclusions about comparing the two examples.,बरन उदाहरण कोआ: तुलना रे आपान निष्कर्ष प्रस्तुत केदा।,barana udaaharana koaa: tulanaa re aapaana nishkarsha prastuta kedaa.
एक पोस्टर तैयार करने के बारे में अपने निष्कर्ष प्रस्तुत करें।,Present your findings in a poster.,मिआद पोस्टर तैयार रआः बारे रे आपान निष्कर्ष प्रस्तुत केदाएः।,miaada postara taiyaara raaah baare re aapaana nishkarsha prastuta kedaaeh.
साक्षात्कार के संचालन के बारे में अपने निष्कर्ष प्रस्तुत करें।,Present your conclusions about conducting the interview.,आपान साक्षात्काररा: संचालन बारे रे आपान निष्कर्ष प्रस्तुत केदा।,aapaana saakshashaatkaararaa: sanchaalana baare re aapaana nishkarsha prastuta kedaa.
किसी स्थानीय स्थान की यात्रा के बारे में अपने निष्कर्ष प्रस्तुत करें।,Present your findings about a trip to a local place.,आपान स्थानीय स्थानरा: यात्रारा: बारे रे आपान निष्कर्ष प्रस्तुत केदाए।,aapaana sthaaniiya sthaanaraa: yaatraraaraa: baare re aapaana nishkarsha prastuta kedaae.
एकत्रित तस्वीरों के बारे में अपने निष्कर्ष प्रस्तुत करें।,Present your findings about the collected photographs.,मियदत्रित तस्वीरको बारे रे आपान निष्कर्ष प्रस्तुत केदा।,miyadatrarita taswiirako baare re aapaana nishkarsha prastuta kedaa.
एक एल्बम तैयार करने के बारे में अपने निष्कर्ष प्रस्तुत करें।,Present your findings about creating an album.,मिआद एल्बम तैयार रआः बारे रे आपान निष्कर्ष प्रस्तुत केदाएः।,miaada elbama taiyaara raaah baare re aapaana nishkarsha prastuta kedaaeh.
एक मॉडल बनाने के बारे में अपने निष्कर्ष प्रस्तुत करें।,Present your findings about building a model.,मिआद मॉडल बाइ बारे रे आपान निष्कर्ष प्रस्तुत केदाएः।,miaada maॉdala baai baare re aapaana nishkarsha prastuta kedaaeh.
"इस बारे में अपने निष्कर्ष प्रस्तुत करें, अपने सुझाव लिखें।","Present your conclusions about this, write your suggestions.",नेआ बारे रे आपान निष्कर्ष प्रस्तुत केदाएः।,neaa baare re aapaana nishkarsha prastuta kedaaeh.
वर्तमान के बारे में अपने निष्कर्ष प्रस्तुत करें अपने निष्कर्ष प्रस्तुत करें।,Present your conclusions about the present Present your conclusions.,वर्तमानरा: बारे रे आपान निष्कर्ष प्रस्तुत केदाए आपान निष्कर्ष प्रस्तुत केदाए।,wartamaanaraa: baare re aapaana nishkarsha prastuta kedaae aapaana nishkarsha prastuta kedaae.
किसी जीवनी को पढ़ने के बारे में अपने निष्कर्ष प्रस्तुत करें।,Present your conclusions about reading a biography.,आपान जीवनी को पढ़व बारे रे आपान निष्कर्ष प्रस्तुत केदा।,aapaana jiiwanii ko padha़wa baare re aapaana nishkarsha prastuta kedaa.
विषय पर चर्चा के बारे में अपने निष्कर्ष प्रस्तुत करें।,Present your conclusions about the topic discussed.,आपान विषय रे चर्चारा: बारे रे आपान निष्कर्ष प्रस्तुत केदा।,aapaana wishaya re charchaaraa: baare re aapaana nishkarsha prastuta kedaa.
वस्तुओं की पहचान के बारे में अपने निष्कर्ष प्रस्तुत करें।,Present your conclusions about the identification of the objects.,आपान वस्तु कोआ: पहचान बारे रे आपान निष्कर्ष प्रस्तुत केदा।,aapaana wastu koaa: pahachaana baare re aapaana nishkarsha prastuta kedaa.
लेबल आरेख के बारे में अपने निष्कर्ष प्रस्तुत करें।,Present your conclusions about the labeled diagram.,ओड़ो: लेबल आरेख बारे रे आपान निष्कर्ष प्रस्तुत केदाए।,oda़o: lebala aarekha baare re aapaana nishkarsha prastuta kedaae.
संपूर्ण तालिका के बारे में अपने निष्कर्ष प्रस्तुत करें।,Present your conclusions about the entire table.,आपान संपूर्ण तालिकारा: बारे रे आपान निष्कर्ष प्रस्तुत केदा।,aapaana sanpuurna taalikaaraa: baare re aapaana nishkarsha prastuta kedaa.
सूची बनाओ गतिविधि के परिणाम पर चर्चा करें।,Make a list and discuss the outcome of the activity.,गतिविधि रआः परिणाम रे चर्चा ताइकेना।,gatiwidhi raaah parinaama re charchaa taaikenaa.
मानचित्र बनाने की गतिविधि के परिणाम पर चर्चा करें।,Discuss the outcome of the map-making activity.,ओड़ो: मानचित्र बाइ रा: परिणाम रे चर्चा मेनाः।,oda़o: maanachitrara baai raa: parinaama re charchaa menaah.
सूचना एकत्रित करने की गतिविधि के परिणाम पर चर्चा करें।,Discuss the outcome of the information gathering activity.,रआः सूचना मिआदत्रित राः परिणाम रे चर्चा केदाएः।,raaah suuchanaa miaadatrarita raah parinaama re charchaa kedaaeh.
चार्ट गतिविधि तैयार करने के परिणाम पर चर्चा करें।,Discuss the outcome of the charting activity.,चार्ट गतिविधि तैयार रआः परिणाम रे चर्चा मेनाः।,chaarta gatiwidhi taiyaara raaah parinaama re charchaa menaah.